text,label
Cuaca mendung gini biar hatinya gak ikutan mendung mending kamu dengerin 91.60FM sekarang. Dijamin jadi semangat deh. Yuks ah,Tidak Ada
"Beberapa hari ini males banget ngetweet, pengen copas tweet orang aja deh.",Ringan
"Ngeliat timeline berjam2 aja betah banget, tp ngeliat buku pelajaran semenit aja udh males banget.",Tidak Ada
"Selamat siang! Biar semangat, #TebakMizone dulu nih! Knp ada 5 orang jalan di bawah 1 payung kecil, tapi gak ada satupun yg kehujanan? :)",Tidak Ada
"Semangat bro! ""@Nicky_pejantan: Masalah datang silih berganti ... (҂'̀⌣'́)9 gak kuatt si huffs""",Tidak Ada
"Bio-mu bawa2 nama Allah malu ah kalau gak semangat -&gt; @Titarosita24: @JamilAzzaini kakek minta semangatnya donk pagi ini :)""",Tidak Ada
Kalo gak ada nenek aku gak bisa semangat....nenek terimakasih yaa..;),Tidak Ada
hidup udah kaya hologram males banget -_-,Tidak Ada
Males banget ke kampus lagi :(,Tidak Ada
"#Aries Namanya juga udah nyaman,mau suka sama orang lain males banget,udah ah fix di kamu aja ♥♥",Tidak Ada
"Yapss benar! Atlantis itu atau yang sering disebut ""The Lost World of Atlantis"" itu sebuah benua yang hilang.. GNa mau bahas sedikit. Minat?",Tidak Ada
"Selamat pagi! Semangat ya menjalani hari ini. Jangan pikirin kesalahan kemarin, jadiin pelajaran aja supaya gak terulang lagi!",Tidak Ada
"Gak berasa udah hari senin I-Listeners, supaya tambah semangat begadang langsung staytune di 96,0FM #SiaranTengahMalam bersama @indraimel",Tidak Ada
Muahahaha. MUAHAHAHA. RT @commaditya: Males banget @JennyJusuf banyak bener submit #UltimateStatement nya 8))) (kayanya kalah nih),Tidak Ada
"Klik setuju gak dgn = ""Tak ada awal, tak ada akhir. Adanya semangat u/ terus mengejar passion""? #bebaskanlangkah",Tidak Ada
"#Aries Namanya juga udah nyaman,mau suka sama orang lain males banget,udah ah fix di kamu aja ♥♥",Tidak Ada
"#Aries Namanya juga udah nyaman,mau suka sama orang lain males banget,udah ah fix di kamu aja♥♥",Tidak Ada
sekarang knapa gua males banget buka twitter yaa biasanya gua buka twitter truss,Tidak Ada
"Rumah gue deket banget sama sekolahan, SD, SMP, kampus aja ada. Makanya gampang nyari jajanan, cuma kudu ngelawan males. :)))",Tidak Ada
Gak semangat sama sekali !,Ringan
"Siap ""@Aniv_Sudiro: Lebih semangat lagi belajarnya :-) ""@Tory_Sudiro: Gak terasa besok dah masuk kuliah lagi niiii""""",Tidak Ada
"Gue bisa nasehatin temen gue supaya semangat, gak sedih lagi, tapi buat nasehatin diri gue sendiri, gue gak bisa. :')",Ringan
Ini komentator Barca - Valencia kayak gak semangat gini -__-,Ringan
Tetap semangat walau mention gw gak pernah dibls sama @AlvaroMaldini1,Tidak Ada
elu harus tetep semangat fa.. gak boleh pesimis gituh.. masa kalah sama aburizal bakrie.. RT @FarhiyaAR: Suck!,Tidak Ada
"Kalo males, itu balik ke diri sendiri sih. RT @inayfitnau: kevinchoc cara ngilangin males buat ngeblog apaan-__- males banget buat nulis nih",Tidak Ada
"Hari boleh libur, semangat gak ikut libur. Maju terus pantang mundur!",Tidak Ada
"Semangat neng;)""@nafaurbach15: hrus bs kek gini lagiii ... harusss!!! gak mau tau (sambil lari ditempat) hahahah",Tidak Ada
"Kalau yg 30K acano? ;) ""RT @AmiraBakri Tweet kau smpai 100k . Mesti hidup kau boring kan ? Sampai semua benda nak update . Pfft",Tidak Ada
"#Aries Namanya juga udah nyaman,mau suka sama orang lain males banget,udah ah fix di kamu aja♥♥",Tidak Ada
anak muda gak boleh pesimis.. semangat !!! RT @novriandysss: udah 29 kali gua mention lu gak pernah dibales poh,Tidak Ada
males banget,Tidak Ada
"#Aries itu selalu semangat jika melakukan sesuatu yang disukainya, asal gak lagi mager dan malas aja ~ &gt;&lt;",Ringan
#Gemini Males banget flashback! Bikin nyesek doang yg ada. :'),Tidak Ada
pagi hari itu di awali dengan semangat dan senyuman jangan rusak mood dgn hal yg gak penting. selamat pagi ladies... #ZonaCewek,Tidak Ada
Seng isuk-isuk wes semangat gak males-malesan iku (insya allah) cidek karo rejeki,Tidak Ada
Mereka yg terlihat kuat adalah mereka yg sengaja gak nunjukin masalahnya. Kadang mereka yg terlihat kuat adalah mereka yg butuh semangat.,Tidak Ada
Yang lagi banyak tugas/kegiatan sekolah SEMANGAT yaaa! Karena yang namanya 'TUGAS' gak bakal pernah berhenti datang sampai kapanpun(?),Tidak Ada
Males banget kalo cewe paling cakep se-angkatan ga sekelas sama kita #JujurDeh,Tidak Ada
dengerin lagu yang semangat syuu! RT @ichaastria: min gimana caranya balikim mood yang tiba-tiba lagi gak bagus?? #InsomGENFM,Tidak Ada
kadang emang ngga pengen keluar karena waktu buat males-malesan glapak-glepek layah-leyeh sendirian di kosan berharga banget.,Tidak Ada
Semua juga butuh penyemangat / support kalo gak memberi semangat / support seenggaknya ya jgn meremehkan,Tidak Ada
"Selamat menjalani hari Jumat, anakLangit! besok sudah akhir pekan, gak terasa ya... Ayo harusnya kita hari ini lebih semangat :D",Tidak Ada
"Aries itu orang-nya suka kebanyakan males-nya. tapi kalau misalnya udah rajin mah jangan ditanya, pasti rajin banget. #WeAreAries",Tidak Ada
"Gue bisa nasehatin temen gue supaya semangat, gak sedih lagi, tapi buat nasehatin diri gue sendiri, gue gak bisa. :')",Ringan
Hah anjing males banget usernamenya. RT @Kejut_Bahu: @ustadchen @GONGJUNlM @hensemkris @chanzino @shixunie @may_october @ichaerin_,Tidak Ada
Man United udah kayak gak punya semangat menang sekarang?,Tidak Ada
"memang gak semua admin akun Aremania atau Bobotoh sependapat,, tapi apa salahnya memunculkan semangat ""Rivalitas berbalut Sportivitas""",Tidak Ada
"Kalibata city aja, jangan lupa fr gan. RT @bintangbete: Dari mampang mau pulang ke bekasi males, macet banget. Mampir kemana ya",Tidak Ada
Kenapa disaat gue udah semangat tapi malah banyak masalah yang mendera ngebuat gue jadi gak semangat . #tweetkicau,Ringan
@yohanwibie @rialupitaa semangat! biar gak K.O &amp; miring :D,Tidak Ada
Kalau itu pilihan kamu ya gak papa ...tetep semangat ...,Tidak Ada
"@hartawan_22 Old Trafford memang gak seangker biasanya, tapi sepertinya ada semangat tersendiri krn di liga mereka sedang kacau.",Tidak Ada
"ngeri RT @roygrace2: @RealMadridindo1 Resiko admin ya gini, gak pernah nonton dgn puas, semangat min #HalaMadrid",Tidak Ada
"“aku”, bukan “aq” atau “ak”. Males banget sih ngetik dengan lengkap dan benar?! Aq gak suka! ( ˘̶̀• ̯•˘̶́)",Tidak Ada
Pengen berubah. Tp males. Tp udah capek hidup begini. Tp males. Tp udah eneg banget. Tp males. Ya ud tetep gini aja.,Berat
Kriteria ransel pilihan saya: 1. Harus ringan. Males banget kalau belum ditaruh apa-apa sudah berat. (3),Tidak Ada
"@fennyhai ayooo semangat dong, biar gak miring :D",Tidak Ada
"Udah malem, kalo kamu menyatakan cinta sekarang jangan sedih kalo gak ada tanggepan. Mungkin aku udah tidur. Tetep semangat ya~",Tidak Ada
males banget gw,Tidak Ada
"@TataIthaaaa masih bisa dongg, tapi gak secepat ketika kamu di usia pertumbuhan yaa hehehe tetap semangat! (^^)9",Tidak Ada
"Males banget ketemu orang kaya gini pas liburan: ""7 Orang Paling Menyebalkan Selama Liburan""",Tidak Ada
"MBDC udah ngerti kamu banget, kamu males gara-gara ini kan: ""4 Alasan Kamu Males Masuk Kuliah""",Tidak Ada
"Bangun pagi, yang diliat handphone terus nyapa Honda Lovers = SEMANGAT! Brosis semangat gak kalo di sapa mimin? ;)",Tidak Ada
"Kamu tetep cantik kok meskipun gak bisa jadian sama aku, tetep semangat ya. Met malem semua~",Tidak Ada
APA?“@annabjusuf: Yaaah sayang banget. Padahal baru mau ajak jalan-jalan. RT@AndovidaLopez: Minggu Malam ya? Berarti besok senin? Males ah.”,Tidak Ada
"#Cancer Namanya juga udah nyaman,mau suka sama orang lain males banget,udah ah fix di kamu aja♥",Tidak Ada
"Sebenernya sih udah males berkaitan sama yg namanya mantan. Tapi ya gitu, dulunya sayang banget, sekarang juga lupain nya susah banget.",Tidak Ada
@RisnaSD ya gak mau cerita ya...:(..gpp kok gak cerita yang penting tetep semangat aja jangan sampek kalah dengan rasa apapun semangat nya..,Tidak Ada
"#SabtuRelationship Jangan banjir yang bikin jadi gak semangat, Telkomsel friends! Gimana dgn kirim bantuan brg pasangan ke para korban? :)",Ringan
"selamat pagi mitra olahraga....yang kena banjir tetap semangat yaaaa!! kalo kata @slankdotcom ""kuatin semangat biar gak lemah""",Tidak Ada
"Cewek kalo udah males sm cowok pasti males banget, kalo udh benci, ya benci banget kalo sayang, pasti sayang banget.",Tidak Ada
"""@newsplatter: @vipertongue *manly hug and squeeze nipples*"" | males banget ngebayanginnya...",Tidak Ada
"Dimulai dari belajar kelola keuangan, susah bukan berarti gak bisa, semangat ^^",Tidak Ada
nathan nggak suka pelajaran sejarah. ini saya banget pas sma. sejarah itu kebanyakan ceritanya jadi males ngapalin. =)) #tearsinheaven,Tidak Ada
Good morning Friday! Gak kerasa yah.. besok udah Weekend lagi! Semangat beraktifitas ya K-Lo! -,Tidak Ada
"Juara segernya! Tiap siaran pagi jd lbh semangat! RT @OriginSourceID: Halo @RockNal , kumaha mandi pakai kekuatan 7,927 mint asli seru gak?",Tidak Ada
Heiii mett sianggg @beyvers hari ini gimana lancar gak? Walaupun hujan tetep semangat &amp; tetap semangat syuting nya kakkev @kkambey93 ;;),Tidak Ada
"""Walaupun pendidikn tinggi, tapi gak punya kemauan &amp; semangat u/ berubah, gak mungkin jadi orang sukses"" - Aziz Gagap",Tidak Ada
"Jd males maen di tweet, disini sepi banget. Mending di FB atao Google",Tidak Ada
26. Jelaslah bhw menolong korban musibah itu gak mungkin cuma dgn semangat pencitraan. #PartaiDanMusibah,Tidak Ada
males banget baca TL @hariankompas PKS diberitain gw takut kalo menang pemilu ntar Indonesia tambah maju &amp; sejahtera,Tidak Ada
"Selamat pagi Honda Lovers, yuk semangat beraktifitas biar rejekinya gak dipatok ayam :)",Tidak Ada
"Horas Medan. :) RT @Si_Abob: kalok dimedan. malas kali yung.!! RT @jarangmandi_ Mandi sore itu, kalo nggak males banget, ya males bingit.",Tidak Ada
"gUe gAk aL4Y! RT @Aditlate: Alay koe yung RT @jarangmandi_: Mandi sore itu, kalo nggak males banget, ya males bingit.",Tidak Ada
"Mandi sore itu, kalo nggak males banget, ya males bingit.",Tidak Ada
Aamiin:)RT @faridalfaeruz: @jenita_janet ... i like it. Gak pernah patah semangat. Terus berjuang. Semangat teh @YuKeepSmile_TTV,Tidak Ada
males banget ngeliat temen yang sok peduli padahal ada maunya doang!,Ringan
"Tahun baru, semangat belajarnya baru juga gak nih Teens? Heheheh HiLo Teen punya beberapa tips seru buat kamu! Ikutin terus ya! ;)",Tidak Ada
Selamat siang Akberians! Banjir di beberapa titik dan erupsi Sinabung semoga gak menyurutkan semangat berbagi ya,Tidak Ada
lagi sakit jadi gak masuk dulu pa lagi BB males caz x jadi 2 hari libur gak pegang BB :'( :'( :( :( #Sedih banget,Ringan
Gloomy Monday ... tapi gak bikin kalian patah semangat utk beraktivitas di hari Senin ini kan? ;),Tidak Ada
"Macet. Terlambat kerja. Jadwal berantakan. Semangat, kamu gak sendiri utk jd org yg mau berusaha .. :*",Tidak Ada
#Cumannanya males banget itu kalau udah di Kasur tapi tiba2 ....?(--),Tidak Ada
"Semangat""@CVcassieversJKT: @cassandrasleee besok aku ulangan matematika lho :) kmu mau gak ucapin aku agar nilaiku bagus :) ?""",Tidak Ada
"Kang @ridwankamil mohon jomblo ini disantuni =&gt; ""@ajiwar: Di TL gw kayanya gw satu2 orang yg semangat mention walikota tp gak dijawab2""",Tidak Ada
Justru semangat bro! Yg gak kuliah aja bisa.. Apalagi yg kuliah! Positif dong RT @tonny_182: Malah bikin nge drop yg pada kuliah nih -___-,Tidak Ada
"Selamat buat semua yang sudah ditelepon KompasTV, sampai jumpa dipanggung #SUCI4. Yang gak ditelepon tetap semangat yah..!!!",Tidak Ada
@falla_adinda aku aja udah males banget pake wedges. Kalau gak resmi banget mending pake flat/Toms. 😑,Tidak Ada
Cuaca mendung gini biar hatinya gak ikutan mendung mending kamu dengerin 91.60FM sekarang. Dijamin jadi semangat deh. Yuks ah,Tidak Ada
kok gue bisa?? coba yang gak bisa ganti country jadi indonesia kalo masih tetep gak bisa ya yaudah apa boleh buat semangat terus kawan,Tidak Ada
"@rahmarss semangat, semangat ya sahabat! :D gak bs dateng di Penghargaan WMM, bs menghibur diri di Expo-nya. Sama2 keren dan inspiratif kok.",Tidak Ada
"Gak peduli masalah opo ae sing kok adepi dino iki, selama umak sik osi ngipi, wujudno impianmu iku. Semongko *semangat sampek bongko",Tidak Ada
Ada yang merasa terlambat untuk sukses gak? Jangan patah semangat dulu. Nih ada tokoh yang sukses di usia 30an.,Tidak Ada
"Kemaren gue diajakin Lyra Virna karokean bareng Lulu Tobing. Males banget, palingan modus minta dipangku.",Tidak Ada
#cumannanya males banget olahraga: a.lari b.roll depan/belakang c. ... ?,Tidak Ada
"masuk jam 3 sore, masih semangat kerja? Gak ngantuk kan?? Siap2 sebentar lagi #ROCKGASM akan membahana",Tidak Ada
Wilayah #Pati kayak gak musim hujan saja. Panasnya sangat menyengat badan membakar pikiran kita utk tetap semangat..!!! (via @kiswanto_sp),Tidak Ada
"Ngeliat timeline berjam2 aja betah banget, tp ngeliat buku pelajaran semenit aja udh males banget.",Tidak Ada
Sore begini mesti banget ya males mandi? Pengin tiduran mulu dah.,Tidak Ada
Cuaca mendung gini biar hatinya gak ikutan mendung mending kamu dengerin 91.60FM sekarang. Dijamin jadi semangat deh. Yuks ah,Tidak Ada
"Hujannya belum berhenti ya, sama kayak semangat relawan Akber yang gak pernah berhenti buat berbagi dan bikin kelas baru",Tidak Ada
"Semakin nggak enak kampus (fasilitas gak lengkap, wifi bapuk, dosen ribet) harusnya semakin semangat buat lulus cepat.",Tidak Ada
"Kalo lagi ujan seharian, bawaannya males banget buat pacaran #AlibiJomblo",Tidak Ada
"Semangat ya, lo pasti tau siapa yg pantas untuk lo pertahankan, jangan terpengaruh sama penilalian mereka yg gak tau siapa diri lo :)",Tidak Ada
Cuaca mendung gini biar hatinya gak ikutan mendung mending kamu dengerin 91.60FM sekarang. Dijamin jadi semangat deh. Yuks ah,Tidak Ada
Di dalam perjuangan nasional ada semangat besar membela kebebasan beragama. Mgk Felix gak pernah belajar sejarah. Jd ya mafhum aja.,Tidak Ada
"Xemangat pagi! Tweepscare, apa sih tips kamu kalo lg males banget kerja ?",Tidak Ada
"Males banget gerak mo belajar-,,-",Tidak Ada
Ciee yang ketemu hari senin lagi n gak semangat ciee #ciebangke,Ringan
Males banget belajar klo yang ngajar gurunya GALAK | #FaktaPelajar,Tidak Ada
"Pagi vroh! Ayo sekolah, jangan males. Nggak malu apa sama ullaaann yang pagi2 gini seger banget?! :)))",Tidak Ada
"Saat SEMANGAT Telah hilang dalam diri, Maka Bersiaplah Mengubur Kemenangan. Gak Mau Kan?",Tidak Ada
Males banget besok sekolah :((( belum puas liburan :(((,Tidak Ada
"Males banget, boring banget, badmood banget, bete banget, lemes banget, sebel banget, kesel banget, nyesel banget, gak berkesan banget.",Ringan
cowo itu kalo libur males banget bangun pagi. #KamarCowo,Tidak Ada
males banget klw di twitter gk ada yang kenal,Tidak Ada
"Sore K-Lo! Gimana Weekend kamu? Bsk udah hari Senin, semangat buat besok gak nih? Pasti msh inget kan Om pny Monday Special #KFCSnackAttack?",Tidak Ada
"Para Slanker saya kira perlu nonton Pilem, ""Slank Gak ada Matinye""…memberikan inspirasi kerasnya semangat untuk berubah, rocker syng emak.",Tidak Ada
#Cumannanya males banget buka twitter kalau.......?:)),Tidak Ada
"Semangat pagi mel :D RT @mel_zora: Pagi Min, Aku lg liburan dikampung, jd gak bs nonton IMS...krn listriknya baru nyala tar sore..jam 6",Tidak Ada
"Bisa ke @GrazeraCom :) RT @queen_dheea: Kalo beli online bisa gak min?? ""Gramedia: Semangat dong soalnya sbntr lg #OutOfTheBox beredar",Tidak Ada
Akhir akhir ini udh 2 taon aku kok males banget injak mol. Dari dulu sampe sekarang mol ga berubah. Baunya pun tetap. Malas akh !,Tidak Ada
@udjudj gak tau kasusnya apa. Tp Gub-Wagub skrg kata teman di Balai Kota serba tegas n semangat. Yg kerja gak sesuai disuruh minggir :),Tidak Ada
Hawa-hawa libur akhir pekan udah kecium nih! Ayo semangat selesaiin kerjaan biar gak kebawa lembur ;D,Tidak Ada
#Cancer mereka kalo rajin bisa rajin banget! Males? Males banget!,Tidak Ada
gawe seng dino iki gak prei yuk semangat cuk! Seng prei yuk mbangkong ae...,Tidak Ada
udah malem yah. tapi mau kerjain tugas males banget :(,Tidak Ada
sore ini lagi duduk2 aja dirmh males banget,Tidak Ada
"Tahun baru, semangat baru. Ya gak, SportLovers? Nobar bola juga makin semangat dooong? Jangan lupa upload foto...",Tidak Ada
"Gak libur. Tapi, gak loyo juga sik. Semangat!",Tidak Ada
"gw beli dpt diskon gak? RT @DroidStore_Indo: Tahun 2014 Kita harus lebih semangat dan maju lagi, bagi yang merasa butuh Powerbank,Sd card,",Tidak Ada
Mau males-malesan aja rasanya males banget. Dasar pemales.,Tidak Ada
males banget,Tidak Ada
#NyalakanSuluhMu :) RT @Iwang_puspa: Gak sabar dehh nunggu buku sekuelnya @MerryRiana yg sejuta suluh. Moga2 tambah bikin aku semangat :),Tidak Ada
"Tahun baru, semangat baru. Harus bisa jaga spirit nya sepanjang tahun, biar gak kendor sampe akhir tahun. Semangat! Ohof!:)",Tidak Ada
"Buat yg rencana bbq di hal rumah tp hujan gak putus2, ttp semangat. Pindahin acr ke dalam rumah. Ngariung di dapur-ruang makan",Tidak Ada
Parah banget lu no males. Insyaallah deh nanti yaabRT @retnoayungsh @ayuariantii mls lama2 yu mau ngapain kesini donggg kangen niccc{{{}}},Tidak Ada
"Motor gak usah baru, tapi harus ada semangat baru nih buat motor BeAT FI mimin. Saatnya pasang aksesoris dari #weloveHGP dong nih?",Tidak Ada
"6 batang gak boleh lebih @Ajiepakubumi Asudahlah "" liat tumpukan berkas laporan saja udah bikin males banget ini hari "" enak nya",Tidak Ada
Pagi Indosat Mania! Gak kerasa ya ini hari terakhir di tahun 2013. Sambut hari terakhir di tahun ini dengan penuh semangat ya!,Tidak Ada
Dino trakhir nang 2013... seng gak prei tetep semangat rek!,Tidak Ada
"Pengusaha itu antusias bangun setiap pagi. Semangat setiap hari. Gak perlu motivator, inspirator apalagi karburator :D",Tidak Ada
Males banget internet lemot : Bokep indo lokal,Tidak Ada
@githayusnia males banget ih kamu akunnya digembok. Huft~,Tidak Ada
"Yoi “@maybemikaa: 2 karya 1 bulan? Keren bang! Semangat!""@pandji: Gak sabar ingin memperkenalkan 2 karya terbaru gue di Januari 2014 :)""”",Tidak Ada
"ya sip kk, galau tetap galau,, hidup mah tetap dijalani :D RT @Nieyzar_ life must go on kk, hati boleh galau, tapi semangat gak boleh putus",Tidak Ada
Tau gak kenapa relawan akber semangat banget bakal ada #LLD di 2014? Karena eh karena di sana lebih dari sekedar kopdar nasional,Tidak Ada
#Pacaran bikin semangat belajar | Jadi semangatnya karna pacar? Hati-hati jangan sampai ilmunya gak berkah #JanganDekatiZina :'),Tidak Ada
Semangat yg gak kalah kuat juga dimiliki akberians Batam dan Padang dg membuka @akberbatam dan @akberpadang selamaaaat!,Tidak Ada
"&gt;&gt; RT @DikySoemarno semuanya main biasa aja, gak ada greget.. Gak bikin semangat nonton.. Bendol harus kerja keras #TrofeoPersija",Tidak Ada
"“@vinamadyanaw: @JpdrummerIMB kemarin renang :Dskrng mager dirumah,dikasih JP tpi gak kayak hari biasa sekolah3 #ChaChingID”tetap Semangat😊👍",Tidak Ada
"Mau-maunya follow, aku aja males bro RT @Farhanzii: dari followernya 4k sampe skrg 63k gue masih setia follow nih akun. kritis banget",Tidak Ada
Semangat liburan itu sama gak kaya bangun siang terus?,Tidak Ada
Cuma cewek-cewek cantik dan calon istri idaman banget yang jam segini udah bangun dan nggak males-malesan. &lt;3,Tidak Ada
Liat kamu jadi semangat. “@AnissaAssegaf: @my_supersoccer min lo jam segini gak laper ? Masih kenceng aja ngetweetnya :|”,Tidak Ada
"gak apa2. Makasih penyemangatnya RT @bilazasa: @ridwankamil pak semangat terus ya kerjanya, sabar aja kalau dihina2 gitu, da mereka mah",Tidak Ada
Malem minggu gak diapelin gpplah demi masa depan :D semangat kerja sayang :* @adhiian,Tidak Ada
"Iya, mending tidur lagi. RT @EnnyReny: Begini nih kalo weekend. Mager banget di kamar males liat air -__- Iya ngga yung?",Tidak Ada
"BIAR SEHAT'-')9 RT @hyurnwoo: AYO BUDAYAKAN OLAHRAGA//gak ""WeGotLoves: SKJ dulu coba biar semangat , ini masih pagi'3')// yg blm di",Tidak Ada
"semangat ya! rt @Nanaditsa Gapernh berhenti nunggu tuh~""@dsuperboy: Yakin. udah gak mau nungguin dia? Yakin cinta kamu segitu aja?""",Tidak Ada
Dih males banget deh dibanding-bandingin sama cewek!!,Tidak Ada
"#FaktaPelajar : Libur itu, jangankan belajar, nyentuh buku aja males banget :D",Tidak Ada
"Gampang sih, jangan males RT @RnlitaD: @/yeahmahasiswa ada tips gitu gak min biar semangat ngerjain tugas? ( ._.)",Tidak Ada
"Cewek kalo udah males sm cowok pasti males banget, kalo udh benci, ya benci banget kalo sayang, pasti sayang banget.",Tidak Ada
Bosen banget dirumah gak ada makanan gak ada minuman gak boleh main disuruh mandi males banget sih ya elah mau main temen udh pnggl g blh mn,Tidak Ada
@yossinda yo lek awakmu banget yo males. X)),Tidak Ada
#cumannanya males banget kalau olahraga: a.roll depan/belakang b.sikap lilin c. .. ?,Tidak Ada
":)) ""@kupinang: Maafkan saya. Gak ngerti maksud nafas Ilahi ""@ridhaguru: Semangat tak pernah padam dg nafas Ilahi @tausiyahku @peggymelatis",Tidak Ada
"Maafkan saya. Gak ngerti maksud nafas Ilahi ""@ridhaguru: Semangat tak pernah padam dg nafas Ilahi... @tausiyahku @pipietsenja @peggymelatis""",Tidak Ada
"Targetmu mungkin gak ""gue banget"" :) -&gt; @10_julianto: @jamilazzaini kek, udah nentuin target tp msh aja males buat gerak/action. Gmana tuh?",Tidak Ada
"Iya. Jengkel banget. RT @cord_wahyu: Pada maunya instan tuh, males mikir kali ya? :)",Tidak Ada
"Males ah pacaran sama kamu, peraturan nya ketat banget, kek hotpans cabe-cabe-an.",Tidak Ada
#Mention ke temen lo yang liburan males banget mandi :|,Tidak Ada
"Santai saja Pak @SBYudhoyono, masak presiden yg menaungi rakyat berbagai agama gak boleh ucapin natal. Semangat",Tidak Ada
"Namanya juga udah nyaman,mau suka sama orang lain males banget,udah ah fix dikamu aja. :')",Tidak Ada
"Kalo liat temen2 semangat rebutan dlm lelang, kita jg gak mau kan terus2an tdk mencapai target? Nah! =) #OneDayOneJuz",Tidak Ada
Ck! Anak baru ya? RT @cahya_tri: Kenapa namanya males banget? :| @malesbanget #TanyaJawabMBDC,Tidak Ada
"""@efa_fauziyah: @justinbieberID keciri banget tuh males scroll down *oops 😁"" biasanya sih gtu",Tidak Ada
"Dan ""Skripsi"" dicantumin di bio itu gak jamin kamu bakal semangat ngerjainnya loh gaiss.",Tidak Ada
"Semangat pak yoen :)) RT @yoen_k: Thanks, tapi gak gampang. Besok sudah naik 2 film lagi @abbasarap",Tidak Ada
"Semangat UAS, ojok ngerpek. Biar gak malu kalau demo korupsi, kan sama sama gak jujur tuh. SLMGNDK!",Tidak Ada
#retweet yang pagi ini males banget untuk beraktivitas,Tidak Ada
Males banget ya udah pengen liburan,Tidak Ada
"Kedua gelombang ini berbeda. Portugis semangan dengan #kristenisasi, sedang VOC (londo) gak terlalu semangat.",Tidak Ada
#cumannanya kartun yang dulu sering banget bikin kamu males mandi?:))),Tidak Ada
"Selamat kpd timnas sepakbola Indonesia yg meraih medali perak dalam SEA Games 2013 di Myanmar. Walaupun gak dpt emas, tetap semangat!",Tidak Ada
Satu lagi yaaaa. Masih pada semangat gak nih? :D,Tidak Ada
"#Cancer udah mau libur jadi kamu jangan malas2an lagi!Ayo semangat! Kalo gak kemgkn minggu ini kamu bakal kena MOOD swing(btr hepi,btr bete)",Tidak Ada
Lagi males banget ngaktifin paket bbm. :|,Ringan
"Ente juga masih gitu2 aja, males banget cek UpdateJO :p RT @radityapriantam: pemain persija msih itu"" aja min , gk da yg baru ape",Tidak Ada
(((GOYANG))) RT @hansdavidian: @JennyJusuf penting banget. Kalo virgin males ngajarin goyangnya.,Tidak Ada
"Hari ini bagi raport ye? Semangat ye buat abang kakak yang bertugas mengambil raport adek-adeknye. Jangan dimarahi ye, dolok gmane gak.",Tidak Ada
#LoveCumerz males banget nonton beritanya ...... X_x,Tidak Ada
"dih, males banget sih lo RT @RezaNole: Min @my_supersoccer , bagi list pemain yg cedera dong #FMSuperSoccer",Tidak Ada
Pagi begini laper banget. Tapi.. Males bangun.,Tidak Ada
TL gue lg rame ttg JKT48 yg lg lthn keras demi konser 2nd anniversary tgl 21 besok. Semangat ya para member. Kerja keras gak akan bohong :),Tidak Ada
"Ya sdh, unfollow dan block saja RT @basittuta: Lebih males baca twittmu om. RT @fadjroeL: Males banget nontonnya :)",Tidak Ada
Males banget nontonnya :),Tidak Ada
#cumannanya males banget kalau disuruh: a.baca pidato b.baca puisi c.drama d. ... ?,Tidak Ada
"Mendung. Jemuran diangkat dulu gih, baru dilanjut lagi nggerniknya. Tetep semangat meski gak dapet dapet gendakan. SLMGNDK!",Tidak Ada
Males banget hari ini oh ampun mager nya massive ah apalah. #doseup,Ringan
Kamu punya gak sih qoute yang selalu menjadi motivasi kamu untuk semangat menjalani hari? Yuk di share...,Tidak Ada
"Iyo cok""@aslisuroboyo: Gusti pangeran cidek karo wong seng usaha terus gak tau nyerah, dadi tetep semangat cuk! :)""",Tidak Ada
"Gusti pangeran cidek karo wong seng usaha terus gak tau nyerah, dadi tetep semangat cuk! :)",Tidak Ada
"Semangat :D RT @NengHanan: Gak papalah smaleman ini jadi satpam kostan,sugan we bayar kostan nana bisa di anjukk :D",Tidak Ada
Kenapa disaat gue udah semangat tapi malah banyak masalah yang mendera ngebuat gue jadi gak semangat .,Ringan
"Ngeliat timeline berjam2 aja betah banget, tp ngeliat buku pelajaran semenit aja udh males banget.",Tidak Ada
"Sebenarnya kita gak boleh kalah sama udara dingin, nah biar semangat I-Listeners mengharapkan ada apasih malam ini? #SentilanTengahMalam",Tidak Ada
"Sebenarnya kita gak boleh kalah sama udara dingin, nah biar semangat I-Listeners mengharapkan ada apasih malam ini? #SenilanTengahMalam",Tidak Ada
"Boleh &gt; @cintanaya_: @AntiMiras_ID waaah jagoan saya boleh ikutan gak Ni? Bukan soal gratisnya doang, tp kalo rame2 EQ pasti semangat",Tidak Ada
Sifat negatif yang selalu timbul dalam berhubungan adalah sifat posesif. Apa-apa diposesifin. Males banget. #SelasaSeru,Tidak Ada
"ngopo ki,males banget",Tidak Ada
#cumannanya Males banget stay di Sekolah kalau: a.cuma free class b.ada orang yang bikin jengkel c. .. ?,Tidak Ada
#cumannanya males banget berurusan sama orang yang sifatnya gimana?,Tidak Ada
Gue males pacaran. Rugi bensin. RT @billieboyy: Sering banget ngeliat Alitt nongkrong sendirian di Dunkin Jakal. #TweetLayananMasyarakat,Tidak Ada
#cumannanya males banget jalan keluar kalau: a.panas b. Gada duit c.ga ada temen?,Tidak Ada
"Tesis oi tesis :D RT @LarasestuHsr: ah, males banget, virtual kasih coklatnya #ngelunjak",Tidak Ada
Kalau di masyarakat orang males itu didiskredit banget sih ya :|,Tidak Ada
♥RT @ditaa_angraeni: @BabyMargareth teteeeehhh semangat y nnti shoot di HUT transmedia nya.. Gak sabar mau liat tth... Love u tthkuu,Tidak Ada
":* “@niatoshiro1: @sherylsheinafia jgn dipaksa mkir nanti malah gak dpt. coba rasakn dr hati, pasti ketemu. semangat ;)”",Tidak Ada
"Buat yang mengikuti audisi #SUCI4 Bandung dan gak lolos, it's okay! Ini termasuk trial and error, semangat men! Masih ada Jakarta, KEJAR!",Tidak Ada
"selamat pagi kamu yang pagi ini belum mendapatkan ucapan selamat, tetap semangat ya? karna kalian gak sendirian :) @kak_sin",Tidak Ada
"Argh bosen banget hari ini, males banget maen PB",Tidak Ada
Semangat buat @s_wimayoga yg siang ini akan Clinic Bass didaerah Kramat Jati Jakarta timur \m/ * semoga dia gak grogi main sendirian ;D,Tidak Ada
@igaksatrya Haha kalau gak pegel dan tersisa semangat ya,Tidak Ada
"semangat mau nonton pertandingan sea games di indosiar,,,ewh malah gambarny gak ad truz suarany yg ada... sial........",Tidak Ada
"Kelas IPA biologi, kelas IPS geografi, kelas sepuluh biologi vs pkn. gak papa. ayo tetep semangat temans. :)",Tidak Ada
"Good Job, semangat ya""@Emily_Bart: @halalcorner sy nanya ke owner bakery apa sdh ada SH mui nya? Malah tersinggung orgnya -___- gak jd beli""",Tidak Ada
"@Aeon___ @aMrazing @arieoz banget. Beberapa kali kaya gitu, orang ""ngeh"" aja aku suka males, makanya jarang selfie. :/",Tidak Ada
"Gak ada yg unyu pasti. #eh ""@aananshori: Sekolah Progresif tapi semangat pesertanya nggak progresif blas..*perlu disiram bensin*""",Tidak Ada
"terkadang omdo, sekilas terlihat seperti ""positif"".. diawal penuh keyakinan &amp; membara, eh gak lama ngilang macem ""Semangat Soda""",Tidak Ada
Males banget jadi jurig uganda :( RT @juriiig: @infowatir bahasa Inggrisna atah = can a suck #KamisEnglish #sorriainkdiuganda #waktunabeda,Tidak Ada
udah lma banget ndak bukak twitter .... mau pulang ke rumah koq rasanya masih males banget ya .... hehehehehehee ........,Tidak Ada
Penyakit ini mahh... #tos RT @adeprita: Males banget ke kampuuuusssss.. Aaaaakkk *guling2 di kasur*,Tidak Ada
"SEMANGAT!! ""@dinniemulyadi: nasib kerja di arah lintas antar provinsi, kl gak macet ya banjir. dan sekarang kombinasi keduanya. sip dah",Tidak Ada
":( RT @LalaFebri : bodo amat, males banget nginget-nginget tanggal. ga penting bingits :p #GinaInTheMorning",Tidak Ada
Pendapat tentang ncul gimana/? — Hmmm:/ 1. Bawel 2. Pea 3. Males 4. Kebo banget kerjain tidur mulu:( 5. Suka ba...,Tidak Ada
"Trigonometri, bisa lah pasti bisa, :D""@fustha_aulia: Tugas apaan? Bantuin ngerjain tugas? Bsa gak ya.hkhk @queentvhe: Semangat, mau",Tidak Ada
Bisa banget menyembunyikan kesedihan dengan senyuman #Gemini. Kalo lagi BT banget paling efeknya ke Males.,Tidak Ada
3.4 Passion itu membakar semangat kita utk terus maju mencapai garis akhir. Kita gak mgkn berhenti selama passion it msh ada @KampusUpdate,Tidak Ada
Protes terus ._. RT @expensiancy: Emang gmn cuacanya yung? Kl gak gitu emang mau mandi? RT @jarangmandi_: Cuacanya bikin males mandi banget.,Tidak Ada
"*bopong ke kamar* RT @nonaverlita: Peluk aa ayung RT @jarangmandi_: Cuacanya bikin males mandi banget.""",Tidak Ada
Cuacanya bikin males mandi banget.,Tidak Ada
"Lets Go Back to Work, Brosis!! Gak lupa laptop dan segelas kopi untuk bekerja. Semangat!",Tidak Ada
"semangat ""@Atikaayyu_Cliq: @enda_zara pagi abang, udh lama gak liat @UNGU_Tweet , kangeenn bgt ini gara2 ...",Tidak Ada
"Kalo mau UAS itu banyak belajar banyak lupa, sedikit belajar sedikit lupa, gak belajar gak ada yg lupa.. Apapun pilihan mu, semangat ya :D",Tidak Ada
Semangat ya :D harus tetep kece karena macet gak hari ini aja :p RT @Umriumriumri: Tol barat bekasi (cont),Tidak Ada
"Setelah Sabtu-Minggu leyeh-leyeh di rumah, hari Senin jadi butuh semangat yg lebih dari hari-hari yang lain ya? kalo kamu begitu juga gak??",Tidak Ada
Fitnes di tempat yg instrukturnya cakep bikin semangat. Tapi kadang bikin kesel. Gak konsen latian. Pengenya liat dia terus. Aahhh sebel,Tidak Ada
semangat yang besok UAS :) jangan lupa belajar.. kalo bisa jangan nyontek.. kalo gak bisa baru nyontek :p,Tidak Ada
Adik-adik Di #BiingkisanBeruntunFest Medan gak kalah semangat mengikuti lomba menggambar dan mewarnai lampion dengan anak2 di kota lain.,Tidak Ada
"#sobatisenk gue banget, hari libur males mandi ?",Tidak Ada
"#sobatisenk gue banget, males bangun dr tmpt tidur ?",Tidak Ada
"Nah, udah gak ragu kan YOTers untuk membuat visi hidup sebesar mungkin? Yuk kita buat visi hidup masing2! Semangat!! :)",Tidak Ada
"semangat sunan! sekeras apapun usahamu gak ada yang sia"" ! percayaah ! walaupun hasilnya tdk seperti yang diharapkan ! :D",Tidak Ada
Harus transfer ini itu bayar ini itu ke bank atau ATM tapi mager alias males gerak banget nih...,Ringan
Hujan gak mengurangi semangat untuk....tidur lagi.,Tidak Ada
"Ternyata banyak juga ya yang gak libur, tetap semangat ya. *transfer semangat :)",Tidak Ada
"6.35 Semangat pagi Cikarang dan sekitarnya, walau cuaca pagi ini mendung tapi semangatnya gak boleh dirundung",Tidak Ada
"Semangat :D RT @mboddRFND: Aih ""netmedia_info: Padahal sih jones2 gak usah ngelakuin (cont)",Tidak Ada
"Cewek yang suka bangun pagi dan nggak suka males-malesan itu cantik, kece, dan calon istri idaman banget. Yang setuju, coba #retweet :D",Tidak Ada
"@lantip Iya, ampun. Males banget ngoprek python. Belum berhasil keluar dr zona nyaman :(",Tidak Ada
"Kamu males olahraga? Ah salah banget, coba nih liat cewek-cewek yang ada di Gym: #artikelMBDC",Tidak Ada
"Klo hidup boring nggak ada kerjaan jg kangen. RT @otte18: Cinta itu kangen, kalo ga kangen ya ga cinta, kalo ga cinta ya ga kangen",Tidak Ada
"Sibuk banget, nggak sempat, atau memang males ngabarin? Hampir nggak ada bedanya.",Tidak Ada
males banget gue hari ini :(:(,Tidak Ada
"Kamu males olahraga? Ah salah banget, coba liat cewek-cewek yang ada di Gym: #artikelMBDC",Tidak Ada
"Good Morning Friday!! Hari Jum'at jangan gak semangat, besok kan udh weekend.. Setuju gak sama Om Sanders? :D",Ringan
"@udayalaks Kalo males kena spoiler, mendingan jangan ditonton sih. Panjang banget trailernya.",Tidak Ada
@chawrelia terus gue nungging aja ngilangin mulesnya. Males banget broooooo ke kamar mandi.,Tidak Ada
Banget! RT @_iismii: Ngeriiiiii RT @TweetHEBAT: Males bersyukur = hancur!,Tidak Ada
"Cewek kalo udah males sm cowok pasti males banget, kalo udh benci, ya benci banget kalo sayang, pasti sayang banget.",Tidak Ada
Cewek juga males kalo bertahan sama cowok yang males-malesan dan gak punya semangat buat ngerubah hidup :),Tidak Ada
"kalo udah pacaran lama, udah nyaman banget &amp; udah tau sama tau, saat putus itu udah nyesek banget. udah terlanjur nyaman &amp; males pdkt lagi.",Tidak Ada
Cewek itu hebat:Dia tetap kuat walau sebenernya dia udah gak sanggup lagi dan tetap semangat walau sebenernya dia tertekan.,Tidak Ada
"Yuk ;DRT @Rivannayr: ikuuut @netmediatama: Gimana kabar @REVOLUSIONET disiang ini? Masih semangat gak ya? Oh, iya bentar lg ada #NEToon nih,",Tidak Ada
"Gimana kabar @REVOLUSIONET disiang ini? Masih semangat gak ya? Oh, iya bentar lg ada #NEToon nih, mimin mau siap2 nonton.. Ada yg mau ikut??",Tidak Ada
Semangat!! perlu determinasi memang.. *lirik perut :)) RT @_elvaretta17: 987Genfm pengen kurus tapi gak bisa mulu hadeeeh #genkepokepo,Tidak Ada
"Semangat! Ga semua orang dpt kesempatan kayak kamu :) ""@nenhansraj1: Gak Bergairah Tuk Belajar :(""",Tidak Ada
Hrs terus hidup :) “@therekeceng: iya kak .. tapi gak boleh matiin semangat kita anak muda dong :D RT @meutya: Mendung2 manja Medan pagi ini,Tidak Ada
PNS ya? RT @sanjayadipu: Masalahnya kalo gak taken udh berumur bos RT @pervertauditor: Butuh semangat bekerja? Cari gebetan di kantor.,Tidak Ada
"Iya bangett RT @opiivo: Makan berhadiah RT netmedia_info: Makan wafer yang satu ini bisa dapet hadiah sihh, gimana mimin gak semangat? :D",Tidak Ada
"Makan wafer yang satu ini bisa dapet hadiah sihh, gimana mimin gak semangat? :D RT @theeast265: netmedia_info mimin makan melulu",Tidak Ada
"@MissAbabiL_ Waaah knp gak semangat? ayoo ayoo semangat. Biar semangat, gmn kalau dengerin musik dulu :D",Tidak Ada
"@minimusofmimi banget, gua aja yang masuk gratis ngerasa males, apalagi yang beli tiket.. Gak bener tuh pengaturannya..",Tidak Ada
"Ayo semangat! Belajar yang bener kalo gak bisa nyontek aje! RT @gitagepe: adelladellaide ka adel aku lg uts nih, boleh minta disemangatin?",Tidak Ada
@ajipribadi1 Wuuiih semoga panas2 gini gak mengurangi semangat km utk beraktivitas yaah :D,Tidak Ada
"malam2 dikerebuti akun2 ""TUNACerdas"" baca maki2 mereka ke gue... krn urusan identitas titit jadi semangat lagi :)) tenang gak gue blok kok",Tidak Ada
Astaga! ketawan banget males cek TL kita -_- RT @ayi_minami: TheChelsQuotes ntar mlm disiarin gak ni chelsea vs soton?,Tidak Ada
"Sukses acara @IMSIsAnniv2013 ngisi malam minggu sobat kampus bersama @tulusm walaupun td hujan bentar, tapi semangat penonton gak pudar.",Tidak Ada
"Klo kamu males pake otak &amp; logika, kamu akan GAMPANG BANGET terjebak dlm masalah cinta yg menye-menye galau nyes.",Ringan
"Gara-gara Ibu juga, aku jadi males ketemu tukang tahu. Plis tolong banget, aku bukan tahu yang tertukar~ :((",Tidak Ada
"Ketiga, krn semangat jamaah. Mmg hrs ada yg di depan dan ada yg di blkg. Semua punya posisi. Gak usah berebut. #PemiraPKS",Tidak Ada
"Kedua, krn semangat ukhuwah. Gak ada yg mau sikut2an. Mungkin berkat kasus2 belakangan jg sih, jd makin solid =) #PemiraPKS",Tidak Ada
Cuaca mendung gigni biar hatinya gak ikutan mendung mending kamu dengerin 91.60FM sekarang. Dijamin jadi semangat deh. Yuks ah,Tidak Ada
"@Laura_Iyos banget.. Ini lemot nih, males..",Tidak Ada
Majalah apa tuh? baru lihat :) RT @pbudisantoso: Ngopi dulu biar semangat en gak salah faham ya Ce.. @MerryRiana,Tidak Ada
aduhh gak semangat bgdt buat skolah hari ini :(,Ringan
*kirim semangat buat kamu * :)RT @anggitarifai: Siap gak siap Harus Siap :-) Piala Coca Cola @CocaCola_ID,Tidak Ada
"Unfollow aja susah kok; entah karena nggak enak temen sendiri, entah karena males dramanya. Padahal udah ganggu banget.",Tidak Ada
"@bimonobita momentnya gak pas..... Selain nunduk, jg terasa statis, gak ada gairah",Tidak Ada
nge Gym hari ini gak semangat.. huhuhu,Ringan
"Adik2 STAN terus semangat unt menyelesaikan UTS-nya! Degdegannya, gak pedenya, itu bagian dari upaya unt jd lbh baik!",Tidak Ada
Hari ini pada semangat gak?,Tidak Ada
"*peluk dr samping ""@AriTriyudasipay: Males banget move on dari kasur, enak banget cuacanya buat tidur. Hoammmmmmm""",Tidak Ada
"Msh ada teh manis hangat :) ""@EgghaPersib: ""Tapi aq gak suka susu :( @suarabobotoh: Kalau susu cokelat panas kita padukan dengan semangat",Tidak Ada
"Wanita hebat gak boleh nangis,, semangat!!!",Tidak Ada
♥ RT @yudhantriyana: Aksi Solidaritas Turun Ke Jalan? Tetep semangat dan gak takut matahari! Lindungi pake [pic] —,Tidak Ada
"Cuaca pagi ini masih gak menentu nih Tweeps, jadi jgn lupa sarapan dan mengkonsumsi vitamin C agar kesehatan tetap terjaga. Semangat pagi!!",Tidak Ada
"@marthauik @bertybebe @MANDOREMI @missilviaaa gw males, akun dia kek rumah kosong digembok gede banget dah.",Tidak Ada
Ada gak #Bidadari sepagi ini yg udah semangat banget? Coba deh twitpict :),Tidak Ada
"Ditambah sebelumnya yg soal scooterbraun (SB) megang twitter justin sgala macem, jd gue intinya udh males banget lah, kek whatwver gtu",Tidak Ada
"saatnya semangat kerja makin dipanasin pake #ROCKGASM, setuju gak? Suede, Morrissey, Stone Roses, Radiohead dan Placebo udah standby!",Tidak Ada
"Ngeliat timeline berjam2 aja betah banget, tp ngeliat buku pelajaran semenit aja udh males banget.",Tidak Ada
Gua muda. Gua hebat. Gua bisa ngelakuin apa yang enggak bisa orang lain gak bisa. Gua adalah semangat buat diri gua sendiri #JombloSemangat,Tidak Ada
"@dindaayufara Puk puk puk, kamu kenapa? sini2 kalau di guyur air jeruk dingin kira2 bs bangkitkan semangat kamu lg gak yaaah? :D",Tidak Ada
Sayembara - Males banget gue hari ini. Kenapa ya? Ada yang tau? Ga ada semangat. btw. sayembara itu... #oldposting,Tidak Ada
"6.00 Kadang hidup gak punya pilihan, kadang sekalinya ada pilihan datengnya barengan. Semangat pagi ;)",Tidak Ada
"""@DianLutfi: Terima kasih @akmalafid @dikausman @AntyPuteri berkah , gak semua orang dikasih kesempatan u/ berbuat baik :)) tetep semangat",Tidak Ada
"Lulusnya agak lama gak apa, yang penting langsung dapet kerja. Semangat ya :)",Tidak Ada
"Udah ngetweet ""Duh, males banget besok hari senin. :("" belom?",Tidak Ada
"Hihihi.. Itu banget ran.. ""@ms_raniputri: @sisogi sesungguhnya gue juga sangat butuh Gi... Tp sungguh-sungguh males nyarinya... 😅😁""",Tidak Ada
"Ada yah yang pas single males ngejar, pas udah punya pacar baru nyesel kenapa kemaren gak ngejar. Ada. Ada banget.",Tidak Ada
males banget,Tidak Ada
"Telat 10-15 menit oke lah, cuma kalo telatnya bikin orang yang nunggu sampe nggak tau lagi mau ngapain/mati gaya, males banget.",Tidak Ada
"Kalo kata Ibra, ""Males banget gue tepuk tangan buat Ronaldo!""",Tidak Ada
Hanya ditatap dgn semangat nyumbang biaya kampanye:) @santjahja: itu dibaca gak sih? @budimandjatmiko Rp 95 ribu habis 4 jam rugi @ikawisme,Tidak Ada
"Sumpah, males banget sama orang yang gak tepatin janji. :')",Tidak Ada
Paling males sama orang yang susah banget dihubungin padahal ada urusan penting. Tsk.,Tidak Ada
"Males banget ketemu orang kaya gini pas liburan: ""7 Orang Paling Menyebalkan Selama Liburan""",Tidak Ada
"MBDC udah ngerti kamu banget, kamu males gara-gara ini kan: ""4 Alasan Kamu Males Masuk Kuliah""",Tidak Ada
"Wah gak terasa sudah jum\""at aja nih, mimin semangat brosis semangat besok malam mingguan?",Tidak Ada
"^____^ ""@endahsigit_: pedulijilbab pagi ukhti ^___^ udah lama juga gak ngestalk TLnya :) semangat hari ini ukh ;)""",Tidak Ada
___ @SuryaDaff: Gimana kabar #PSPSpekanbaru semenjak turun kasta kog gak semangat..?,Tidak Ada
mimin slalu trima kritikan dan saran krena kita manusia gak pernah lepas dri kesalahan :) @kadebong Semangat min..!! @yan_hr @imamhusman,Tidak Ada
Snowdent: Sadap Jokowi? Males Banget Deh!,Tidak Ada
Gak semangat kuliah gara-gara galau? Nih MBDC kasih kamu solusi: #artikelMBDC,Sedang
@bayuraiz morning too abang kesayangan♥ ada bang tapi males banget dosennya gak jelas.wkwk:D lu juga bang mangat kerjanyaa yii{}☺,Tidak Ada
Yang ganteng gak diucapin? RT @Santy_Oshaberi: Pagiii juga mimin yg cantik RT @UrbanCikarang: 6.18 Semangat pagi Cikarang dan sekitarnya ;,Tidak Ada
"Hahaha RT @fajartriadi: Kalah lagi. Salut sama akun2 sepakbola yg masih bisa ngetwit #ayobangkit, #semangat ,#kejar, dll.. Gw mah gak bisa.",Tidak Ada
"Semangat! :)) RT @Madeladala: Kesannya gak masuk audisi ""Sound of school"" tapi akan kita coba lagi tahun depan o:) RT @HaiMagazine """,Tidak Ada
"gue Males banget dengar kata2 : Prihatin, Menyesal, Jangan diulangi jika negeri ini selalu dianiaya oleh asing, Ubah lo hrs bergaya NAZI",Tidak Ada
"Kebayang gak? ""Ayo nak kamu semangat olah raganya!"" Tp ibunya duduk2 doang? ;) #MiloSport",Tidak Ada
@dhanethoo Sama mimin juga gak begitu semangat kalau belum ditraktir *Kode,Tidak Ada
"Cewek cantik dan calon istri banget? Ya cewek-cewek yang udah pada bangun dan nggak males-malesan di jam segini. Btw, selamat pagi! &lt;3",Tidak Ada
"Itu trmasuk perjuanganmu utk menggapai puncak, semangat ya ^_^ RT @mariamauul: galau gak dibolehin naik gunung dulu sebelum kelar UN :'(",Tidak Ada
Rencanakan liburan segila-gilanya.. Supaya semangat bekerja! -- Duitnya udah ngumpul juga biasanya gak dipake liburan gila2an :p,Tidak Ada
"Saat SEMANGAT Telah hilang dalam diri, Maka Bersiaplah Mengubur Kemenangan. Gak Mau Kan?",Tidak Ada
males banget kuliah besok huh skip aja....,Tidak Ada
okee. semangat ya ikut kuisnya :D RT @Yudi_974: Ikut cuma yg simple lae ku :-) RT @gunsihombing: @Yudi_974 gak ikut kuis lagi bang?,Tidak Ada
"Kalo hari minggu gini, pengen males-malesan aja rasanya males banget.",Tidak Ada
"nah loh banyak yg bilang kalo si hujan turun bikin males dan ngantuk, tapi kalo hujan dengerin EBS FM bikin semangat gak ? #URA",Tidak Ada
"Yoi @acheholisme: Min home away gak nih pleyoff ""@SiaranBolaLive: Portugal semangat membara!",Tidak Ada
Cuaca mendung gigni biar hatinya gak ikutan mendung mending kamu dengerin 91.60FM sekarang. Dijamin jadi semangat deh. Yuks ah,Tidak Ada
"Selamat pagi. Wah gak kerasa sdh hari jumat lagi. Ayo semangat, besok sudah weekend kok :)",Tidak Ada
"6.58 Semangat pagi di Hari Jumat, semoga hari ini gak ada emosi yang kumat. :D",Tidak Ada
:) “@ryonarwendo: @pandji followers lu pada males-males banget sih bang. Padahal tinggal buka buat liat jadwalnya.”,Tidak Ada
"Kalo ini gak di-cc-in ke gw, males banget stalking temlen lu @EndiRamone. Mau kopdar? Alamat gw di favorit. Apa gw yg datang?",Tidak Ada
"Good Doctor sih gak terlalu sedih ya. Tapi bener2 bikin gemes dan bikin semangat. Ini drama bagus, karna gue gak bosen nontonnya :D",Ringan
"@ulfazain aduh semoga cepet sembuh ya ulfa, hawanya memang agak2 gak enak akhir2 ini //eh *sirami ulfa dengan semangat agar cepat sembuh*",Tidak Ada
"Hujaaan;))semangat yaa""@yaniarifanda: sore JP ,di sana hujan gak,aku abis les drum kehujanan @JpdrummerIMB”",Tidak Ada
"Thank u sygg""@Ganieyohaaa: @aurakasih87 Udah lama twit aku gak di bls sm kak Aura -__-.. Apa kbr kak ? tetap semangat &amp;amp; selalu positif y",Tidak Ada
@prexiden yg gak punya hati yg semangat kirim mereka tanpa perlindungan. Sekedar cari keuntungan.,Tidak Ada
"Cewek kalo udah males sm cowok pasti males banget, kalo udh benci, ya benci banget kalo sayang, pasti sayang banget.",Tidak Ada
"Kalo JIL, msh semangat gak? :D “@malakmalakmal “@dakwatuna Semangat Baru #IndonesiaTanpaJIL #Silaturahim””",Tidak Ada
Males banget untuk hari ini...,Tidak Ada
"Hari Senin, masih semangat gak nih jam segini? Mending dengerin @vickyardian di #IndikaOskar yuk sampe jam 4 sore",Tidak Ada
"Telkomsel friends, lagu Indonesia apa nih yang gak pernah gagal bikin kamu semangat lagi di hari Senin? #SeninMusik",Tidak Ada
"Masa si??hahahaa""@aannggggiikk: Kalo gak ada bapak gak semangat kerja... Eyak.. 😝""",Tidak Ada
"Berangkatlah lebih awal biar gak buru buru. Tetep jaga keselamatan saat berkendara, patuhi rambu lalu lintas. Semangat pagi!",Tidak Ada
"8.00 Selamat pagi, harus tetap semangat di hari Senin walaupun gak ada yang semangatin ;)",Tidak Ada
Playlist hari ini bikin semangat gak ? @ianrubby mix buat kamu..mau punya playlist sendiri ? ikutan MP3 ( Mau Pilih Playlist Pagi ) #URA,Tidak Ada
Gooner gak berdasarkan ranking RT @Wilson_Kupang Bangun Pagi dengan semangat meskipun Kalah tapi tetap 1. #Arsenal @wimar @Arsenal_ID,Tidak Ada
"Dan sudah hampir dua bulan ngga siaran bola... Sekali lagi maafkan... Kadang jadwal gak sesuai, kadang semangat susah diatur :D",Tidak Ada
Suka sensi deh sama orang yang males banget baca. Dikit-dikit nanya. Padahal tulisannya ada depan mata. *lemparin KBBI Jilid 3*,Tidak Ada
@mdrk23 yoi gak boleh takut dong sama hari Senin. Semangat! :D,Tidak Ada
"Kimi udh males banget balapan sama Lotus, gaji nya ga dibayar2",Tidak Ada
paling males banget dibohongin sama temen sendiri #ketik2,Tidak Ada
Rasanya gak bakal semangat hari ini kalo gak di semangatin sama loe deh,Tidak Ada
"Wuaaahh....makasih ya, semua komen, mention maupun gak mention utk tayangan hari ini..jd tambah semangat utk bikin yg lebih bagus lagi! ;))",Tidak Ada
Semoga berhasil. Aku hrs semangat. Gak boleh mengingat masa yg udh lewat. Tetap berusaha dan berdoa. Insya allah berhasil amin,Tidak Ada
Males banget liat update-an di social media pagi-pagi kaya gini: #artikelMBDC,Tidak Ada
"Nama Depan C, D, E, G, H, I, J, M, P, R, V kalau rajin, bisa rajin banget. Klw males bisa males banget",Tidak Ada
Baru bangun tidur males banget kalau cek social media ada update-an kaya gini: #artikelMBDC,Tidak Ada
Kadang kalo bensin udah sekarat pas mau ke pom bensin penuh banget jadi males. Seandainya ada powerbank buat kendaraan.,Tidak Ada
"14) Ih mencatat ? Males banget, masak tiap keluarin uang harus catat mencatat ? Hellow, mau kaya harus disiplin dong",Tidak Ada
Kadang kangen kamu kadang juga males banget sama kamu3-|,Tidak Ada
#jlebb RT @yunartowijaya: @JLEBBmoment gak usah colongan hajar jokowi min.. Gua lg becanda doang.. Semangat amat sih :))),Tidak Ada
@JLEBBmoment gak usah colongan hajar jokowi min.. Gua lg becanda doang.. Semangat amat sih :))),Tidak Ada
Udh ngitungin domba sampai 100 tp ga ngantuk2. Yg ada laper pengen sate kambing #insomnia,Ringan
Susah juga nih tidur sambil bengong.,Tidak Ada
Tidur cepet aja susah ya? Gimana lupain mantan yg disayang banget.. Duhh gws~,Tidak Ada
"insomnia..esok kls kul 8am.. mampus! -.-""",Ringan
"Capcay___ RT ""@soalDONAL: Susah tidur membuat Ali diam-diam ingin c______?""",Tidak Ada
"""@Qykiii: Dan Lalu #SAIA Insomnia menikmati alur Fantasi Dunia dengan Mata Telanjang. &gt; haha bisa..bisa..",Tidak Ada
"Lanjutin kalimat yook! ""Gak bisa tidur malam ini dipersembahkan oleh ..."" ~~@firmanfauzan di BBM @103popfmjakarta~~ Indovision channel 508",Tidak Ada
Kadang-kadang insomnia karo keluwen iku bedane tipis,Ringan
"Haha kamu gak bisa tidur cuma gara2 belum dapet ucapaan ""goodnight"" ya ? Haha.. brarti kita sama -_-",Tidak Ada
Masturbasi. :| RT @febyiw48_: Obat insomnia apa yung? @jarangmandi_,Tidak Ada
"Ada yg gak bisa tidur kalo gak ada guling, ada yg gak bisa tidur kalo blm diucapin ""goodnight."" Tinggal merem aje elah.",Ringan
"Untuk pengendara motor/kend umum/pejalan kaki, bisa save di hp ko. Sy sering menyalakan ayat qursi di hp jika susah tidur #risara",Ringan
"Family Midi, tau gak ternyata kualitas tidur yg buruk bisa memicu kanker lho.. iiiihhhh sereeem #MidIntermezzo",Tidak Ada
Kepikiran kerjaan ampe susah tidur.,Ringan
"Ada yg ngerasa dirinye mengidap insomnia, padahal cuma siklus tidurnye doang yg kebalik.",Ringan
Bisa gak sih bangun tidur sebelum ke kamar mandi gak usah ngetem dulu di timeline?,Tidak Ada
"setiap malam aku gak bisa tidur,tidur....",Tidak Ada
Insomnia meningkatkan risiko seseorang mengalami gangguan kecemasan sebanyak 17 kali lipat. #Psikologi,Ringan
"Kok pertanyaannya nyakitin ya -__- ""@puterifaradila: Iya , abg insomnia apa jomblo? ""@daudantonius: Insomnia? :)""""",Tidak Ada
"Sama seperti jaga kesehatan, obat insomnia itu kelola jam tidur scr baik ""@LieChaang: Obatnya apa Guru RT @daudantonius: Insomnia? :)""",Tidak Ada
"Mau aku nyanyiin ""Hanya Untukmu"" nya Ten 2 Five via phone sampe kamu bobo? ""@nilmaanilmoo: @my_supersoccer min aku gak bisa tidur: (""",Ringan
Trans7 ada Sport7 Malam bro. Lumayan tontonan review bola. Tapi tetep nyesek nih. Gak bisa tidur gak nonton bola. Streaming gak ada inet!!!,Ringan
"Mkn obat tidur! Haha RT @Evry_Pinonk: mungkin insomnia udah jadi rutinitas, duhh :'((",Tidak Ada
"menstimulasi sistem saraf, merilekskan otot, mencegah &amp; mengobati sakit punggung, menjernihkan otak, mencegah insomnia bahkan sakit kanker.",Ringan
"Menekan titik ini setiap hari akan membantu memperlancar peredaran darah, meredakan sakit kepala, mengobati hernia, mengobati insomnia -c-",Tidak Ada
"#Cancer itu suka susah tidur. Biasanya sih dengerin musik dulu, hehe",Tidak Ada
"Adanya GADGET di tempat tidur, salah satu penyebab terbesar susah tidur. Matiin gadget tiap mau tidur biar sama"" sehat ^^v. #TTN",Ringan
"Menurut Kamu, apasih yg nyebapin Kamu susah tidur a.k.a Insomnia ? Share di #TTN",Tidak Ada
"Kemalasan, Menguap dan Insomnia bisa menular ke orang lain loh Pals! Yuk, tanamkan rasa semangat dan berfikir positif! #makeitREAL",Ringan
"Kl aku amnesia, pasti km penyebabnya.| Kenapa begitu?| Karena senyummu bikin aku ttp terjaga.| ITU INSOMNIA, KORENG!| .__.",Ringan
"""Karena memang kangen adalah penyebab utama susah tidur."" - Manusia Setengah Salmon",Tidak Ada
"Kayang. RT @halosleman: Aku arep turu, mboh pie carane #insomnia",Ringan
Gak bisa tidur...,Ringan
Terus gue mesti salto? RT @ozomrockers: Gak bisa tidur..,Tidak Ada
"Jadi, siapa yang insomnia? | #Sablengers",Ringan
"Met istirahat, Aslovers. Jangan sering-sering galau yaa.. nanti susah tidur.. :p",Sedang
Sering mengalamai susah tidur? Berikut rahasia tiduk nyenyak di malam hari -&gt;,Ringan
nih bwt insomniamania &gt;&gt; RT @WOWFakta: Merendam kaki dalam air dingin selama 1 jam bagus untuk penderita insomnia.,Tidak Ada
BNN Tangkap Pemakai Ekstasi untuk Obati Saraf Kejepit &amp; Insomnia,Ringan
Obat gak bisa tidur ku Ya mikirin seseorang :) Nyenyak deh tidur ya :),Ringan
"#butuhtips RT @harna_86: min bayiku baru lahir,tadi sempet nyusu tapi setelah 2jam masih tidur aja,dibangunin susah nih gimana ya",Tidak Ada
"Durian mengandung suatu zat yang dapat meningkatkan mood seseorang, baik untuk penderita insomnia. #Psikologi",Ringan
"makanya, kalo mau tidur itu baca doa, jangan malah bacain timelinenya mantan.. susah tidur kan jadinya..",Ringan
"Pada umumnya insomnia terjadi karena pola kebiasaan tidur yang salah dan telah menjadi kebiasan, beban pikiran yg berat. #Psikologi",Ringan
"Makanya jangan terlalu banyak ngayal, jadinya susah tidur kan..",Ringan
"Mending gak bisa tidur karena insomnia, dari pada gak bisa tidur gara-gara galauin mantan yg udah bahagia sama yg lain.",Ringan
"Terapi Kamelia/ultraviolet mgtasi migren, sakitkepala,stres,trauma,hiperaktif.histle (violet) mgatasi susah tidur,kelelahan pagi,mimpi seram",Ringan
Nikmatnya hidup kita bisa tidur gak kehujanan &amp; ada toilet &amp; air. Mari Doakan saudara2 di sinabung yg dah 4 bulan mengungsi di tenda2 :(,Tidak Ada
"sro, nyamuk apa yang gak bisa terbang? | gak tau nyil, emang apa? | nyamuk belum bangun tidur | =,,=",Tidak Ada
Inilah Empat Faktor Penyebab Insomnia,Ringan
"Ini Empat Tips Mengatasi Susah Tidur Malam: Kantung mata dan bayangan gelap, merupakan efek paling nyata bagi ...",Tidak Ada
#NP @CraigDavid - Insomnia #ZonaSemangka w/@sukasukareza cc: @DeniSaha,Ringan
karena susah tidur akhirnya Joko menutup matanya dengan ______,Ringan
Insomnia G mayor. Pengantar untuk tidur punya nada-nadanya sendiri.,Ringan
"Mungkin maksudnya insomnia ya.. ""@AtyantyRN: @TheComment_NET ada min. Anemia ini""",Tidak Ada
"Yang merasa sering insomnia, coba nangis dulu siapa tau matanya jadi berat.",Ringan
Gue suka ngerekam dosen kalo lagi ngajar di kelas. Buat dijadiin obat insomnia.,Ringan
"Anak sekolah sering ngeluhin susah tidur kalo malem, padahal kan ada buku pelajaran. Tinggal baca, ngantuk deh.",Ringan
#np Insomnia - Whessung #KoreanNite,Ringan
#obat Anticemas yg biasany diindikasikan utk insomnia sbnrny adalh estazolam sdgkan alprazolam itu sbnrny utk serangan panik/ panic disorder,Tidak Ada
Bila sudah terjaga malam-malam buta memang susah mahu tidur balik lah :D,Tidak Ada
"Tak Melulu TV, Gadget atau Kopi, 9 Hal Ini Juga Bisa Bikin Insomnia",Tidak Ada
Ada sebuah penelitian yang mengkomfirmasi bahwa Twitter adalah penyebab insomnia yang paling umum terjadi pada kita. #Psikologi,Tidak Ada
Kenapa mata gak bisa tidur,Ringan
Insomnia .haduhhh. :'(,Ringan
Kamu termasuk orang yang susah tidur atau gampang tidur... JHONY O JHONY di #BBM sekarang indovision channel 508,Ringan
Gak bisa tidur......,Ringan
Namanya juga jomblo malem minggu dan malem lainnya susah tidur.,Ringan
80% orang buta rata-rata adalah penderita insomnia.,Tidak Ada
70 persen perokok mengalami pengurangan pendengaran dan 4 kali lebih mungkin mengalami susah tidur. #Psikologi,Ringan
Insomnia adalah kesulitan untuk tidur Karena ketidak seimbangan Hormon serotin dan melatonin.,Tidak Ada
Insomnia meningkatkan risiko seseorang mengalami gangguan kecemasan sebanyak 17 kali lipat. #InfoKesehatan,Ringan
"Gejala utama insomnia keturunan fatal (fatal familial insomnia, FFI) adalah tidak dapat tidur. Baca misteri tidur di",Ringan
"Duh Susah Tidur, Bagaimana Nih?",Ringan
"Hahaha jd ?""@fuddinavie: @YeniYH kok setan yang gak bisa tidur....?""",Tidak Ada
"Nighty night .. sweet dream. ""@RahelputriSrg: @my_supersoccer Min say good Night min... Gak bisa tidur ni ♥""",Tidak Ada
Gile nih susah tidur mikirin nanti malem #PrideOfBekasi,Ringan
Tugas inilah yg buat aku susah tidur!!!,Ringan
Sudah beberapa hari ini susah tidur.. Selalu abis subuh baru bisa tidur #hadeuhh :(,Ringan
"Buat yg masih insomnia, ""SINEMA DINI HARI"" masih ada nih buat nemenin. =)",Ringan
Susah tidur? Silakan nonton siaran langsung anak kucing ini. 24 jam LIVE TIAP HARI--&gt;,Tidak Ada
Insomnia lebih banyak diderita wanita dibandingkan pria.,Ringan
Ampun mas .. “@RamadhanCR: Cc: Ani Yudhoyono. RT @dewahoya: Gak bisa tidur kalo gak diucapin met bobo sama cewek gurih #sikap”,Tidak Ada
Gak bisa tidur kalo gak diucapin met bobo sama cewek gurih #sikap,Tidak Ada
"Pada kebanyakan kasus, insomnia sebenarnya merupakan gejala bagi gangguan medis yang lain.",Ringan
"Sebelum tidur ngebuat gue berfikir, bisa gak hobi jadi pekerjaan utama? #bebaskanlangkah",Tidak Ada
"insomnia tahap gaban -.-""",Ringan
24 jam nonstop ;) “@ezhanovita: 987Genfm &lt;- masih setia nemenin dikala gak bisa tidur. Hehehehe x)))”,Tidak Ada
80% orang buta adalah penderita insomnia.,Tidak Ada
Susah tidur kalo di dalem kamar ada. Bandara..,Ringan
"“@TjapLokoBali: Yang lagi insomnia, silakan mampir loh. Buka sampe jam 3 pagi nih.",Tidak Ada
"Kamu yang susah tidur baca ini deh: ""Hal-hal yang Bisa Kamu Lakukan Saat Insomnia""",Tidak Ada
"1b. Jadi cobalah untuk mengingat-ingat, ADers mendapatkan kantung mata dari insomnia atau dari makanan asin yang berlebihan?",Ringan
"Liburan singkat selama dua atau tiga hari, bisa mencegah insomnia dan membuat kualitas tidur seseorang menjadi lebih baik. [beritasatu .com]",Ringan
"Kebangun, susah tidur, !!",Ringan
Kenapa mau tidur cepet aja susah banget sih hiksss -.-,Tidak Ada
"Lapar dan Rindu itu sekongkol, mereka bedua bikin susah tidur #udahgituaja",Ringan
"Niatnya tidur cepat, berharap nda bangun lg sampe subuh! Eh malah bangun &amp; pasti susah tidur kembali -_-",Ringan
"Udah pake metode ngitung mantan, tetep aja gak bisa tidur. #eh",Ringan
"Jika sukses berawal dari mimpi, maka Insomnia adalah penyakit orang2 yg ga akan bisa sukses. #Analis",Tidak Ada
"@negativisme @tantemerry420 yang pasti nge ganja bikin halusinasi, nafas sesak, susah tidur, lupa, mata silau.. Ga percaya?? Cobain gih.. :)",Tidak Ada
"Susah tidur di malam hari? Coba ganti cat kamar kamu menjadi warna biru, karena retina mata sensitif terhadap warna biru. #SMARTtips",Ringan
"mungkin kamu terlalu banyak menghayal, sampe2 susah tidur.. mungkin..",Ringan
"sebagai jomblo, sudah sewajarnya kamu terjangkit penyakit susah tidur.. sudah, tak usahlah kau pungkiri lagi..",Ringan
"Namanya juga jomblo, kadang susah tidur.",Ringan
"Kemalasan, Menguap dan Insomnia, adalah kegiatan yang dapat menular. #Psikologi",Ringan
Keberadaan ponsel / gadget lainnya di tempat tidur bisa memicu berbagai gangguan tidur termasuk insomnia.,Ringan
#questionoftheday: Apa yang biasanya menyebabkan kamu susah tidur?,Ringan
"""Apa ayam dan apa telurnya? Apakah kinerja otak yang berbeda ini menyebabkan insomnia? [atau sebaliknya]"" Baca di",Ringan
"Kena flu, jadinya susah tidur.",Ringan
"Kebalikan dari Insomnia adalah Hypersomnia, keadaan dimana penderitanya diserang rasa kantuk walau sudah cukup tidur.",Tidak Ada
"Nih @zakia_jamal ""@WOWFakta: Insomnia adalah akumulasi dari kebiasaan tidur yang buruk yang kemudian berkembang menjadi pola perilaku.",Tidak Ada
#Cumannanya susah tidur kalau ga ada: a.musik b.guling c. ..?,Ringan
"Kalian susah tidur kalau malam? Yuk follow @ScoopBarID , ada solusinya.",Tidak Ada
"Kalian susah tidur kalau malam? Yuk follow @ScoopBarID , ada solusinya.",Tidak Ada
"Short-term insomnia, yaitu insomnia yang berlangsung satu hingga tiga minggu, disebabkan oleh permasalahan, depresi / stres. #Psikologi",Ringan
"+1 :/ ""@MahmoudMTM: Insomnia ...""",Tidak Ada
Gk bisa tidur insomnia tingkat dewe pengennya nonton To Night Show di NET.TV @ToNightShow_NET,Tidak Ada
"INI &gt;&gt; RT @mimia_20: tau min :p tp gw udh dapet tipsnya. Penyebab, Tips dan Cara mengatasi Insomnia/Susah Tidur",Ringan
Penyebab serta Tips dan Cara mengatasi Insomnia atau Susah Tidur - Klik #ev,Ringan
@ichadwiss segera di telpon aja ;) #insomnia,Tidak Ada
"Makasih :+ RT @meisya_uno: Saya insomnia dan ternyata Ada hikmah nya krna bisa nemenin kk"" selesain album;) ...",Ringan
"Olahraga. RT @malesbanget: Kegiatan orang susah tidur yang diawalin dari huruf ""O"" #ABC5dasar",Tidak Ada
"Kegiatan orang susah tidur yang diawalin dari huruf ""O"" #ABC5dasar",Ringan
Good ..thats cool. ; )“@missprankyprank: @johanasari tengah zikir sampai terlena. Susah nak tidur nowadays. Allah.. :/”,Tidak Ada
"Gudnite:)RT @dwichywt: Gak bisa tidur kepoin TL nya @jenita_janet asik juga, cantik bingitt :D",Tidak Ada
"Kalo hujan jadi susah tidur bukan berarti lagi mikirin kamu. Perlu kamu, mungkin.",Ringan
Gak bisa tidur. Kepikiran besok penayangan perdana #Comic8 neh...,Ringan
Karena susah tidur Dimas meminum ______ supaya cepat mengantuk,Ringan
Saking capeknya sampe gak bisa tidur. Ini betul-betul keadaan yang gak nyaman.,Ringan
22.05 #PadamBPN min bilangin dong mati lampu daerah siaga smpe kpn ni? Gak bisa tidur tolong dinyalakan ya | @lindajenarw cc @Kaltim123,Tidak Ada
"Menurut kamu, menghitung domba sebelum tidur itu bener-bener bisa bikin ngantuk gak? :D",Tidak Ada
"Katanya, jika mengalami masalah susah tidur, kita disaranin untuk ""menghitung domba"". :D",Ringan
70 persen perokok mengalami pengurangan pendengaran dan 4 kali lebih mungkin mengalami susah tidur. #Psikologi,Ringan
Inilah Empat Faktor Penyebab Insomnia,Ringan
"Medan di goyang RT“@soniadhila: Jhaha=)) hai cowo,sapa fans mu dri medan ini donggg""@rizky_febian: Insomnia!""”",Tidak Ada
"Kadieu atuh RT“@rifaldifachriii: Ki a ipal libur seminggu, a ipal ke bekasi atuh RT""@rizky_febian: Insomnia!""”",Tidak Ada
Mending susah tidur daripada susah move on.,Ringan
"Walah“@AnthyNRG: Kalau aku amnesia!""@rizky_febian: Insomnia!""”",Ringan
"HihiRT“@LarazatiCP: Sama kak""@rizky_febian: Insomnia!""”",Tidak Ada
Inilah Empat Faktor Penyebab Insomnia,Ringan
Makin Malam: 1. Makin Galau 2. Makin Insomnia 3. Makin Laper 4. Makin Gelisah 5. Makin Seger 6. Makin _______ #IsiSendiriKaloBeda,Tidak Ada
"Insomnia, biasane sih ke eling seng mbien seng indah-indah. :( #yowessory!",Ringan
"Kaya nya harus ganti mata. mulai gak asyik nih, susah di ajak tidur cepetnya",Tidak Ada
"Biasanya kalau susah tidur, hal apa yg kamu lakukan nih? :p #AskNutriMates",Ringan
Apa saja hal yg dilakukan saat susah tidur versi VListeners.. dengerin di #LadiesTalk bersama @IngeLestari yaa..,Tidak Ada
"Simak #LadiesTalk yuuk, kita kepoin apa aja yang VListeners lakukan kalau lagi susah tidur..",Ringan
"Aku insomnia karena kelaperan, bukan gara-gara mikirin kamu.",Ringan
"4 alasan yg belum tdr 1.Insomnia , 2.Jomblo , 3.Kesepian 4.Galau.",Tidak Ada
"Maaf ya walaupun cantik tp terkadang permintaan kamu hrs mimin tolak ""@fannyganesha: mimin @TheComment_NET blm tidur? Yuk insomnia brng2 :D""",Tidak Ada
"Jam rawan lapar,rawan mikirin orang sama jam kebangun susah tidur lagi",Ringan
9 Cara Biar Kamu Gak Insomnia Lagi,Tidak Ada
#np Stereomantic - Insomnia #Jogjakarya,Ringan
@BatuLRahnavard alhirnya bisa istirahat sesuka hati setelah maulid.. gila empat hari gak tidur men,Tidak Ada
Ciri ciri orang yg insomnia adalah _____,Tidak Ada
"Yoelah bro, sok2 bilang insomnia, diajak ngobrol langsung ilang...",Ringan
Kalau merem nanti nulisnya susah RT @hanymuun yah knp blm merem?,Tidak Ada
"Yakin gak bisa tidur kalo gak diucapin ""goodnight""? Halah, paling berapa menit lagi juga ngorok.",Ringan
"kalau aku sih Amnesia, sudah lupa mana siang mana malam :) RT @MaulindaOey yah tau gak apa sebabnya orang susah tidur malem?",Ringan
"Udah gede gak bisa tidur kalo belom di-""goodnight""-in, waktu kecil tidur mah tidur aja deh. Kenapa makin gede makin lemah?",Ringan
Insomnia temporal biasa disebabkan oleh hal yang menggangu pikiran atau perasaan kita sehingga otak tdk dpt beristirahat. #Psikologi,Ringan
Tip Sehat: Mandi Air Hangat Meredakan Stres dan Mengatasi Insomnia,Tidak Ada
"Gak enak banget klo nahan kangen. Mau belajar iIGAk bisa konsentrasi, Mau tidur iIGAk bisa merem. Mau makan IGAk bisa ditelen #PlesetanIGA",Tidak Ada
Ga bisa tidur krn insomnia itu beda sama ga mau tidur krn galau #eaaa,Sedang
@viannkurniaa cahaya biru di smartphone membuat susah tidur. Baca selengkapnya ya : ^HRS,Tidak Ada
Bangun tidur aja susah gimana mau bangun kepercayaan.,Tidak Ada
Susah mau merem :(,Tidak Ada
"Kamu yang penakut jangan buka ini, nanti gak bisa tidur loh: ""Kompilasi Foto Penampakan Hantu""",Ringan
5 Makanan ini bisa cegah kamu insomnia!,Ringan
"Gak enak banget klo nahan kangen. Mau belajar gak bisa konsentrasi, Mau tidur gak bisa merem. Mau makan iga bisa ditelen #PlesetanIGA",Tidak Ada
Penyebab serta Tips dan Cara mengatasi Insomnia atau Susah Tidur - Klik #ev,Ringan
"Iye ""@adebareto: Melek RT @abdelachrian: Kalo malem gak tidur disebut begadang, kalo jam segini gak bisa tidur disebut apaan ye”",Tidak Ada
"Kalo malem gak tidur disebut begadang, kalo jam segini gak bisa tidur disebut apaan ye",Ringan
9 Cara Biar Kamu Gak Insomnia Lagi,Tidak Ada
Knapa susah bgt nginget mimpi gw pas lg tidur yah....,Tidak Ada
Sering insomnia? yuk konsomsi 5 makanan ini !,Ringan
"Ini bukan insomnia, tapi jam tidurnya aja yang kebalik, jangan kaku lah..",Ringan
"Audisi""@akun_KEPO: karena susah tidur Joko malam ini ingin ikut ______ di pos ronda.""",Tidak Ada
karena susah tidur Joko malam ini ingin ikut ______ di pos ronda.,Ringan
"Bangun di tengah malem itu ngga enak, bikin pusing dan bikin susah tidur lagi, kadang.",Ringan
Insomnia (=|,Ringan
Punya tips mengatasi susah tidur? Kasihtahu ke @BaraSupercook @harsyasubandrio telp langsung ke 021-72800858/72800886 #SoreSoreSeru,Tidak Ada
Susah tidur. Susah juga bangun. Begitu.,Ringan
"karena masih susah tidur, Joko mencoba minum ______ 2 gelas.",Ringan
Dirumah seharian itu emang sangat menyenangkan~ Tadi abis tidur siang skrg jdi susah tidur Tapi selamat tidur yah buat yg udh mau tidur ;),Ringan
Insomnia sejatine penyakit ora iso__________. #karepmu [@MITHAkomang],Tidak Ada
"Kemain susah lagi nak explain tidur meniarap dalam english. ""Sleeping on your stomach"".",Tidak Ada
#Cumannanya sering kena insomnia?,Ringan
70 persen perokok mengalami pengurangan pendengaran dan 4 kali lebih mungkin mengalami susah tidur. #Psikologi,Ringan
Ada juga sesi #Hypnotherapy yang akan menjelaskan cara mengatasi #Trauma #Phobia #Insomnia #Kecemasan dan banyak gangguan lainnya.,Ringan
Insomnia itu akan lebih berarti jika sambil___?,Ringan
"justru itu mimin tdurnya ntar pagi #ojoDiTiru RT @SarwonoAkir: Inget Tidur malem-malem ndaa baik min""@Jogja24Jam: Waktu Insomnia bgian Jogja",Tidak Ada
Waktu Insomnia bagian Jogja,Ringan
Insomnia melulu :(,Ringan
"Ada yang susah tidur, susah move on, yang susah lulus juga ada. Indahnya perbedaan.",Ringan
@ReniRisty gppa susah tidur drpd susah move on hahahaha *kaburrrr*,Tidak Ada
:3 &gt;&gt; @faizadaika @swaragamafm kangen masa 2 tahun lalu nungguin #insomnia nya @aryachand dan baru bisa tidur setelahnya :3,Tidak Ada
Insomnia biasa dikaitkan bagi orang yang memiliki IQ tinggi. Orang-orang cerdas lebih sulit untuk 'mematikan' otak mereka.,Ringan
SBY Curhat: Istri Saya Susah Tidur Karena Banyak SMS dari Masyarakat - @portalkbr,Tidak Ada
SBY Curhat: Istri Saya Susah Tidur Karena Banyak SMS dari Masyarakat,Tidak Ada
Obat batuk memang solusi susah tidur.,Ringan
@ENews_NET lagi ngebahas INSOMNIA sama Temmy Rahadi dan Aubry Beer. Banyak info nih. Keren!,Tidak Ada
Makanan dan minuman apa yang harus dihindari agar tidak mengalami insomnia? ini dia infonya..,Ringan
"Untuk mengobati insomnia, tidak harus dengan obat. Ada banyak cara, seperti mengatur kebiasaan pola tidur, pola makan, dan jenis makanannya",Ringan
Hatta susah tidur gara-gara cuaca ganggu distribusi bahan pokok #Riil,Ringan
Insomnia memang mengganggu. Mari kita dengar penjelasan tentang insomnia dari pakarnya. Check this out!,Ringan
Anda mengalami insomnia? Berikut riset singkat mengenai insomnia yang penting untuk Anda ketahui..,Ringan
Insomnia juga dialami oleh beberapa selebritis kita. Siapa saja? Ini dia...,Ringan
"Selanjutnya, akan ada berbagai info seputar insomnia. Apa itu dan bagaimana mengatasinya? After the break..",Ringan
Ada yg dipikirin? RT @taytayi: Susah. Kebangun melulu. RT @faridajaasli: Tidur ay RT @taytayi: Ngga dikasih ...,Tidak Ada
kayanya hampir gakada org insomnia RT @iwetzramadhan: i kira u insomnia kang RT @midiahn belom tidur bukan berarti insomnia kok RT,Tidak Ada
belom tidur bukan berarti insomnia kok RT @iwetzramadhan: u emang insomnia @midiahn i liat u update teuss bang,Tidak Ada
Tuhan sayang kok sama makhluknya yang sering dilanda susah tidur.,Ringan
Pantes doi meninggal lebih dulu drpd gue. Ogah. RT @masisibal: Einsten aja pernah tidur cuma 7 jam dalam setaun. Lo bisa gak bang?,Tidak Ada
Entah ada angin apa Teh Vitalia Sesha nyamber twit gue :/ bikin susah tidur aja.,Ringan
mawat dacok pedom = gak bisa tidur,Ringan
"Bagi kita, kata-kata telah lama menanggung insomnia, di kepala orang-orang yang tak lagi mengenal dirinya.",Ringan
#cumannanya susah tidur kalau: a.ga main hp dulu b.ga ada guling c. ..?,Ringan
"Insomnia lebih merupakan pola tidur, jadi penanganannya juga harus dengan cara mengubah pola itu secara perlahan, mengubah kebiasaan buruk.",Ringan
Ada sebuah penelitian yang mengkomfirmasi bahwa Twitter adalah penyebab insomnia yang paling umum terjadi pada kita. #Psikologi,Tidak Ada
Percaya gak dengan hypnoteraphy yg bisa menghilangkan insomnia? Share yaa @farhandeltafm @Asri_Welas #InTheMorning (021-72800858/886),Tidak Ada
"Sejak insomnia jadi tren, banyak generasi muda yang ________. #Lengkapi",Ringan
"semisal aku sekamar ama chand kelvin, pasti aku terserang anemia, itu loh penyakit susah tidur gegara ngeliat chand kelvin",Ringan
#cumannanya susah tidur kalau nggak ada guling?,Ringan
SIS mengalami insomnia atau susah tidur? Cobalah konsumsi buah cherry. Buah ini banyak mengandung zat melatonin untuk meringankan insomnia.,Ringan
Insomnia meningkatkan risiko seseorang mengalami gangguan kecemasan sebanyak 17 kali lipat. #Psikologi,Ringan
Karena sesungguhnya bangun pagi di hari libur itu lebih susah dari pada harus libur mikirin mantan. *tarik selimut* *lanjut tidur*,Tidak Ada
"Cuaca kayak gini, gue gampang banget kena pilek. Lalu hidung akan tersumbat, dan akibatnya, susah tidur.",Ringan
"Banjir, gak bisa tidur Mobil masih di dalam rumah Semoga gak ujan lagi dan cepat surut Amin",Ringan
Tidak mungkin memang. Malam inipun dia susah tidur RT @AnandyaLina: @PartaiSocmed Emang Si Nuh berani debat terbuka? kagak mungkin tum.,Tidak Ada
"insomnia, bahasa keren ""lupa ingatan"" @kotakband_ |",Tidak Ada
Ah itu sih cuman buat cewek geek ~ RT @justDiel: Gak berkelas. Cewek yg berkelas insomnia krn nugas,Tidak Ada
aku bukan insomnia punn.. tdi da tido.. terbangun lak.. aku rindu dia tbh...,Ringan
insomnia tahap gaban...,Ringan
"Iya, gapapa. “@nandaekautari: Ujannyaaa lohh , bikin gak bisa tidur ..”",Tidak Ada
"Parah. RT @yusrakharnnsa: Gak bisa tidur :| Baca blog-nya kevinchoc aja daritadi, padahal ntar pagi mau bimbel di sekolah",Tidak Ada
"Mana hujan, dingin, bete, susah tidur, lafer, fleng-flengan, ferut melilit, omegat o_O",Ringan
Ngantuk. Tapi gak bisa tidur. Tapi ngantuk. Tapi gak bisa tidur. Tapi gak bisa tidur. Tapi ngantuk. Tapi gak bisa tidur.,Ringan
Selamat istirahat PesbukersLovers smoga gak ada yg kebanjiran yah bisa tidur nyenyak semua.. Byee,Tidak Ada
"Karena gak ada yg "" goodnight"" in""@WOWFakta: Rata-rata penyebab insomnia adalah kesendirian.""",Tidak Ada
kaciyaan RT @WOWFakta: Rata-rata penyebab insomnia adalah kesendirian.,Tidak Ada
Kurang darah itu Anemia. Kurang sare? Insomnia. Kurang inget? Amnesia. Ai kurang kasih sayang? Kumahasia. :(((,Ringan
"Insomnia itu biasanya dibentuk dari pola tidur yang kurang sehat, kebiasaan, pola makan dan istirahat yang kurang baik. #PID",Ringan
nggakok RT @yudh666: Ots susah banget ya Candy Crush Dreamworld RT @midiahn: bangun tidur lateralus mandi,Tidak Ada
"Durian mengandung banyak asam amino triptofan, yang berguna untuk mengurangi rasa gelisah, depresi dan mengobati insomnia",Ringan
"Short-term Insomnia yaitu insomnia yang berlangsung satu hingga tiga minggu, disebabkan oleh permasalahan, depresi atau stres. #Psikologi",Ringan
"Kalau aku blm tidur, itu krn amnesia, sdh lupa mana malam mana siang :) RT @daraarumbening ayaaah kenapa aku insomnia terus?:/",Sedang
"@anjasia_mario Ubah polanya, atur jam tidur yang efektif, media sosial juga dibatasi, biasanya insomnia itu lbh kepada kebiasaan tidur",Tidak Ada
"Kebanyakan insomnia lebih di sebabkan oleh pola dan kebiasaan yang salah, mengubahnya ya harus dengan mengubah pola itu sendiri.",Ringan
"yg diperiksa pasti susah tidur lelap RT @liputan6dotcom Berjam2 Periksa Dokumen Sutan,Penyidik KPK TidurPulas di DPR",Tidak Ada
"Sutan Bhatoegana jangan begadang, nanti sakit lho. Gak bisa tidur ya? Gak usah minum pil penenang ya *saran*",Ringan
"@arindaa_ masih ada banyak fotonya sih, tapi kasihan banyak yang gak bisa tidur nanti .. #KamisHoror",Tidak Ada
Lebih baik insomnia daripada _________. #lengkapi,Ringan
#Cumannanya pernah susah tidur karena masih takut abis nonton film horror?:)),Tidak Ada
gak bisa tidur? ke atau | kali aja ada yang kamu temukan untuk modal tidur. :),Ringan
Kesalahan Ini Bikin Anak Susah Tidur Kalau Tak Ditemani,Tidak Ada
"TIdur sambil membawa HP kamu ke kasur, bisa bikin kamu susah tidur loh #EBSZona35",Ringan
Anak menolak untuk tidur? Ia mungkin mengalami limit setting insomnia. Simak kiat mengatasinya di,Ringan
gak bisa tidur karena galau adalah alasan yang paling ngenes dan menyedihkan,Tidak Ada
"Short-term Insomnia yaitu insomnia yang berlangsung satu hingga tiga minggu, disebabkan oleh permasalahan, depresi atau stres. #Psikologi",Ringan
Beban pikiran dan stres adalah penyebab paling umum terjadinya insomnia. #Psikologi,Tidak Ada
Asyik terjaga je smlm. Mengantuk tp skjp skjp terjaga. Susah sgt tidur :(,Tidak Ada
"@tikeprie dan @RockNal masih nungguin nih tips dari kamu supaya Tike bisa ngilangin insomnia-nya,km bs jg SMS ke 0811898101 #SarapanSeru",Tidak Ada
"Kemalasan, Menguap dan Insomnia, adalah kegiatan yang dapat menular. #Psikologi",Ringan
"@tikeprie lg insomnia nih,kasih tips yuk ke #ROTI gmn caranya supaya Tike bisa cepet tidur malem. Km bisa SMS ke 0811898101 #SarapanSeru",Tidak Ada
"@JaclynHalim masih, masih, masih gak bisa tidur.",Tidak Ada
Sakit gigi buatku susah tidur,Ringan
Gak bisa tidur dan besok harus bangun pagi #jogetinduluah 💃💃💃💃💃💃💃💃💃💃💃💃💃💃💃💃,Ringan
"gak usah makasih gitu, biasa aja. RT @dindinpohan: gak bisa tidur hari ini di sponsori oleh ~&gt; @mahasiswamlg -______-",Tidak Ada
Korban insomnia :) RT @chrisponatio: @PartaiSocmed tum berfilsafat tengah malam gini ya hahaha,Tidak Ada
Siap.“@christinaiden: Ngeronda gih. RT @AndovidaLopez: GAK. BISA. TIDUR!”,Tidak Ada
GAK. BISA. TIDUR!,Tidak Ada
"Tak Melulu TV, Gadget atau Kopi, 9 Hal Ini Juga Bisa Bikin Insomnia",Tidak Ada
"Ada yang suka insomnia atau susah tidur? Coba deh buah Markisa, kasiatnya dipercaya dapat membuat tidur nyeyak dan mimpi indah. #NutriTips",Ringan
Insomnia meningkatkan risiko seseorang mengalami depresi sebanyak 10 kali lipat.#kitaperlutahu,Ringan
"*peluk dari samping ""@riovilalba: Jam segini belum bisa tidur juga gara2 dingin insomnia gue kelawatan banget dah!☹☹ Ya Allah""",Tidak Ada
Kalo “padahal udah ngantuk tapi kenapa gak bisa tidur ya?” bahasa jawanya apa yah?,Ringan
Hal-hal yang bikin susah tidur: 1) Laper 2) Kangen 3) Kangen banget,Ringan
"Yamene durung turu padahal sesuk sekolah sok2an insomnia, ben ketok gaul ngono ta? Insomnia iku penyakit gak nggarai gaul",Ringan
"Semua orang pengen tidur, tapi kadang susah.",Tidak Ada
Insomnia malam ini dipersembahkan oleh writer's block. Memandangi Microsoft Word yang putih bersih selama berjam-jam.,Ringan
#TipSihat Tingkatkan kandungan melatonin dalam badan bagi menangani masalah insomnia dengan memakan buah-buahan seperti beri biru.,Ringan
@amelisco kau tahu tak aku kejut kau punya susah . masa aku bagi mcd tu . kau cakap letak tepi . pastu tidur balik,Tidak Ada
Yoga Atasi Insomnia Perempuan Menopause,Ringan
Yoga Atasi Insomnia Perempuan Menopause,Ringan
80 persen orang buta rata-rata adalah penderita insomnia. #Psikologi,Tidak Ada
"Badan mau diajak tidur aja susah, apalagi diajak lari marathon.",Tidak Ada
Insomnia ialah penyakit tidak bisa__________. #syurvey [@desiloyuda],Tidak Ada
insomnia gang,Ringan
Kesalahan Ini Bikin Anak Susah Tidur Kalau Tak Ditemani,Tidak Ada
Apakah Anda Insomnia? Ini Beberapa Cara mengatasinya,Ringan
Balita Susah Tidur dan Rewel? Bisa Jadi Itu Tanda Infeksi Telinga (TribunPekanbaru),Ringan
Adik Bayi Susah Tidur? 3 Langkah Praktis Ini Bisa Menenangkannya,Ringan
Adik Bayi Susah Tidur? 3 Langkah Praktis Ini Bisa Menenangkannya via @detikhealth,Tidak Ada
"Dysphoria adalah kondisi psikis yang kacau, yang disebabkan karena overthinking, depresi dan insomnia. #Psikologi",Tidak Ada
kalo lagi insomnia suka nonton film apa? via ( @rockmanticID ),Tidak Ada
kalo insomnia kalian biasanya ngapain sih? via ( @rockmanticID ),Tidak Ada
suka insomnia gak sih kamu? ( via @senangbercanda ),Tidak Ada
"karena susah tidur, Dika menutup matanya dengan _____",Ringan
"mau dingin kek, kalo tidur gak pake kipas gak bakalan bisa tidur :|",Tidak Ada
"Hujan terus, seharian mager. Sekarang gak bisa tidur. Duh. *itungdomba*",Sedang
"Gak kerasa udh senin lagi ya, tp kalo kamu masih belum bisa tidur pagi ini @Fianarditya temenin di #Ins0000mnia :) |",Tidak Ada
#cumannanya susah tidur kalau: a.ga ada guling b.ga denger musik c. ..?,Ringan
Menyimak dengan seksama TL @G_paseksuardika dan sekarang gak bisa tidur gara2 penasaran..,Tidak Ada
#LM Insomnia - @raksasaband bentar lagi kite ngobrol bareng nyokkk... #ngerock,Tidak Ada
Susah Tidur,Ringan
#EboniNanya YesOrNo kamu insomnia?,Ringan
Insomnia meningkatkan risiko seseorang mengalami gangguan kecemasan sebanyak 17 kali lipat. #Psikologi,Ringan
Wanita Paruh Baya Lebih Sering Susah Tidur Ketimbang Pria,Ringan
Kamu itu kayak selimut yang enak dipakai saat tidur TAPI susah buat dilepas dari diri ini,Tidak Ada
Jason Puncheon pasti gak bisa tidur nih abis pertandingan lawan Spurs ini,Ringan
- Ribery: Ballon d'Or tak Buat Saya Susah Tidur,Ringan
setiap malam Dini sekarang susah tidur karena rindu pada _____nya,Tidak Ada
"Bru balik ada acara beroohh RT @botiez_juan87: @pradanadieva Insomnia bro, hehehe",Tidak Ada
"""SINEMA DINI HARI"" mlm ini ada ""THE PEACEMAKER"" loh. Insomnia hari ini bakal kerasa beda klo ngejalanin nya sambil nonton ini. :)",Ringan
INSOMNIA Lagi ... == &gt; MENYEBALKAN.,Ringan
"Shit anemia, gak bisa tidur. #BeEdgar",Ringan
OZzers yang insomnia! Mari seru-seruan di #JUSTHITSREQUEST bareng @dayadwim sampai jam 4. Request sms ke 08111908908 atau telpon 7194567 :),Tidak Ada
"Dih, elo ego yang jamet""@nisha_vietha: Ahmad syarif bilal alfikri*""@fikri_frust: Siapajametnya?""@nisha_vietha: Gapapa deh insomnia, asal",Tidak Ada
#kepobpp biasanya susah tidur karena apa ?,Ringan
70 persen perokok mengalami pengurangan pendengaran dan 4 kali lebih mungkin mengalami susah tidur. #Psikologi,Ringan
"Insomnia bisa menggangu produktivitas kerja, berhati-hatilah, segera mulai kebiasaan dan pola tidur yg lbh baik ya :)",Ringan
"Durian mengandung banyak asam amino triptofan, yang berguna untuk mengurangi rasa gelisah, depresi dan mengobati insomnia.",Ringan
Ketika mata terus terusan di paksa untuk melek akhrnya ketika ada wktu susah utk d suruh merem!,Tidak Ada
"Nyil kenapa lo blm tidur? Insom? | sorry gue ga pernah Insomnia, tp Handsomenia | =,,=",Ringan
"Gara-gara Minum Obat Insomnia, Pria Ini Overdosis via @detikhealth",Tidak Ada
"Gara-gara Minum Obat Insomnia, Pria Ini Overdosis",Ringan
"Durian mengandung banyak asam amino triptofan, yang berguna untuk mengurangi rasa gelisah, depresi dan mengobati insomnia.",Ringan
#EboniNanya YesOrNo kamu insomnia?,Ringan
"Efek minum kopi,jadinya susah tidur",Ringan
"Durian mengandung banyak asam amino triptofan, yang berguna untuk mengurangi rasa gelisah, depresi dan mengobati insomnia.",Ringan
"Lha. Gue harus gmna wil ? ""@wilfawaluddin: Tanggung jawab gw jadi susah tidur!!! @Rigensih""",Ringan
"Tidak tidur dg yakin bhw sbenarnya aku amnesia, lupa mana siang mana mlm RT @pertywicubby apa ayah prnh insomnia? Lalu apa yg ayah lakukan ?",Ringan
"Latihan lagi RT @yayaaMufti yah, aku gak bisa tidur.. Aku harus gimana ? :(",Ringan
"Galau gak bisa tidur, jaga bayi rewel -_-",Sedang
"Insomnia? Yuk gabung aja ke aplikasi yang satu ini, pasti bakalan lebih seru #infotekno",Ringan
Malam ini @anasurbaningrum dipastikan gak akan bisa tidur... perasaan di Hunting itu benar2 menyiksa.. doi gak ikutin tips2 gue sih,Tidak Ada
"iya susah niupnya kebanyakan tuhRT @swagbuwm: Duh banyak balonnya:"")) ""lolcrowndony: Selamat tidur :)❤ @swagbuwm",Tidak Ada
Gak bisa tidur. Ya ampunnn,Ringan
"Durian mengandung banyak asam amino triptofan, yang berguna untuk mengurangi rasa gelisah, depresi dan mengobati insomnia.",Ringan
"Argghhhh kenapa susah tidur ya, ni belum tidur sama sekali dan harus berangkat ke bogor..",Ringan
Pop kinetik RT @HusseinRaafi: Rumah sakit itu enak2 lagunya “@safitryanindya: Rumah sakit itu bikin susah tidur...”,Tidak Ada
"Ada apa dg bantal ?? ""@pinziINK: Masih kefikiran bantal min. Gak bisa tidur :l",Tidak Ada
"Insomnia? Yuk gabung aja ke aplikasi yang satu ini, pasti bakalan lebih seru #infotekno",Ringan
5 hal ini bakal bikin kamu insomnia tanpa galau..,Tidak Ada
"@retno_duira smalam kmu susah tidur? Eeaaaa RT @WOWFakta: Mitosnya, susah tertidur di malam hari berarti Anda terjaga dalam mimpi seseorang.",Tidak Ada
5 Kebiasaan Kamu ini yang Bikin Insomnia,Tidak Ada
Anda gak bisa TIDUR kalau............. Sammy &amp; Tasia di #BestMix SMS 081 511 103 103 - Indovision Channel 508,Ringan
"ada orang yg susah tidur, ada yg susah bangun, kalau aku malah susah ngelupain kamu (˘̩̩^˘̩ƪ)",Ringan
Susah betul nak tidur haih,Tidak Ada
"Yg masih susah tidur, boleh lho salto-salto ke TL mumpung sepiii gini",Ringan
"Kalo pura-pura tidur itu bisa, menurutmu iseng-isengan tidur bisa gak? #SoalUAS",Tidak Ada
"Yang masih lembur, insomnia, kerjain tugas...yuk dengerin #SiaranTengahMalam bersama @indraimel &amp; @RENer_G",Tidak Ada
"Susah yaa tidur kalau charge handphone masih banyak, pfft.. #PantangTidurSebelumHapeLowbat",Tidak Ada
"Insomnia? Yuk gabung aja ke aplikasi yang satu ini, pasti bakalan lebih seru #infotekno",Ringan
"Insomnia, tak nafsu makan, sakit kepala? Mungkin kamu depresi, atasi dengan cara ini &gt;",Ringan
🙊🙊RT @RealTania19: @adit_insomnia dit tiap hari insomnia yah? Cepet dah diobatin gih biar penyakit gak bisa tidurnya ilang *garing*,Tidak Ada
#TeamNoSleep RT @teamsthandwa: @Sthandwa_Nzuza looks like I also gott insomnia Ơ̴̴͡.̮Ơ̴̴̴͡,Tidak Ada
"Ngakunya insomnia, baca buku multivariate bentar malah ketiduran. #dilema",Ringan
"Ini sih Bukan Insomnia -_- Tapi emang udah Kebiasaan tidur Pagi -,-",Ringan
"Gak Bisa Tidur -_- Terpaksa Bolos Lagi , hadehh",Ringan
Enjih kulo oraiso turu. “@MillathinaPU: möchte dich so sehr treffen☹ RT @LongDistance_R: Kebangun dan… Susah tidur lagi.”,Tidak Ada
Kebangun dan… Susah tidur lagi.,Ringan
susah tidur mele ;;,Ringan
"Kebiasaan begadang pas liburan, jadi susah tidur lebih pagi. :( #ketik2",Ringan
"Insomnia? Yuk gabung aja ke aplikasi yang satu ini, pasti bakalan lebih seru #infotekno",Ringan
"Idap Insomnia, Masayu Anastasia Terlihat Letih",Ringan
"Udah ke dokter? RT @jan_ashari: anak sy usia 20bln lagi kena campak+batuk+sariawan, susah tidur sdh 2hr, nangis trs.",Tidak Ada
"Durian mengandung banyak asam amino triptofan, yang berguna untuk mengurangi rasa gelisah, depresi dan mengobati insomnia.",Ringan
"insomnia apabila tidak segera diterapi, akan berakibat pd resiko kesehatan lainnya seperti penyakit paru dan kegemukan.",Ringan
"Problem remaja tuh kebanyakan susah tidur, kalo udah tidur susah bangun. Males dan mau enaknya aja. Semoga kalian tidak dan met sekolah ya!",Ringan
"Durian mengandung banyak asam amino triptofan, yang berguna untuk mengurangi rasa gelisah, depresi dan mengobati insomnia.",Ringan
Insomnia itu penyakit gabisa____ #isiBebas (via @akmal_sukancil),Tidak Ada
"gak bisa tidur ni.,.,",Ringan
aku suka insom QAQ @WeGotLoves :Ada beberapa kasus yg menyebabkan seseorang meninggal krn insomnia. Sebab kurang tidur membuat penderita,Ringan
Ada beberapa kasus yg menyebabkan seseorang meninggal krn insomnia. Sebab kurang tidur membuat penderita lemah gemetaran &amp;kesulitan bernapas,Ringan
"Menurut pihak National Sleep Foundation, wanita dua kali lebih tinggi untuk menderita insomnia daripada pria.",Ringan
"Meskipun sudah banyak yg menyebutkan bahaya obat tidur, anehnya orang2 yg insomnia tetap mengandalkan pil ini untuk membunuh gangguan tidur",Ringan
Hewan lain seperti serangga juga mengalami insomnia layaknya manusia. Hal ini telah dibuktikan melalui penelitian resmi dari Washington,Ringan
"Insomnia bisa diwariskan, Penelitian menyebutkan orang yg menderita insomnia kebanyakan memiliki sejarah keluarga dgn gangguan tidur yg sama",Ringan
"Karna banyak yang ngaku terserang ""insomnia"" jadi Luhan mau share fakta aneh tentang insomnia ah",Ringan
"Lem ""@DeviiUtami: Mau merem aja susah~""",Tidak Ada
Di antara bola mata dan kelopak mata ada dunia yang tak bisa dilihat dengan cara apa pun. Kecuali dengan insomnia.,Ringan
Paling gak bisa tidur kalo dalem kamar ada road race.,Ringan
beberapa orang malam ini gak bisa tidur karena dihantui deadline tugas,Ringan
Insomnia bukanlah gagal-tidur. Insomnia ialah bola mata yang bertukar tangkap dengan lepas dengan kelopak mata.,Ringan
"Tidur itu untuk para pemburu mimpi, sedangkan insomnia itu untuk pencipta mimpi.",Ringan
@shaniaJKT48 aku jg gak bisa tidur ..,Ringan
"Insomnia memiliki konsekuensi di siang hari seperti misalnya, terlambat bereaksi dan terlambat untuk ingat sesuatu.",Ringan
"Ancur ati abang dek~ RT @Fhitasss_: saya dong :D ""@jarangmandi_: Satu-satunya hal yang sukses bikin aku susah tidur adlh, lesung pipi kamu.""",Ringan
"Satu-satunya hal yang sukses bikin aku susah tidur adalah, lesung pipi kamu.",Ringan
"Jika sukses berawal dari mimpi, maka Insomnia adalah penyakit orang2 yg ga akan bisa sukses. #Analis",Tidak Ada
"Durian mengandung banyak asam amino triptofan, yang berguna untuk mengurangi rasa gelisah, depresi dan mengobati insomnia.",Ringan
Menunda-nunda dapat melemahkan sistem kekebalan tubuh serta penyebab insomnia. #Psikologi,Ringan
Balita Anda Susah Tidur? Mungkin Ini Penyebabnya via @detikhealth,Tidak Ada
Balita Anda Susah Tidur? Mungkin Ini Penyebabnya,Ringan
"Mengkonsumsi pisang, yang kaya akan vitamin B6, dapat secara perlahan menghilangkan insomnia. #TipsBPN",Ringan
"Durian mengandung banyak asam amino triptofan, yang berguna untuk mengurangi rasa gelisah, depresi dan mengobati insomnia.",Ringan
"Insomnia susah tidur. Outsomnia susah bangun. Yak, cerdas.",Ringan
"Kalo dari semalem sampe sekarang belum tidur, masih dibilang insomnia nggak?",Ringan
"Kadang sebel kalo dia gak ngabarin, kadang sebel kalo dia ngebetein. Tapi gpp, masih mending daripada harus sebel kalo dia udah gak ada :))",Tidak Ada
banyak top yg cuma pengen cobain doang abis itu ngilang,Tidak Ada
"Ini kalau hati bisa dicopotin bentar udah gue copot nih, abis gak kuat nahan sakitnya.",Tidak Ada
"Sekali seumur hidup berperkara eh lawannya anak mantan presiden pula. Capek. Menang jd arang. Kalah jd abu, wkwkwk",Tidak Ada
"@dwiehastuty1 @fahruu_din acara org dewasa gak ada yg bagus di TV, mending nonton kartun :p",Tidak Ada
Gak ada gunanya nangisin mantan :/ mending cari yang lain aja :D,Tidak Ada
"Dicuekin,diabaikan,didiemin,ditinggalin, dibodoamatin,digak peduliin, gak dikasih kabar. Udah biasa! Udah kuat! Udah gak kaget! Udah kebal!",Tidak Ada
Berhenti merokok bukan berarti hilang keinginan merokok. Gue sih masih pengen. Tinggal diikutin apa nggak.,Tidak Ada
"@inez_yushiro emang gak ada, hehe mending pasang antena biasa ajah seperti yg barusan ayas lakukan :p",Tidak Ada
"Ada MOU. Bisa dinotariskan... Kalau ragu, mending gak usah ikut aja. Simple :) "" @akr990 apa jaminannya, mmg bisnis apa?",Tidak Ada
:)RT @Ricardo_bayu_ok: Nnton Tv sama @Super_aay tpy mata uda gk kuat udah gak ngantuk lg pas da te @jenita_janet d.acara @YuKeepSmile_TTV,Tidak Ada
"Daripada bt sinetronnya gak tayang,mending klik ini &gt;&gt; like fanpage MD,terus liat notes nya,ada yg baruu.. ;)",Tidak Ada
BBM Terakhir Yenny Anggraeny: Saya Udah Gak Kuat!,Tidak Ada
Kuat. Udah dipikirkan “@deryansyah: @pandji hostingnya sendiri gimana mas? kuat gak kalo misalnya 100 orang ngedownload secara bersamaan?”,Tidak Ada
Pengen berhenti merokok tuh hampir samalah kayak pengen berhenti mikirin kamu. Susah. :(,Tidak Ada
Gpp bro saling ngasih tau aja ga ada salahnya kan;)RT @putrazhi: @dokterdroid ternyata banyak yg gak ngerti sama HH ya :D mending srh...,Tidak Ada
Dan ini perlu kita lakukan bersama2! 20 thn dr skrg kl umur udah sekitar 50 thn kita gak boleh membebani generasi di bawah kita! Musti kuat!,Tidak Ada
"Nangis bukan berarti nunjukin kalau seseorang lemah dong, mungkin itu emang udah bener-bener gak kuat mendem lagi.",Tidak Ada
"Sadarlah mencaci maki gak akan ada untungnya, mending bicara yang sopan lebih elegan. Kritik yg pedas asal sopan jauh bermartabat.",Tidak Ada
"Gak ada untungnya mikirin mantan, mending mikirin buat masa depan! :'))",Tidak Ada
"Koruptor membusuk di penjara RT @AltiPutra: Pemimpin hidup abadi dalam sejarah, sedang pengamat capek baca buku sejarah",Tidak Ada
"Sore\"" kalo gak ada kerjaan mending olahraga bro sis, lari aja keliling komplek, sypa tau ketemu tetangga yg kece :D",Tidak Ada
"Selalu merasa gampang capek? Mungkin kamu perlu mengubah gaya hidup, cari tahu di",Tidak Ada
@GadjahLampung sampe Kotabumi gak ada. Mending lo tutup akun.,Tidak Ada
"I-Listeners yg lagi gak ada kerjaan, mending dengerin #sorelam bersama @andimuhidham &amp; @aswin_anas selama 4jam &amp; bikin sore Anda makin seru!",Tidak Ada
"@iqbaldjoha @dinadonnaforte sebenernya gua udah liat dia ngetwit gini bal, tapi gua pura-pura gak liat, karna gak kuat bal.. :(",Tidak Ada
“Rakyat capek dgn wacana yg muncul 10th terakhir. Lbh baik utamakan kerja &amp; hidup dgn masyarakat” @GlennFredly #MN,Tidak Ada
Masih mending kalender toko emas ada tanggal merahnya. Coba liat kalender di BB. Item semua gak ada libur. 😫,Tidak Ada
"Apalagi weekend gini. Pacar gak punya, duit abis gara2 beli kembang api sama jagung. Mending main ini deh: Ada PS4!",Tidak Ada
"#Virgo Sesabar apapun Mereka, mereka bakalan nangis juga kalo hati mereka udah gak kuat. :')",Tidak Ada
"Daripada bahas Liga Bapak yg gak ada abisnya mending nonton ini dulu, The Real klub profesional yg menghibur!!",Tidak Ada
∂ķΰ capek hidup slalu bertengkar sama Kª♍ΰ .,Berat
"Kalo emang gak ada, mending gak usah maksa. Apa adanya aja deh hidup ini :)",Tidak Ada
"Dicuekin,diabaikan,didiemin,ditinggalin,dibodoamatin,digak peduliin,gak dikasih kabar. Udah biasa! Udah kuat! Udah gak kaget! Udah kebal!",Tidak Ada
"Tumben bener … RT @sudjiwotedjo: Maaf aku gak terlalu nganggur, gak ada waktu nglayanin twitwar. Heuheu..Mending aku nulis buku, nglukis",Tidak Ada
"Maaf aku gak terlalu nganggur, gak ada waktu nglayanin twitwar. Heuheu..Mending aku nulis buku, nglukis, ngompos musik /guyon ma tetangga",Tidak Ada
"Kalo uda waktunya, ada aja rejeki untuk nikah. Gak usa khawatir :)) RT @niitagustine: @dewahoya mending ditabung buat modal nikah.",Tidak Ada
"Nah buat yang susah move on, bingung cara pdkt, pengen tahu definisi cinta kamu, dan berhenti galau ga jelas, bisa lirik buku #LoveisYou",Ringan
@nukman fahri hamzah ya om? ada yg bisa ajarin dia bikin blog gak sih? 267 poin mah mending ditulis jadi artikel,Tidak Ada
"Nunggu yang gak pasti, mending jalanin dulu aja yang ada, jalan kaki gitu~",Tidak Ada
Mending gak usah beli Guarin. ~ RT @myusuf_ian: min kalo ada guarin marko marin sama lucas piazon nasibnya gimana?,Tidak Ada
karena ada rapat ulangannya gak jadi. mending ulangtahun sana.,Tidak Ada
"Sendu banget bro.. Sabar.. :D “@endry_send: gak ada acara,,palingan juga Hujann ,,,mending nnton NET. dirumah sambil ngemil hhhheem:(”",Tidak Ada
"Ya brarti mending guru, kan gak ada ibu guru nya RT @niccobordax: Pramugari kan buat cwek sihh╮(╯_╰)╭ RT @mikedarsiaarvic: Dari pada ja",Tidak Ada
"Hayoo masih ada yang belum tidur.. Pasti lagi kepikiran sesuatuu.. Mikirin orang yang gak mikirin kita itu useless kok, mending tidur :D",Tidak Ada
"Dicuekin,diabaikan,didiemin,ditinggalin,dibodoamatin,digak peduliin,gak dikasih kabar. Udah biasa! Udah kuat! Udah gak kaget! Udah kebal!",Tidak Ada
"Dicuekin,diabaikan,didiemin,ditinggalin,dibodoamatin,digak peduliin,gak dikasih kabar. Udah biasa! Udah kuat! Udah gak kaget! Udah kebal!",Tidak Ada
"Ini saking capeknya, mau istirahat aja udah gak kuat.",Tidak Ada
"Namja ---&gt; @CECI_LGeumHee: Mending cariin namja buat gue Yun '.' ""WeGotLoves: Kita mau ngapain nih ? yuna gak ada ide tiba2 ._____.""",Tidak Ada
"cowok / cewek di dunia roleplayer masih banyak kak ngapain nungguin dia kalo enggak ada kepastian yang jelas mending cari yg lain, iya gak ?",Tidak Ada
"Dicuekin,diabaikan,didiemin,ditinggalin,dibodoamatin,digak peduliin,gak dikasih kabar. Udah biasa! Udah kuat! Udah gak kaget! Udah kebal!",Tidak Ada
"Tul! @jer4070: kl sblm pileg jkw gak dicalonin, gak bkl milih PDIP. Jkw mending gubernur, ya itung2 ada satu wilayah indonesia yg jg baik.",Tidak Ada
"Mending, daripada gak ada hatinya. :( RT @astymeta: adelladellaide Anatomi kecoa emang gak ada otaknya kok kak.",Tidak Ada
@maafbercanda - Gak ada tapi-tapian. Mending traktir-traktiran. Huh!,Tidak Ada
"[From The Archive]: Iwan Setyawan: ""Saya Capek Hidup Melarat""",Berat
Kalau hatiku punya tangan pasti ia udah melambaikan tangan kalau sebenarnya hatiku udah gak kuat buat nahan perih yang aku rasakan :(:(:(,Tidak Ada
"Minggu siang, gak ada acara menarik d TV, mending Twitteran. -.- #Ketik2",Tidak Ada
"Dari pada bengong dan gak tau mau kemana, mending ke BKB ada event #EnakTerus bersama MYTEA banyak game dan merchandise utk kamu @MyBroSayz",Tidak Ada
"Hari minggu besok, gak tau mau kemana, mending ke BKB ada event #EnakTerus bersama MYTEA banyak game dan merchandise utk kamu @MyBroSayz",Tidak Ada
@ananti mending ada kan daripada gak sama sekali?,Tidak Ada
@KevinPrawira_ yahhh boleh lah. Dikompres gak? Mending Drive. Emang hape lo nggak ada Drive?,Tidak Ada
"daripada gak ada kerjaan sore ini, mending dengerin #sorelam yuk ada @MamatBakrie &amp; @FebyKurniya",Tidak Ada
Insan muda! Daripada kamu gak ada kerjaan mending request lagu barat favorit kamu ke 08122011059 atau mention:D #ShineAfterLunch,Tidak Ada
"@angganggok itu bukan persoalan, kan bukan genre lu tuh..iye gak? Drpd cm kd baju tidur kan mending ada yg ngerawat;p",Tidak Ada
"kalo mimin boleh saran, mending pilih presiden EM yg ngefans ama @naviculamusic ...tapi ada gak yaaa/ :p",Tidak Ada
@meuthia_echa kalo sama aja ama tv lain mending NET. gak usah ada ;),Tidak Ada
"LDR,,, santai ajah yang penting perasaan kuat n yakin kalo dia ngak selingkuh disana... EEHHH udah YAKIN malah Gak Ada kabar,,, Kasiann..!!!",Tidak Ada
"wah TL sepi gini pada ngilang, pengen dibilang mau mamingan gt? :p ujan mblo ujan",Tidak Ada
"Pegel dengernya &gt;&gt; ""@dwi_efananda: Pingin berbisnis, saya gak ada modal ""@Hanya2Menit Drpd berkeluh-kesah ttg gaji, mending bisnis sendiri",Tidak Ada
"#Aries Dicuekin, diabaikan, didiemin, ditinggalin, digak peduliin, gak dikasih kabar. Udah biasa! Udah kuat! Udah gak kaget! Udah kebal!",Tidak Ada
#sobatisenk pengen bisa terbang / menghilang / lari 1000 kuda ?,Tidak Ada
"Mending pake toresto aja:DRT @Hendy_30: @dokterdroid min, ada link download instafood pro gak?",Tidak Ada
"Kayaknya 766 lagu, udah gak kuat kayak dulu RT @YogaB_kone Yah, hari ini mau nyanyi brapa ratus lagu di Sastra Unpad?",Tidak Ada
"Nangis bukan berarti nunjukkin kalo cewe itu lemah, itu tanda hati cewe emang udah bener-bener gak kuat buat mendem unek-uneknya.",Tidak Ada
"Dicuekin,diabaikan,didiemin,ditinggalin,dibodoamatin,digak peduliin,gak dikasih kabar. Udah biasa! Udah kuat! Udah gak kaget! Udah kebal!",Tidak Ada
"Beb, aku udah cape | mmhh dikit lg beb | tapi aku udah gak kuat nih.. Ochh no | dikit lg | Ogah! Gw udah cape dorong mobil butut lu! Щ(ºДºщ)",Tidak Ada
Haha uji nyali ya “@windanoviaa: @Teukuryzki99 good luck ya bang buat uas nya :) kalo udah gak kuat lambaikan tangan aja :D”,Tidak Ada
Line up udah lo atur? kalo masih ada pemain cedera di line up lo mending lo tarik deh daripada gak ngasilin poin #FMSuperSoccer,Tidak Ada
"Mau nanya dulu nih, mending bobo mimpiin Sule apa Suzana? Pilihannya gak ada yang menarik ya.. Hehe..",Tidak Ada
"Nangis bukan berarti nunjukkin kalo cewe itu lemah, itu tanda hati cewe emang udah bener-bener gak kuat buat mendem unek-uneknya :')",Tidak Ada
"Dicuekin, diabaikan, didiemin, ditinggalin, dibodoamatin, gak dipeduliin, gak dikasih kabar. Udah biasa! Udah kuat! Udah gak kaget!",Tidak Ada
"""Pengen sih berhenti stalking, tapi...,"" kata stalkers yang udah kecanduan.",Tidak Ada
"Ya kalo enggak sanggup nahan kangen mending diem, dari pada meledak-ledak gak guna jugakan, yang ada bikin dia tertekan.",Tidak Ada
"@chesteraditya @joyritchie prinsipnya kalo gak ada duit bikin acara mending gak usah bikin, kecuali acara amal,lain soal, gak dibayar jg gpp",Tidak Ada
Cek @JAPSTAR2 RT @Ifaaadisini: masih ada jasa delivery ga siih? Waktu itu ada tp skr menghilang.. pengen sushi niih.. tp males keluar,Tidak Ada
Pengen berhenti lepas dari idoling deh. Asli.,Tidak Ada
"Kalo gak ada kerjaan mending ngaji, ngapain ngurusuhin cowok lugu kayak gue. BUNDERAN WARU PAK !!",Tidak Ada
gak ada kerjaan sore ini?? mending langsung nyalain radio Anda dan dengarkan #sorelam bersama @MamatBakrie &amp; @FebyKurniya cuman di 96.0FM,Tidak Ada
Emang gak capek tiap hari ngurusin hidup orang terus?,Tidak Ada
Lucu ketawan plagiat alibi terus :) muka taro mn? RT @NorthCoast_1933: Gak ada kerjaan yes? Mending ikut demo manajemen mu yg bobrok noh *eh,Tidak Ada
"Ada moment pas kita ngerasa capek,bosen,marah,kesel sama hidup kita sendiri, gua pun pernah di posisi itu..",Tidak Ada
"Sedih bgt liat TKI di Arab Saudi. Sadap2 Ostrali itu gak ada apa2nya lah. Mending urus TKI yuk. Bikin lap.kerja lbh byk, ajarin urus duit",Ringan
"#Gemini sebenernya mah udah gak kuat, tapi di kuat-kuatin aja. :)",Tidak Ada
"Kalo Cuma bagi” doing mah gak ada seru”nya kan, mending dibuat kuis aja yah sekalian :D Setuju kan?",Tidak Ada
"Kekanak-kanakan jg ada batasnya, lek perilakumu seakan-akan koyok iso orep dewe gak btuh wong liyo mending minggat nang alas kono",Tidak Ada
"Urus deh hidup lo sendiri,gak capek ngurusin orang lain?",Ringan
"Karena malam minggu, gak ada yg ngajakin keluar, ditambah hujan rintik2.. Mending merapat yuk bareng mimin liat #KCinemaNET :)",Tidak Ada
"Kalo pengen kaya, Kayakan dulu isi pikiran dg ilmu2 yang bermanfaat. Selama masih hidup, ga boleh berhenti dlm menuntut ilmu.",Tidak Ada
"Gk usa nangis !!! Sabar ja sampe mati !! Hidup itu kerass , jng lembek km ngadapinx !! Shiit !! Capek !!",Tidak Ada
"Gak ada acara sore ini? Ayok mending ikut Pablo k KJ tail #UjicobArema vs Jember UTD, GRATIS!!",Tidak Ada
Kok pengen bisa ngilang kenapa hayoo? :p &gt;&gt; @KhoirilFikriM @swaragamafm pengen bisa ngilang sama terbang broo :D .,Tidak Ada
"Kalo cuma buat dapat status, cuma biar ada yang ditelpon, ya mending gak usah LDR, buang waktu dan habisin pulsa aja.",Tidak Ada
"Data"" Penting Hilang :) bukan Berarti aku berhenti :v Malahan Pengen Mulai dari awal lagi agar sempurna ):D #hackertoinside",Tidak Ada
gak mungkin pemerintah biayai semua penggantian armada baru. harus ada dukungan dr masyarakat juga. mikir deh mending (via @radenkikin),Tidak Ada
"klo masih gak mau beralih k angkutn umum, gimana mau dibenahi, kan anggrannya gak ada. jadi pada mikir deh mending. (via @radenkikin)",Tidak Ada
"@aMrazing Gak kuat Lex.. Ya udah, Ura aja~ Kapan?! :""&gt;",Tidak Ada
Gak capek mbaksis hidup ngikutin orang mulu segala mau sok meninggi malah jadi dipandang rendah? Plisdeh.,Tidak Ada
"dan yg gak ada kepentingan buat keluar,,mending g usah keluar,,soalnya ada Konvoi OVJ jg mulai jam 8,,jd kayaknya bakal macet Kota Malang :)",Tidak Ada
@TheWiwince iya nanti naik M26 aja dari cwang jgn dari pgc gak ada. Abis itu mending langsung naik ojek soalnya angkot di galaxy agak susah,Tidak Ada
Capek mikir hidup,Ringan
"Kalo tiap ribut selalu ngungkit masa lalu, mending putus aja deh. Karena gak bakalan ada ujungnya :)",Tidak Ada
"Ya kalo gak ada manfaatnya, mending gak usah dipikirin. Simple...",Tidak Ada
Lo itu kalo gak ada kerjaan jangan cari masalah. Mending lo itu beramal jadi babu gue aja sini!!,Tidak Ada
"Jenuh, masalahnya udah terlalu lama gak ketemuan. Balik lagi ke pelaku #LDR-nya, ada yang kuat ada yang enggak. :)",Tidak Ada
"Udah ye, daripada ente cuma melayang2 di dunia teori dan rencana, mending laksanain aje, @harismz. Setahu ane, sejak 1956, gak ada yg sakses",Tidak Ada
"Klo cemburu ditahan, kecewa ditahan, sakit hati ditahan, tapi klo udah gak kuat air matanya dah keluar itulah cewe",Ringan
"Kalo cewek udah mutusin, kemungkinan ada 2 sebabnya: 1.) mau liat perjuangan si cowok untuk mempertahankan, 2.) udah capek &amp; gak kuat lagi.",Ringan
"Kisah si emak belum berhenti untuk meraih cita""nya, ikuti kelanjutan kisahnya dalam "" EMak Ijah Pengen Ke Mekah pukul 21:00 WIB",Tidak Ada
@finskey biar lengkap gitu LINE WA BBM. Buat Navy's Store sih. Udah gak kuat pake BB. 😫,Tidak Ada
"sebenarnya aku sudah capek, kalo kita kayak gini terus, aku pengen kita berhenti ribut, musuhan dan bertengkar, kamu mau kan?”",Tidak Ada
"kalo punya pacar tp g pernah dihubungin sih,mending jomblo deh,,klo jomblo kan paling gak udah terbiasa gak ada yg ngubungin,jd g ngarep :D",Tidak Ada
Ciyee yang lagi nahan kangen padahal udah gak kuat banget pengen ketemu. yakin itu disana dia gak selingkuh sama yang lain ?,Tidak Ada
"akhirnya dia sadar » ""@savicali: Dan kalo gak mau capek ranselnya jgn kebanyakan barang. #eh | Hidup itu spt ransel""",Tidak Ada
Dan kalo gak mau capek ranselnya jgn kebanyakan barang. #eh RT @AlissaWahid: Hidup itu seperti (cont),Tidak Ada
"Kalo ada yg bilang lebih baik sakit gigi drpd sakit hati, aku cuma mau bilang Goblok Raimu Cok, mending sakit hati lah gak ngrasain ngilu",Ringan
malam minggu gak ada kegiatan dan jomblo? mending ikutan #USUjodoh biar rame...,Tidak Ada
"Buat kawan simPATI yang gak kemana-mana, mending mainan game aja yuk. Ada game #simPATIBPL sama game Tebak Lirik #DapatLebih lho!",Tidak Ada
Kenapa smoking room malah pengen berhenti ngerokok? Karena biasanya sumpek banget sama asap. Trus bikin baju/badan bau banget.,Tidak Ada
"Ngomong-ngomong, smoking room di Bandara itu sangat bagus. Bikin orang pengen berhenti merokok.",Tidak Ada
#SlankNggakAdaMatinya Bro udah gak ada kesibukan?!? Mending nonton @AFIndosiar sekarang!! Ada @fishGOD yg kembali jadi juri!!!,Tidak Ada
Wanita : 1. Pengen Kurus Tapi Ngga Bisa Berhenti Makan. 2. Pengen Hemat tapi Ngga Bisa Berhenti Belanja.,Tidak Ada
Ciyee yang lagi nahan kangen padahal udah gak kuat banget pengen ketemu. yakin itu disana dia gak selingkuh sama yang lain ? Hahaha,Tidak Ada
Kalau gak ada kasus #Sapi entah bagaiaman pongahnya partai #sapi yang kau puja itu. Mending bersihkan partai dr maling2 @bayprio,Tidak Ada
"Mending di tempatmu aja, Bos @MustofaNahra. Kalau ditagih @hafidz_ary besok di jakarta mah gak bisa. Ada kerjaan. @cintasaja",Tidak Ada
"Klo pengen bisa bobok, coba itu mata nya merem trus berhenti ngjak ngobrol !!",Tidak Ada
"Bukan mending mana, tapi mampunya apa. “@hansdavidian: Mending mati muda tapi dikenang sepanjang masa atau idup tua &amp; gak ada yg inget?”",Tidak Ada
"Kalo udah lelah ditanya ""pacarnya mana?"" tiap acara keluarga, mending pasang ""pacarnya gak ada"" di jidat sebelum ditanya.",Ringan
"mending ente baca dulu, ada apa gak? :p @hafidz_ary @Dunia_Qu",Tidak Ada
Cewek kalo udah gak kuat buat sabar ya bisanya cuma nangis,Tidak Ada
"@ssirah @AchyatAhmad @hafidz_ary @eryghifar mending ente capture-in aja tweet ane yang dukung JIL. Kalau sebagian setuju-sebagian gak, ada.",Tidak Ada
"Dicuekin, didiemin, ditinggalin, dibodo amatin, di gak peduliin, gak dikasih kabar. Udah biasa. Udah kuat. Udah gak kaget. Udah kebal !",Tidak Ada
"Daripada ngerasani JIL dg cara gak jelas gitu, kan mending kalo ada sumbangan pencerahan, @ssirah :p",Tidak Ada
Intinya lo harus ngilang dulu kalo emang pengen tau doi serius sama lo apa nggak #PERAS,Tidak Ada
"Mending kalau akhirnya pelaminan, kalau engga? | Mending pas udh nikah gak ada masalah, bukti nyatanya? Itulah knp saya milih #NikahMuda :)",Tidak Ada
"ah sudahlah, daripada sibuk mikirin koruptor yang gak ada abisnya, mending gue ngajakin anak jkt 48 patungan beli ciu; dapetnya banyak.",Tidak Ada
"*sodorin t*t* ""@abio_abie: Gue capek sama cobaan hidup di dunia fana ini. Aku bete. Aku pengen nete. #tsaaah""",Ringan
"pengen jawabin mention tp ada tamu bawa martabak, berhenti dulu deh",Tidak Ada
"Yang malam minggu gak ada acara, mending ikutan kuis #HUTJOGJA257, hanya sampai jam 21.00 aja ya.. info Cek Favorit &amp;",Tidak Ada
"Mending anda jd pengusaha, trs bikin kampusnya ""@yosajuniawan: kok di kuliah ada program kelas karyawan, tapi gak ada program kls pengusaha?",Tidak Ada
"aku si udah capek. udah mau mikir gimana hidup aku nanti. aku cuma mau bilang.""aku sayang kamu,"" kl km tolak. yaudah!",Tidak Ada
Namanya juga cewe kalo udah gak kuat buat sabar ya bisanya cuma nangis,Tidak Ada
cakep! :D RT @jeblagLF: dari pada bette mending nonton film pendek SELURUH NAFAS INI lagi dech @myLASTCHILD gak ada bosen nya ..,Tidak Ada
"Daripada gak ada kerjaan, mending main tetris aja di kulkas kamu pakai magnet ini! #SMARTidea",Tidak Ada
"Terlalu banyak pikiran yg gak di ungkapkan, bisa bikin stress! Mending kalo ada apa2 di ungkapin.. jgn di pendem terus.",Tidak Ada
"#PRAHARA | Shenna ""Duh sebenernya gue tuh pengen berhenti berharap sama dia, tapi kok dia tiba-tiba berubah yaaaa??? :"")""",Tidak Ada
"Lelah, letih, capek? Yaa nama nya juga hidup, makanya ada teknologi bernama tidur :-)",Ringan
@TitiwAkmar @escoret memang berbohong dan hidup penuh kepalsuan itu bikin capek tiw. mending apa adanya kan?,Tidak Ada
"#suaraBDG via @diaaanNG: pak @ridwankamil cepet bikin jalur buat sepeda, udah gak kuat kayuh sepeda ke kampus tanpa diklaksonin org #DAbdg",Tidak Ada
"Kalau lagi galau terus liat ada mantan lain di timeline, mending gak usah ngetwit, takut dia-nya ke-geer-an. :D",Tidak Ada
"Hayuks pak, bukber qtah RT @maman1965: Ya, ada apa? Mending dinner yuk, dijadwalkan. Si Mimin gak usah ...",Tidak Ada
"Ya, ada apa? Mending dinner yuk, dijadwalkan. Si Mimin gak usah diajak @dagnesia @b_ok_is @Dsinathrya #kabooorrrr",Tidak Ada
"Kalo cuman pas ada perlunya aja baru muncul, mending gak usah muncul selamanya deh :))",Tidak Ada
@jivatrosidi Kalo gak ada action mending gak usah. Bye~,Tidak Ada
"Tepatnya klo nggak ada perbaikan. RT @mypopppy: iya min, ga seburuk yg dikira. tapi kalo jd lebih buruk mending gak usah. ye kan?",Tidak Ada
"kalo BORING, pacar gak usah diputusin. Mending di JAILBREAK biar ada mainan baru. Ok? Gak.",Tidak Ada
@alrsk kalo yg kamu katakan itu kebenaran maka itu bukan sesumbar.. Tp mending gak usah koar2 dulu kalo blm ada wujudnya..,Tidak Ada
"sing penting ojok jotos2an “@jphy_89: Klo gak ada yg lbh bgus dr RD mending gak usah sam! ""@Yipta: Min @AremaFC coach arema di ganti gk?”",Tidak Ada
"@TheRealTULLOH mmm itu gak masuk kategori korupsi yg ada di UU kita deh. Gak merugikan negara ya? Tp mending gak usah daftar deh, ngaco",Tidak Ada
3. Xavi paling gak suka kalo ada yg cerita ke dia tapi berhenti di tengah2. Kalo nanggung mending gak usah cerita katanya #xavi33,Tidak Ada
"Gak usah ngmngin farhat, mending skrg ke matchboxtoo aja bro, ada openmic @StandUpIndo_SBY :)))",Tidak Ada
"Aku bukannya menghilang, aku cuma pengen kamu nyariin aku aja. ( ._.)/ (@angelaamoy)",Tidak Ada
Baik karena ada maunya apa gunanya? Mending gak usah sama sekali!! #aS,Tidak Ada
Kamu mending gak usah ngomong “aku sayang kamu” deh kalo ujungnya ada “…sebagai sahabat”-nya. ( ˘͡ -˘͡),Tidak Ada
@coenpontoh @ihsan_AF @azis_af Blue jasmine sekeren film2 lama woody allen. Cate blanchett ciamik beud maennya. Ga nonton mending mati :),Tidak Ada
"Jika kita hidup di dunia monokrom, kita semua akan depresi berat.",Tidak Ada
puk puk puk.... RT @FunJunkies hare geneeee masih mention ngajak kenalan. mending pura2 mati.,Tidak Ada
"Jika kita hidup di dunia monokrom, kita semua akan depresi berat.",Tidak Ada
"Jika kita hidup di dunia monokrom, kita semua akan depresi berat.",Tidak Ada
"Jika kita hidup di dunia monokrom, kita semua akan depresi berat.",Tidak Ada
"Jika kita hidup di dunia monokrom, kita semua akan depresi berat.",Tidak Ada
"Gawat, kalau @TabernaVeste sudah update barang baru. Mending pura-pura mati nanti pingin semua.",Tidak Ada
mending kesetrum apa kesambet? — Yang mana aja asal gak bikin gw mati berooohhh.,Tidak Ada
"Ternyata, depresi paska melahirkan bisa membuat ibu enggan beraktivitas sehingga berat badan (BB) bertambah.",Tidak Ada
"Jika kita hidup di dunia monokrom, kita semua akan depresi berat.",Tidak Ada
pengen bunuh diri frustasi,Berat
"tapi masih mending sih dibanding orang yg udah tau mau perlu sama orang, tapi masih sombong setengah mati :p",Tidak Ada
"""@dimastayo: Daripada mati lampu marah-marah di twitter, mending bikin perusahaan listrik sendiri.""",Tidak Ada
"Merokok bisa mati !!!, mending merokok aja sampai mati",Tidak Ada
"Bro @negativisme mending mana, koruptor di hukum mati atau seumur hidup di suruh kerja sosial (kerja rodi bikin jembatan sumatera-jawa)",Tidak Ada
"aku mending diluar,hipotermia,trus mati RT @Kenarumpe: curiga nanti klo ke ranu kumbolo, kangmas setenda sama ainun lagi :))))",Tidak Ada
"Kalo lo sungguh-sungguh ya bakal sukses, kalo males mending mati aja.",Tidak Ada
"Ngerokok mati, ga ngerokok mau mati! Mending ngerokok sampe mati!!",Tidak Ada
Iya :) RT @M_rizQy: @yunarto isi otak lu cuman Ahok &amp; PDIP. Survey yg lu bikin udh ga objektif lg. Kristen fanatik sprti lu mending cpt mati,Tidak Ada
"Pikiran lagi kacau, stres dan depresi berat karena jomblo? Ingat, Adam Young juga jomblo, tetap positif thinking yak.. #HootTips",Tidak Ada
"Dia tidak tahu bahwa siapa pun yang dibunuh, maka dia pembunuh RT @juliantikartika yah kenapa masih ada orang yang pengen bunuh diri yah?",Tidak Ada
konsultasisyariah Mengobati Depresi Berat @Kons_Syariah,Tidak Ada
Mati Lampu! Paling kesel kalo mati lampu JANGAN KAU HABISKAN UANG RAKYAT HEY PARA KORUPTOR!!! MENDING PAKE BUAT MEMPERTAHANKAN LISTRIK!!!!!!,Tidak Ada
"Mending mati. Org Bali bilang, ""Taksu"" hrs diwujudkan dlm ""mekarya"" dan ""ngayah"" @WotsTheFuck: kalau ga produktif la opo cuk...""",Tidak Ada
"Dirokokan sampe mati enakan ngeRT @Bongeesastro: Merokok MATI,,,,nggak meroko MATI ,,,,??JADI MENDING MEROKOK SAMPE MATI...",Tidak Ada
"Kelebihan berat badan itu bisa buat depresi. Sialnya, obat depresi paling manjur itu makan-makan!",Tidak Ada
"Kok kayak jadi pada baru bisa nulis berita dan nulis cerpen gitu, yak? Bingung gue. Ah, mending mati ditembak Jepang aja. Aaaak!!",Tidak Ada
Pesantren Suryalaya di Tasikmalaya @d33Asri: @Gus_Sholah asslmlkm we wb. Gus ada rekomen pesantren utk org depresi berat? Laki2 usia 55th.,Tidak Ada
Kalo di rel kereta api itu mesin mobil/motor pasti bakal mati.. Makannya kalo kereta mau melintas mending diem tungguin lewat deh tuh kereta,Tidak Ada
"Kata menkes, banyak lho obat yg mengandung lemak babi. Jadi daripada minum yg haram, mending sakit aja, terus mati dan cepet masuk surga :')",Tidak Ada
"vonis 4,5 th msh senyum; jd 12 th + 40 Miliar uang pengganti, lgsg depresi &amp; pingsan. koruptor mmg hrs dibeginikan &gt; HUKUM BERAT + MISKINKAN",Tidak Ada
"kalo mau aborsi jgn experimen deh mending ke dokter yg pengalaman RT @siomozzy: @midiahn aborsi kejeman, nyari yang mati alus aja Ots lah",Tidak Ada
"Kl lg mati listrik gini jd bs mrsakn mreka yg hdp tnpa listrik""@26_pratama Mending aliran,, anu teu kabagean listrik samasekali ge aya knh""",Tidak Ada
"Yang disidang melanggar jalur busway, terus marah-marah, mending mati aja deh. :))",Tidak Ada
Kalo yg mati gayanya suka bengong mending ceritain sama @jensmichael malem ini lg kebayang apa sihh yg bikin #MendadakPengen?,Tidak Ada
"Merokok bikin mati, g ngerokok setengah mati,, mending merokok sampai mati",Tidak Ada
":O RT @rifiade: Mending mati digantung syal!! ""@Green_Nord27: milih SETIA opo berpaling nang (cont)",Tidak Ada
Dan waktu kecil Kemper sering ngelakuin sexual harrassment ke temen-temennya (kebanyakan cewe) yang galau dan ngaku pengen bunuh diri.,Berat
"Depresi Berat, Ibu Tiga Anak Nekat Gorok Leher Sendiri",Tidak Ada
Mati gaya di jalan pulang? Mending ngemil TimTam karena Beli 2 GRATIS 1 Lho ----&gt;,Tidak Ada
"1. Tahu Mr Krabs kan? Dia adalah bos dari Spongebob di burger Kraby Pathy. Ceritanya, setelah perang, Mr Krabs mengalami depresi berat. -c-",Tidak Ada
"Itu yang jomblo jangan coba-coba dengerin lagu melow deh, nanti bawaannya pengen bunuh diri (˘̩̩̩ε˘̩ƪ)",Tidak Ada
Mending mati lampu daripada mati______. #isibebas [@sindyasta],Tidak Ada
Tip Sehat: Yoga Mengatasi Gangguan Emosi dan Depresi Berat,Tidak Ada
Teman km yg cinta mati ama #FTV mending bsk diajakin ke acara #PekanFilmYogya2013 biar dia kembali sadar dan tobat tuips!,Tidak Ada
Kalo ada temenmu yang cinta mati ama #FTV mending besok ajak ke acara #PekanFilmYogya2013 deh. biar terbuka jalan hidupnya. #Uwopoh,Tidak Ada
"Pokoknya asal jgn setengah mateng aja RT @edvinaawn yah, mending rindu setengah mati apa setengah hidup? Jgn blg setengah mateng?!",Tidak Ada
"Malam-malam daripada bengong trus bikin ayam tetangga ayam mati, mending ngobrol bareng Mister aja. #FreeFriday",Tidak Ada
hidup lo kalo cuma mau enaknya doang mending mati aje! Gak guna lo sampah!,Tidak Ada
"KALO CUMA BERANI BACOT DOANG, GALI KUBURAN SENDIRI! MENDING MATI AJA LU!!",Tidak Ada
"Jika kita hidup di dunia monokrom, kita semua akan depresi berat.",Tidak Ada
"Jika kita hidup di dunia monokrom, kita semua akan depresi berat.",Tidak Ada
Mending Mati Tenang Dari Pada Hidup Sengsara,Tidak Ada
"Jika kita hidup di dunia monokrom, kita semua akan depresi berat.",Tidak Ada
"TERPOPULER METRO - Dipaksa Adegan Mesum, Siswi SMP Alami Depresi Berat",Tidak Ada
Tapi daripada mati gaya wktu nntn #BattleOfRED krna keabisan makanan. Mending stok dlu ke Alfamidi :),Tidak Ada
"Jika kita hidup di dunia monokrom, kita semua akan depresi berat.",Tidak Ada
"#berita | Dipaksa Adegan Mesum, Siswi SMP Alami Depresi Berat: Komnas PA meminta pihak kepolisian menunggu hin...",Tidak Ada
"Dipaksa Adegan Mesum, Siswi SMP Alami Depresi Berat",Tidak Ada
"Besok lusa kalo pengen bunuh diri jangan pake baygon lagi. Anti mainstream dikit lah, minum parem kocok ..",Tidak Ada
"Jika kita hidup di dunia monokrom, kita semua akan depresi berat.",Tidak Ada
"Ikan mati masih bisa diasinin, semangat mati mending dikuburin. ~ Krishnamurti",Tidak Ada
"Jika kita hidup di dunia monokrom, kita semua akan depresi berat.",Tidak Ada
"*puterin lagu Cinta Laura ""@om_duda: Minggu itu play list lagunya yg nge beat, kl lagu galau dpt semangat kagak, pengen bunuh diri iya.""",Berat
"Mending MATI! RW @ernestprakasa: Caleg PPP Dapil Buton III, @Arie_Kriting. Gagah, Jenaka, Amanah. Coblos atau mati!!!",Tidak Ada
"Daripada makin stress kena macet atau yang udah mati gaya di rumah, mending kita mengkhayal nih, #MendadakPengen apa sih Ladies &amp; Gentlemen?",Tidak Ada
"Kalo bisanya cuma bikin sakit, mending kamu mati aja deh.",Tidak Ada
"Wkwkwkkw""@PAULUSEKO: Malam ini kambing, sapi dan ayam depresi berat bsk akan trjd tangisan masal... Dan sang babi tertawa sinis wkkwk""",Tidak Ada
"Opsi lain: jd simpenan pejabat RT @sintingg: Pengen terkenal tapi gak ngelakuin apa2, ya bunuh diri aja mending.",Tidak Ada
kalo cuma mau enaknya doang mending lo mati aja sana.,Tidak Ada
Dripada mati krna dingin. Mending pindah ruangan lah. Acimmm.,Tidak Ada
Wanita dengan berat badan lebih besar kemungkinannya untuk menderita depresi ketimbang wanita dengan berat badan normal,Tidak Ada
"Koruptor ga usah di hukum mati lah. Ga manusiawi. Mending sita aja seluruh hartanya, terus dipenjara suruh makan tai rakyat miskin.",Tidak Ada
"mending g mati dri pda hidup bgni terus"" san mikin hati nyesek bgt!!",Tidak Ada
"Kalo ngadepin cewek PMS mending kita tau apa yang bener-bener doi pengin, dan tau cara pura-pura mati.",Tidak Ada
"Hater.. ""@Redjopi: Lempar tali tambang ke temlen. Kali2 aja ada pens MU yg pengen bunuh diri... Hahahahaha""",Tidak Ada
Mending lemu daripada mati kelaparan. Yora ndut ?,Tidak Ada
"Jika kita hidup di dunia monokrom, kita semua akan depresi berat.",Tidak Ada
"@asadfatchul nek streamingan madesu e brur,tau kecewa setengah mati,nek streamingan mending nonton nang omahku,langganan orange TV :P",Tidak Ada
@NikitaMirzani orang g punya malu dasar pecun. Mending zaskia masih punya malu. Lu poto telanjang di kasih kepacar lo. Kaya g mau mati aj.,Tidak Ada
"Jika kita hidup di dunia monokrom, kita semua akan depresi berat.",Tidak Ada
Makan Junk Food Berlebihan Bisa Picu Kenaikan Berat Badan dan Depresi via @detikfood,Tidak Ada
Makan Junk Food Berlebihan Bisa Picu Kenaikan Berat Badan dan Depresi,Tidak Ada
"berakit rakit kehulu , berenang-renang kemudian dari pada jomblo melulu,mending mati sekalian",Tidak Ada
lagi2 ada terror penembakan mati polisi...mending tembak koruptor deh...saya rela jadi donatur ataupun pelaku...,Tidak Ada
"Jika kita hidup di dunia monokrom, kita semua akan depresi berat.",Tidak Ada
"Gue sih masih bersyukur krn yg ilang cm benda mati. Coba tempo itu gue nyeletuk, ""Mending ilang nyawa deh drpd camera ini."" *ngikk* :/",Tidak Ada
Rumah itu aset mati. Mending nyicil buat bikin tempat usaha. RT @ciiwahyuni: kalo nyicil buat beli rumah gimana? Ada recommend bang?,Tidak Ada
"Ya ""@kenotbblenk: @yukimetall @pln_123 knapa klo mati listrik banyak yg lapor @fadjroeL Mending nyalain petromak, lilin,ato genset lbh real",Tidak Ada
"Jika kita hidup di dunia monokrom, kita semua akan depresi berat.",Tidak Ada
"Di Jawa msh mending RT @kangmeirza: Pln makin parah RT @panca66: Skrg separoh Jateng-DIY mati listrik, mulai rame beritanya di media",Tidak Ada
"@huftbangets mending. Ini kagak diapa-apain mati. Keselnya kalo lg ngetik panjang2, tiba2 mati. Kan anjing.",Tidak Ada
"Gebetan gue rela mati demi gue. Iya. Waktu gue nembak dia, dia bilang ""mending gue bunuh diri deh, daripada pacaran sama lo."" Terharu. :')",Tidak Ada
"Sulit menyangkal zaman ini adl zaman gelap dan panas, di mana stres/depresi jadi beban berat",Ringan
Sepuluh Napi Pekanbaru Alami Depresi Berat,Tidak Ada
Bunuh diri aja gih.. “@AryanataR: PENGEN BANGET NGEROKOK TAPI MALES BELINYA!!! !@#$%^&amp;*”,Tidak Ada
WHAATTTT????FAAAAAKKKK “@Jillyarfanii: PENGEN BUNUH DIRI!! RT @koreanindo: Ji Sung Melamar Lee Bo Young Di Spanyol #,Tidak Ada
"Problem kebykan anak muda, mereka mati2an ngabisin uang utk hal yg gak dibawa mati. Mending dipake bisnis :)",Tidak Ada
WHO meramalkan depresi akan menjadi beban kemanusiaan yg sangat berat di thn 2020,Ringan
"Yang pengen bunuh diri cowo -__- RT @vidyaanisa: kek ga ada cowo lain aja, gampang banget tuh orang akhirin hidupnya cuma cowo UrbanCikarang",Tidak Ada
"23.05 Kayanya percobaan bunuh diri berencana tuh, abis udah bawa pisau cutter dan niat pengen nabrakin diri terus motornya ditinggal",Tidak Ada
Mungkin biar keren RT @ainiaini20: Kenapa harus depan mcd :/ RT @UrbanCikarang: 22.57 Ada-ada aja. Diputusin cewenya nekad pengen bunuh diri,Tidak Ada
22.57 Ada-ada aja. Diputusin cewenya nekad pengen bunuh diri di depan McD Jababeka.,Tidak Ada
"Klw kata Mintwo seh dari pada mreka buat UU ttg tes kperawanan, mending buat UU hukuman mati pelaku KKN &amp; Narkoba ^_^",Tidak Ada
Orang tua tersangka pembunuh Sisca Yofie depresi berat #Peristiwa,Tidak Ada
Tp skorsing dan pelecehan tak bikin LaShawn hancur sih.Pemutusan kontrak iklan besar seperti Nike tak bikin dia depresi berat..,Tidak Ada
pernah frustasi sampe pengen bunuh diri ga ? #KK,Berat
"Kasian nih orang, mungkin depresi berat sampe-sampe telanjang waktu mandi.",Tidak Ada
@rendraaa_oootoy @BRidwana @umamhaikal @MalvinSuperSic mending lo mati ajah,Tidak Ada
"Mantan mah gak usah dimaafin, mending di doain cepet mati. Hehehe",Tidak Ada
yaelah heboh amat takut ditanya kapan kawin. masih mending drpd ditanya kapan mati kan?,Tidak Ada
00.08 | @_slem18: msh mending tuh...gunung polisi mati lampu air malah hampir sebulan g dapat,Tidak Ada
"Jika kita hidup di dunia monokrom, kita semua akan depresi berat.",Tidak Ada
"Daripada pake kode-kodean ke gebetan. Mending pake GameShark. Nanti cinta nggak mati-mati, dan duit gebetan lo bisa £99999999999999.",Tidak Ada
Pak SBY daripada curhat galau di twitter mending gantung diri aja..rakyat seneng kok kalo lo mati,Ringan
"Lebay nih kk nya.....""@SriSriyuliea: Daripada sad lihat orang"" mention nya di bls sma @bagasrds mending off..sampai aku mati pun dia gk baka",Tidak Ada
"Masih mending, dari pada rombongan fpi :) “@Titirazak: @ryuhasan : kl mati ntar yg ngelayat rombongan nyamuk... :D”",Tidak Ada
"Jika kita hidup di dunia monokrom, kita semua akan depresi berat.",Tidak Ada
Tip Sehat: Yoga Mengatasi Gangguan Emosi dan Depresi Berat,Tidak Ada
"Jika kita hidup di dunia monokrom, kita semua akan depresi berat.",Tidak Ada
"Lima Tahun Dipenjara, TKW Sukabumi Pulang dengan Depresi Berat",Tidak Ada
Mending ditinggal pacar nikah sama org lain atau ditinggal mati? #HJ,Tidak Ada
Tribun Jakarta Mantan Agen: Adriano Depresi Berat dan Tak Ada yang Menolongnya: Diungka...,Tidak Ada
Mantan Agen: Adriano Depresi Berat dan Tak Ada yang Menolongnya,Tidak Ada
"Mantan Agen: Adriano Depresi Berat dan Tak Ada yang Menolongnya: Diungkapkan Gilmar Rinaldi, pemain yang sudah...",Tidak Ada
Adriano Leite Alami Depresi Berat | Mobile:,Tidak Ada
"Mantabbs RT @DebiVerdiana: Mati lampu kan, mending ngeplay lagu Pilu - @FebriYoga_SR :)",Tidak Ada
"Jika kita hidup di dunia monokrom, kita semua akan depresi berat.",Tidak Ada
"Yang berjuang, akhirnya mati. Yang tidak berjuang, pun mati juga. Yah, mending mati dalam perjuangan dan kebaikan",Tidak Ada
Cewek ngambek ? Solusi untuk cowoknya mending pura pura mati aja.,Tidak Ada
"Ngeluh mulu, mending mati aja gih....",Tidak Ada
"Jika kita hidup di dunia monokrom, kita semua akan depresi berat.",Tidak Ada
"@indrajegel @AnjasChambank @ochy2te_ngo2 @siLoLox udah malem , mau tidur harus liat foto itu ? Mending aku disuntik mati ..",Tidak Ada
lg pengen bunuh diri d tiang infus :'(,Berat
Nggak usah bingung entar mau jalan kemana. Mending bingung aja entar mati mau bawa apa. #wejanganmaghrib,Tidak Ada
"gelo bgt, bikin macet seluruh penjuru jakarta, belom ntar pulangnya niy jumat, mati aja mending jd org jakarta ☹ (via @treesy_k)",Tidak Ada
Briptu Rani Mengaku Dilecehkan: Saya Depresi Berat!,Tidak Ada
"mending kita sibuk buat cari bekal di akhirat... yang sibuk ngejar dunia saja ujung2nya mentok juga, mati juga, eh duitnya gak dibawa..",Tidak Ada
"""Ia membawa serta anakku, dalam keadaan demikan, aku depresi berat dan malu kepada orangtuaku.",Tidak Ada
"Tips UKK : kerjakan sebisanya , kalau ndak bisa tanyak teman teman nya , kalo ketauan nyonto , mending pura pura mati.",Tidak Ada
"Daripada lo mati bunuh diri, mending lo hidup bener bantuin keluarga lo! Klo ga,pemimpin lo yg nyuruh bunuh diri biar mati duluan drpd lo!",Tidak Ada
Ibu Bayi Dalam Pipa Depresi Berat,Tidak Ada
"""Merokok mati, nda merokok mati tonji. Mending merokok sampe mati"" &lt;-- motto na orang yang nda ada susahna.. -,-",Tidak Ada
"Sering kali stress berat karena putus hubungan cinta lah yg mendorong perempuan terjerumus dlm depresi klinis, mrk scr genetis memang rentan",Tidak Ada
"pengen jihaddd.... ""@Reku_Hizaki kau kenapa abang ""@AlqatiriHNZM_24 agggghhhhhhhh *bom bunuh diri*",Tidak Ada
"Silahkan... RT @Diosekarat: Merokok menyebabkan kematian ,kalo ga ngerokok lama2 juga mati ,mending ngerokok sampe mati #SalahTafsir",Tidak Ada
mati mending sono lu,Tidak Ada
"4b. Kurang tidur bisa menyebabkan depresi. Jika diet, akan membuat penurunan berat badan menjadi semakin sulit",Tidak Ada
"Bebeb gimana sih (˘̯˘ ) RT @detikcom: VIDEO : Foto Syur Dirinya Beredar, Briptu Rani Depresi Berat",Tidak Ada
"VIDEO : Foto Syur Dirinya Beredar, Briptu Rani Depresi Berat via @detik_tv",Tidak Ada
Orang orang bilang tiap hari kerja nyanyi gak capek apa?? Lucu banget pertanyaannya,Tidak Ada
sampai rumah capek banget,Ringan
@okaantara jg menambahkan tak mau setahun sekali krn main watak itu capek banget #KLCKillers,Tidak Ada
"Duh, seharian ini lelah banget. Lelah karmilah.",Ringan
"Kalo nyamuk bisa ngomong, mungkin dia akan bilang ""mblo, cari pacar gih. gua capek ngerubungin lo mulu""",Tidak Ada
"Iyaa@timmykepo: #timmykepo berasa capek banget?""",Tidak Ada
"Sobat @SejarahRI kita santai dulu ya, capek banget habis motongin tumpeng syukuran launching Website hihihi.",Tidak Ada
Hohoho RT @bellbella_06: Heran deh sama opa @faridajaasli aktif banget ._. ga capek ya opa? Ada aja ide buat bikin ketawa =)),Tidak Ada
"Elah TMZ gak capek apa ngeboong mulu,dpt duit dengan ngefitnah org,haram tuh😪😪😪 -P",Tidak Ada
"""@dwitasaridwita: Gak ngerti lagi, udah capek banget sama sikap cuek dan pengabaian kamu. Capek makan hati. Capek semua.""",Tidak Ada
"kamunya kapan bisa moveon?? nggak capek galau mulu di TL, ahh ..",Sedang
"#baukeringet ""@vertojkt: ""@robyru: We capek banget layanin dia mau dibantuin ? Hehehe""",Tidak Ada
"Waktu insomia pasti gak enak banget kan YOTers, badan jadi mudah lelah dan gak fokus. Dan #TOPNotes",Tidak Ada
"Itu gua lagi capek banget willl.......""@fahrezy_wildan: hhahahaha :D @astrawiguna08",Tidak Ada
Capek Banget........,Ringan
minggu yeah capek banget deh,Ringan
"capek janji mulu RT @FendhyHS: ""@PartaiSocmed: Kami terima tantangan taruhan @TrioMacan2000, jika masih berani :)",Tidak Ada
Emang gak capek boong mulu?,Tidak Ada
Mainnya kode-kodean mulu sih. Ya yang nebak capek juga. Mending langsung ngomong aja maunya apa.,Tidak Ada
"Segimanapun hati-hatinya kita jaga gadget, tetep aja ada baretnya. Udah capek ati-ati banget, eh baret, pasti ada nyesek sehari-dua harian.",Ringan
"Akhirnya ada yang ngakak juga! :| RT @Arbykr: @bayu_joo Bang, uda malem. Bobo biar sehat. Gak capek bikin followers ngakak mulu emang? :))",Tidak Ada
"Capek banget hari ini, tiduran dipaha kamu enak nih.",Ringan
"""Ngetwit mulu nggak capek?"", kayaknya elo yang kebanyakan komen deh malah yang capek.",Tidak Ada
"Bibir aku capek banget nih, boleh nggak aku senderan bentar dibibir kamu?",Ringan
Ya kenapa dihadapi? RT @DwiRsr: Cape banget ngadepin orang yg engga sadar-sadar kalo dirinya udah ditolak berkali-kali. Capek min huhu,Tidak Ada
Pukul 9 malam: aduh capek banget pengin buru-buru sampe rumah dan tidur. Pukul 2 dini hari: I’M WIDE AWAKE.,Ringan
":))))) RT @niaryuniyar: Masih aja ada pertanyaan ""Ngetweet mulu, ngga capek?"" Wey ngetweet wey bukan macul 5 hektar.",Tidak Ada
kamu gak capek ya ngasih aku harapan mulu? :(,Tidak Ada
"Stop posting ""aduh, hari ini capek banget"". Mulailah posting ""asyik, hari ini produktif banget"".",Ringan
Baca bro. Capek gue diledekin mulu. @TheAllien @hernestch @Van_deGraaf,Tidak Ada
teraSa lElah sElama libUraN padEt banget jam tErbangnya. hahaha...,Tidak Ada
"@Hanna_JKT48 dari tadi iklan ponari sering banget diputer,,ga capek han lari2 mulu",Tidak Ada
Inget juga! Cewek itu gak selamanya bisa sabar. Kalo dia udah lelah dan gundah banget pasti dia juga bakal ngerasa capek dan jenuh :),Ringan
"@siLoLox twit lucu dong, marah-marah mulu sih, gak capek emang?",Tidak Ada
saya pernah berada pada fase dimana saya dengerin banget dan ngikutin semua kritik terhadap saya. jadinya malah capek dan gak abis-abis.,Ringan
"Disuruh nyetirin mulu. Capek dia ""@cawan_biru: Klo mbak @FebryMeuthia hbs laga nganterin om Giggs pulang.""",Tidak Ada
"Makasi, ( ˙3˙) Maaf baru bales.. @srive_terpasung kak admin drtd lo gak capek yah ngetik2 bales mention orang2? Super banget kak adminnya",Tidak Ada
Bisa tampol2an! “@denbagushari: @jojosuherman kerupuk yg setengah lemes kena bubur itu the best banget! Bisa ribut kalau ada yg ngambil!!”,Tidak Ada
"Jaga perasaan pacar itu wajib. Jgn pegelin hatinya mulu, jgn capek in hatinya mulu. Gausah sibuk genit sama yg lain, sakit pst digituin.",Tidak Ada
Mimin galak -&gt; RT @my_supersoccer: Lah lo gak capek mention mulu? RT @tiasindaaaaah: @my_supersoccer min nggak capek bales2in mention terus?,Tidak Ada
"Lah lo gak capek mention mulu? RT @tiasindaaaaah: @my_supersoccer min, lo nggak capek bales2in mention terus?",Tidak Ada
capek banget. entahlah!,Ringan
"#wegotloveskepo udahan ya guys,, Luhan capek kepo mulu, -_-",Tidak Ada
Aq capek banget hari in,Ringan
Inget juga! Cewek itu gak selamanya bisa sabar. Kalo dia udah lelah dan gundah banget pasti dia juga bakal ngerasa capek dan jenuh :),Ringan
Gua capek sabar mulu..,Tidak Ada
INI INDAH BANGET. RT @jjoonma: Lemes beneran lemes bye makasih untuk semuanya tlist,Tidak Ada
"Bro @G_paseksuardika kami ini rakyat biasa, capek teka-teki, kl SEMUA elite Partai Demokrat masuk penjara krn korupsi kami senang banget!",Tidak Ada
Kabar2in yah kalo udah single... capek kepoin mulu nggak putus2 :(,Tidak Ada
Capek banget hari ini,Ringan
"""Capek jadi orang baik, dijahatin mulu."". | hmmm.. setau gue sih orang baik nggak pernah ngakuin kalo dirinya itu orang baik. Setau gue ya..",Tidak Ada
"Hari ini capek banget, capek dijalan :|",Ringan
"Sabar banget gue ngehadapin sifat lo yg kaya gini, kapan lo bisa berubah demi gue? Capek ngalah mulu. Peka dong:')",Tidak Ada
capek di bohongin mulu sama kmu..,Tidak Ada
UDAH DONG JANGAN BIKIN GUE SEDIH MULU ! GUE CAPEK ! SAD IS NOT MY STYLE [@rechan_Yeol],Sedang
"Tapi ini belum 100%. Tunggu besok baru gue edit-edit lagi, sekarang capek banget.",Ringan
"Oh, tos ballet?""@dessii11: Yap""@NotesSahabat: #SobatIndonesia Lagi berasa capek banget ?""""",Tidak Ada
"Cari duit biar bisa beli baju RT @riohardani2: Setiap saat kalo nyalain tv pasti ada @juliaperrez :D.. Gak capek mii, kerja mulu ?",Tidak Ada
"Capek kayak gini mulu"" ,, gak ada yg bsa buat gwa seneng ..",Tidak Ada
"Hati itu nggak akan selamanya bisa sabar, kalau sudah lelah banget, bakal merasa capek dan jenuh. ~ @.divonisjomblo",Ringan
"Ekspor ke EPL RT @LianIfandri: Kudu minum jamu gendong bang ""@IndraJPiliang: Lemes banget nih nendangnya The Thorrrresss. Sudah dua kali.""",Tidak Ada
Lemes banget nih nendangnya The Thorrrresss. Sudah dua kali. #KTBFFH!,Ringan
"Banyak banget maunya lo, capek gue!",Ringan
Capek banget itu sampe seharian maunya tidur mulu.,Tidak Ada
":)""@Laviolazulfira1: @SadidHolic gk capek dari tadi balesin mention terus ? --"" baik banget sih kamu.. :D""",Tidak Ada
"Yaudah iya gnight too yaa sayang♥♥ {}{} ""@primwidha: @fandy_aguss duuh aku ngantuk banget nihh aku tidur duluu ya capek baru sampe byeeee",Ringan
Capek pake banget~,Ringan
"aku capek dikekang mulu sm km,baru jadian aja udah ngekang2,gimana nanti klo udah nikah",Tidak Ada
Nampaknya siang ini harus extra aktif agar nanti malam capek banget dan bisa bobo nyenyak satu tahun,Ringan
"capek jadi orang cakep, dituduh suka maenin perasaan mulu sih, padahal lebih suka main game n internetan #huft",Tidak Ada
Capek pake banget,Ringan
"Sampe rumah capek banget, gak sempet ngabarin, tapi sempet update. Ah wes biyasa.",Ringan
Hufh main bola capek banGet nih ..,Ringan
"@kairunicha @ratihzani *baru kebangun, badan capek banget abis begadang..* T_T",Tidak Ada
"Ya mana ada dalang gak ngencukan. Energi ndalangnya dr mana? IQ? @adya_kreshna: kalo ngencuk gimana mbah? | Re : Males main film""",Tidak Ada
Sibuk banget:( and bnyak krja'an yg hrus di krjain:( capek:(,Tidak Ada
waduuuuuh..capek banget habis main,Ringan
Hey kita kapan pacarannya? ga capek pdkt'an mulu :'),Tidak Ada
@yudhasoulme @andy_ist - eh udah kek plis jgn bcanda mulu napa. capek asli,Tidak Ada
"Cape hati""@NotesSAHABAT: #SobatIndonesia Lagi berasa capek banget ?""",Tidak Ada
Sumpah capek banget dengerin orang tiap hari ngeluh. :/,Tidak Ada
"Capek! Udah jujur, tapi gak di percaya. Malah di tuduh2! Haha gak ngehargain banget :)",Tidak Ada
"Ada baiknya jam segini betulin be-ha bini loe, sambil betulin selimut. Doi pasti capek banget setelah diuyek-uyek semaleman ama anak elo",Ringan
@lintarockliar tadi yg dance kontemporer bro.. Keren abis.. Tangannya luwes dan lemes banget,Tidak Ada
"""Om... Kasihan om.. Saya udah capek banget ini Om...""",Ringan
"Ya Allah astagfirullah lemes banget busway yang gw naikin nabrak pemotor sampe kelindes dan posisi gw duduk di depan , ya Allah :(",Ringan
"Maaf, Yang, aku sering ketiduran, capek banget seharian sibuk suka banyak kerjaan. | oh.",Ringan
Nih emak emak kayak anjing . Ngomel mulu . Capek njir dengerin nyeeee !!! Anjengg lo emang,Tidak Ada
"Capek! Udah jujur, tapi gak di percaya. Malah di tuduh2! Haha gak ngehargain banget :)",Tidak Ada
"mana ada cewek yg tahan dikecewain terus menerus, pasti capek, klo dia mau bertahan itu karna dia sayang banget aja.. itulah cewek #tulus",Tidak Ada
"Sabar banget gue ngehadapin sifat lo yg kaya gini, kapan lo bisa berubah demi gue? Capek ngalah mulu. Peka dong:')",Tidak Ada
Baru 2 Orang dah lemes banget...tumben,Ringan
Sehun ganteng banget tau ah gue capek ngetweet gini.,Ringan
"Kamu bobo gih, keliatanya lelah banget RT @RiindApriLia: KagakWaras noh",Tidak Ada
"Cari yg laen. RT @kikijambul: capek yung tiap hari gue disuruh mandi mulu sama pacar, bosen dengernya, ini harus gmna yung?",Tidak Ada
Nggak capek bang copas mulu @Helobay? Malu atuh sama followersnya. Duh.. Heran deh.,Tidak Ada
"Salah banget nonton Adhitia Sofyan. Pas bagian ""Forget Jakarta"", lutut langsung lemes, mata jadi rembes! )'X",Ringan
Parah banget trans TV gua kecewa bngt gua dtg jam 1 ngatri segala capek ga bisa masuk KECEWA GUA KECEWA comate yg tadi SEMNGT YA LAFYOUGUYS!,Ringan
Sumpah hari ini lelah banget dan akhirnya sampe kosan juga ..hhuuuaaaNgantuukk!,Ringan
". Hduhh,hari ini capek banget. ..!!",Ringan
"Capek ah sama kamu, isinya posting pacarmu mulu, akunya disembunyiin terus... Capeeek",Tidak Ada
"Blm insyaf, wkwkwk RT @BroNurfil: @panca66 itu editornya gak capek tuh bang ngedit naskah jokowow mulu hahah.",Tidak Ada
"Lo itu maunya apaan sih ? Gue capek diginin mulu sama llo,-",Tidak Ada
Kan adminnya gak cuma 1. Yakali RT @bayuPRN: @my_supersoccer lo update mulu gak capek? #TanyaSuperSoccer,Tidak Ada
@SMTOWNGLOBAL kalian gak capek apa smtown gitu-gitu mulu bertahun-tahun artis sama lagu sama ya coba lah sekali-kali SMTOWN On Ice gitu.,Tidak Ada
bukan tugasnya yg buat capek .. tapi kul'ny yg buat capek .. fulll banget :),Ringan
Duh capek banget nggak sih kalo mau main bola harus naik bukit dulu??,Ringan
"@Njum_kemplung waduuhh.. Hahhaa.. Asik sih, tp capek ya pindah2 kota dan packing mulu. Lg ngasih pelatihan?",Tidak Ada
capek banget hri ini,Ringan
yang hari ini capek banget..... #retweet,Ringan
capek banget tulang ku ini.........,Ringan
"Bikin lemes gini gedenya: ""Artis Cilik Yang Gedenya Seksi Banget""",Tidak Ada
"Kamu marah-marah mulu, emangnya gak capek? gak kepengen pacaran sama aku gitu? :""(",Tidak Ada
#Sagitarius Jadi orang sabar itu gak enak! Capek! Apa2 sabar mulu.. Tapi yg di sabarin gak ngerti2! makan ati yg ada. &lt;/3,Tidak Ada
Ada banyak banget hubungan yg berakhir gara2 capek berantem. Padahal yg diberantemin sepele semua.,Ringan
capek banget gw sama si @dwiantoe1 krn les sampe malm,Ringan
SUMPAH DAH capek banget,Ringan
"Orang yang sayang kamu bisa, bisa banget capek ngadepin kamu. Bedanya, dia nggak akan ngaku capek.",Tidak Ada
Beneran capek nih dengerin presentasi Bpk. @budionodarsono. Capek banget ketawa :)) #Ngopi #DCITelkomsel,Tidak Ada
"Gu juga heran, coba deh tanya sama tahun nya langsung. RT @achyarsaputra: @bayu_joo bang ulang tahun? gak capek tahunnya diulang2 mulu?",Tidak Ada
Nong @bebyJKT48 capek banget apa gimana si? Kok belon ngetweet? Ya maaf kalo event jogja menguras stamina mu.. GanbaBebeb :*,Tidak Ada
Dia ga bilang ke kamu? jgn2 bukan kaki kamu -Immanuel Kant RT @christiefeby: surayah kaki aku ko capek banget ya. Kira-kira kenapa yaa yah?”,Ringan
"Smurf, semua biru ==&gt;""@sasaksaat: ini juga..mainnya lama banget ga keluar2..sampe capek ngelayaninnya",Tidak Ada
Duh capek banget abis digencet bapak item di bus..untung celanaku ga bolong,Ringan
"@Sweettbaggy udah sih kayanya, aku belum sempet bukain paket hahaha banyak banget dan masih capek. :/",Tidak Ada
"Pengen olaharaga sore, tapi badan lemes banget.",Ringan
"Jadi, aktifitas apa ya yg gk butuh minyak bumi? Gak ada,pdhl di SD kita bljr bahwa energi tdk dpt dciptakan. Jd solusinya apa? Kendalikan.",Tidak Ada
"Sabar banget gue ngehadapin sifat lo yg kaya gini, kapan lo bisa berubah demi gue? Capek ngalah mulu. Peka dong:')",Tidak Ada
"Haha thanks :) hello“@aurelovers23: @bellagraceva_ap Kaak cantik banget siih?,, gak capek ya cantik mulu'???? say 'hello' dong *Apaasiiih.",Tidak Ada
"Kalo udah ngebet banget pengen punya, biarpun lagi capek, biarpun tokonya jauh, bakal tetep disamperin. #GIRLS",Tidak Ada
huuufffttt.........capek banget hari ini........ rasanya pengen ketemu amha dia ajha....,Ringan
"Kamu nggak bisa tidur, aku nggak bisa tidur. Kayaknya kita nggak cocok deh. Masa nanti setelah menikah, kerjaan begadang mulu. Capek :|",Sedang
enggak tahu kenapa capek banget.. tepar deh ini badan,Ringan
"Masih pagi badan udah lemes banget, persis kemangi pecel.",Ringan
":* “@nikennindya: Rahang pipiku capek ketawa mulu, makasih ya bang @ficocacola”",Tidak Ada
Asal jangan sampe kram RT: @triaryoo : Asleeeee capek pipi ktawa mulu nonton Indonesia Lawak Klub,Tidak Ada
"Capek! Udah jujur, tapi gak di percaya. Malah di tuduh2! Haha gak ngehargain banget :)",Tidak Ada
"Capek banget kaya gini, peluk guling aja ahh",Ringan
pramuka capek banget,Ringan
Jam tidur dirasa kurang banget. Badan jadi gampang lemes. Harus pinter manage waktu nih. #ListenToUrBody,Tidak Ada
Aku capek banget ngadepin sikap kamu yang selalu pengen menang sendiri kamu egois. Gak pernah ngerti perasaan aku sama sekali.,Tidak Ada
"Kamu kayaknya capek banget, gak mau tiduran.? | maunya tidurin bang.. #a",Ringan
Jam tidur dirasa kurang banget. Badan jadi gampang lemes. Harus pinter manage waktu nih. #ListenToUrBody,Tidak Ada
Capek banget. Ternyata kerja itu susah ya. #yakalee,Ringan
Betah amat diboongin mulu.. nggak capek?,Tidak Ada
"Padahal tadi capek banget, hujan-hujanan, tapi tetap aja nggak bisa tidur jam segini.",Sedang
"@andri_NaSTAR - aku udah berhenti ngepet bang, :( capek nyepik pacar orang mulu. *loh *ini apa?*",Tidak Ada
Capek kan yah kalo nangis mulu tp yg ditangisin ga peduli:(”,Tidak Ada
@slickvicks iya nih vic capek banget fisik dan hati. Yuk diatur,Tidak Ada
Lelah banget ni hari...,Ringan
"Udah capek dibohongin mulu, udah capek dikhianati oleh orang yang disayang",Tidak Ada
#Sagitarius Jadi orang sabar itu gak enak! Capek! Apa2 sabar mulu.. Tapi yg di sabarin gak ngerti2! makan ati yg ada.,Tidak Ada
"#PENTUNG nya udahan ah, capek banget nih pipi kita ketawa terus gara2 Rohman! hahaha :D MOVE ON ke #GONG (Gak Boleh Boong) yuk!",Tidak Ada
"Buat B xxx AU, capek banget nih keliatannya, mau di pijet gak? SLUURP! #JILAT",Ringan
Pengen power nap tapi belum tau caranya gimana.. Oke banget nih buat yang kesehariannya capek kesana kemari..,Ringan
"Kecilnya ngegemesin gedenya bikin lemes: ""Artis Cilik Yang Gedenya Seksi Banget""",Tidak Ada
"Sehat Itu Gak Perlu Lari-lari Pagi, Yang Ada Bikin Capek. Sehat Itu Tidur Lagi. Tidak Membuang Energi Sama Sekali #TweetsPlesetan",Tidak Ada
"@aMrazing capek banget digosipin sama kamu, menghambat percintaan aku. :(",Tidak Ada
"“@VemaleDotcom: Seluruh tim vemale happy banget dpt sambutan hangat di Matos. Capek tapi seneng, thx Malang :*",Tidak Ada
"sakit banget ya kalo kita udh berusaha kerja seperfect mungkin tapi yg lain gak bisa mengimbangi irama kerja kita sebagai tim, capek dech",Ringan
"Yes!""@Tweetnesian: #RemajaIndonesia Lagi capek banget ?""",Tidak Ada
Mikir negatif terus nggak capek apa? Lah dianya nggak ngapa-ngapain kok elunya curiga mulu. Hadeuh..,Tidak Ada
"@mozta_ @soniaanggi aduh amit-amit banget sih kurus karena sakit. :( nggak seger juga kan jadinya, lemes.",Tidak Ada
yang hari ini capek banget.. #retweet,Ringan
Kamu nggak capek bikin janji mulu? kapan buktiinnya.,Tidak Ada
Kamu nggak capek apa seharian cantik mulu? Minum dulu sana.,Tidak Ada
Gak capek ngode mulu? Kapan dikode balik sama doi? &lt;/3,Tidak Ada
"Badan capek banget euy, harus istirahat nih -__-"" #ListenToUrBody",Ringan
ga capek nunggu orang yang ga sadar kalo ditunggui? kasian hatinya tuh di suruh nunggu yang ga pasti mulu'-')/,Tidak Ada
I am very tired. = Aku lelah banget.,Ringan
"""di sela jalanan macet;enaknya minum kopimu.walau aku lagi capek banget; tapi aku janji ntar akan datang ke mimpimu""",Ringan
"Kadang"" suka capek sih, yg didengerin keluhan mulu.. Kamu yg suka ngeluh gapernah capek ya? #TemenSukaNgeluh #TemenBukanSih | #SILIWANGI",Tidak Ada
"""Iya, seperti biasa, capek. Sampe gak teratur makannya, berantakan banget""",Tidak Ada
Yang hari ini capek banget #retweet,Ringan
"Orang serius dibilang modus, giliran yang serius itu pergi karna capek dikatain modus mulu, dibilang lemah atau semuanya sama aja. Pretlah.",Tidak Ada
"Sabar banget gue ngehadapin sifat lo yg kaya gini, kapan lo bisa berubah demi gue? Capek ngalah mulu. Peka dong:')",Tidak Ada
Yang hari ini capek banget.. #retweet,Ringan
Buat @vindhyrc sama @GisheillaFrn cie banget tadi sukses acaranya! Capek yak? Wokokok,Tidak Ada
"Capek jadi cowok cool mulu, nyentuh galon airnya langsung beku masa.",Tidak Ada
"Dia juga kalo disekolah jalannya lemes banget. Menurut ibunya sih klo @rendyrizlan lg kekamar mandi,1 sabun mandi bisa abis.Gataudeh diapain",Tidak Ada
"Yang satu pandai memaafkan. Yang satu jago banget bikin salah. Dua-duanya akan lelah pada waktunya, lalu menjauh.",Ringan
"Jago -&gt; “@GiofanniRahman: Kelar futsal bareng bang @pandji dan @kamga_mo tadi. Capek sih, tapi seneng banget :)”",Tidak Ada
lemes banget kalo ketemu lagi pasti bakal balikan *rutin* RT @idosRF: HAHAHAHHA aries mah cowo lemes wkwkwk ...,Tidak Ada
"Hujannya rajin banget, emang gak capek apa ya tiap hari hujan terus?",Tidak Ada
Rasanya lemes banget terus sampe rumah masih harus mesra-mesraan dulu sama laptop. 😙💻😩,Sedang
"Capek jga ternyata tgl di jkta. Jalanan macet mulu, untung gue ganteng jdi cpt sampe, tpi capeknya berasa jga!! -,-",Tidak Ada
capek banget sekolah bawa sepeda....,Ringan
baru liat foto-foto SM halloween party terus pengen nangis sialan kenapa mereka keren-keren banget gue capek.,Tidak Ada
jongdae ganteng banget capek ngetik,Ringan
Beuh banyak banget yg belum gue jawab di ask.fm. Capek. Lanjut besok ya.,Tidak Ada
"Orang-orang di luar Sumbar bingung, kok bisa SBY pergi ke 50 kota dalam 1 hari, orang saja pergi ke 5 kota dalam 1 hari capek banget,,,",Ringan
Udah tahu wujud energi? Tp ada kan? Pertanyaanmu pertanyaanku 40 tahun lalu. Gak usah merasa gagah @rose_ilham: udah tau wujud tuhan,Tidak Ada
"Ibu2 menggendut karena lagi hamil itu keliatan woman banget ya. Most of them wajahnya keliat lelah, tapi bersinar.",Ringan
"@ssirah @azkamawla capek juga kalo ente ngeles trus. Fiqih nol, tafsir nol, sok banget mau pinter. Pinter emang susah, Ris :p",Tidak Ada
Sore ini abis manggung capek banget tapi happy. Penonton XL nya keren !! Skrng otw ke studio latian N.E.V,Ringan
"@AnizNis mesakke lho , capek banget mesti ...",Tidak Ada
"@imandita emang. Emang gitu. Gue sering banget ampe capek ngeblock-blockin nya, akhirnya cuekin. Tapi geli liatnya.",Ringan
Ngaso dulu..capek kerja mulu,Tidak Ada
"Udahan dulu ah, main hestek #kalojadikanibal nya, capek ngakak mulu. *gigit satu-satu*",Tidak Ada
yang hari ini capek banget tapi tetep keren.. #retweet,Ringan
Dan ahirnya kelar ini T.T lelah pake banget,Ringan
Emang kamu ga capek ya. Nunggu dia sadar kalo kamu sayang banget sama dia?? Kalo aku jadi kamu. Aku si capek nunggu kamu sadar aku sayang km,Ringan
"Curiga gue semua admin lagi nungguin sampe gak sempet hibur mimakers, yaudah owner temenin walau capek banget abis pulkam, share #mymeme",Ringan
"Kamu genit deh RT @debby_arinda joggingnya dipikiran aku aja yah ;;) RT @TheComment_NET: Mimin lemes banget nih, kayaknya mimin butuh",Ringan
"Mimin lemes banget nih, kayaknya mimin butuh jogging biar sehat kayak Toni Soehari di video ini .. Kalo commenters?",Ringan
Kalo badan gue bs ngomong dia mau apa ya? #ListenToYourBody Capek banget hari ini kurang istirahat dan bnyk aktivitas seharian pagi-mlm :S,Ringan
"@iitsibarani_ kak aku seng-iseng ngobrol sama kulkas, aku udah capek ngomong doi diem aje. Cool banget, cocoklah dijadiin pacar.",Ringan
Hbs syuting capek banget,Ringan
"Dia keliatan capek banget, tapi gpp krna wajahnya tetap ganteng dimataku 😍❤️🌸👍 (Aku gk bisa tidur ini…",Ringan
Capek kali begini mulu,Tidak Ada
"Tubuh lagi capek banget gini, enaknya makan buah apa ya biar seger lagi? Aku sih suka mangga, #itsinme banget. What's in you?",Ringan
Jomblo mulu... nggak capek yah.,Tidak Ada
Udahan yah maen makanan Honda nya.. mimin capek ketawa mulu nih.. Bsk kita main lagi..,Tidak Ada
huft... capek banget -_-,Ringan
"Sabar banget gue ngehadapin sifat lo yg kaya gini, kapan lo bisa berubah demi gue? Capek ngalah mulu. Peka dong:')",Tidak Ada
"Duh , capek banget gue !",Ringan
"Bakar lemak kali :) ""@YudhiDhi: Ibu2 yg tinggal dilantai bawah hobby banget naik turun tangga...ga capek apa bu?""",Tidak Ada
"Tapi pas tiba di desanya, rasa lelah dan deg-degan langsung hilang. Desanya bagus banget soalnya. Hijau &amp; sejuk",Ringan
@chillisilly yess...lagi di vietnam. Enak kayaknya hidupnya ya...walaupun pasti capek banget syuting kayak gitu.,Tidak Ada
"Saat lelah dengan urusan kerjaan, nyander dikit atau rebahan di pangkuan istri, rasanya nyesssss banget :')",Ringan
"Jadi Presiden di masyarakat munafik tuh ribet, nggak ngencuk kemana2 gak ada energi, ngencuk kemana2 biaya tutup mulutnya besar beeuudht",Tidak Ada
"kamu ngga capek nyari perhatian mulu.. mendingan nyari penghasilan, yukk.. :)",Tidak Ada
"Dari hari Senin sampai Jumat ini, hari apa yang membuat Anda merasa capek banget karena banyak kerjaan?...",Ringan
Bisanya ngomentarin orang mulu gak capek apa mulut lo !!!,Tidak Ada
Ngejelek2in orang mulu emangnya ngga capek itu mulut ya? :(,Tidak Ada
Mending diem diem an aja kalo begini . Gw capek kalo ngetalk mulu,Tidak Ada
"Kenapa seh kalian selalu menilai saya dari ketampanan,.. Capek diginiin mulu,.. RT @bene_dion enggak, kau tampan doang. Sadari itu kawan",Tidak Ada
"Capek banget bersin ini, pengen dipeluk.",Ringan
"Sakit perut coii. RT ""@hardiaja217: Habis ngpain yooo RT""@YuanitaHappy: Lemes banget malam ini.""""",Tidak Ada
Lemes banget malam ini.,Ringan
"Waktunya makan bareng karna capek ngetwit mulu. hay biduan sayang, cinta ini pasti bersamamu selalu. (@Marc_Qory)",Tidak Ada
"Lelah banget nih yang habis berakhir pekan, kalau begitu sudah waktunya beristirahat nih Tweeps. Selamat sore :)",Ringan
Capek banget !!!!!! Baru main bulu tangkis,Ringan
"Iyah siap. Sabar ya. RT @frdhynar: @ridwankamil om, ke smp 52 adain bis sekolah dong. Dari rs auri ke atas tuh capek banget loh om""",Tidak Ada
huuhh rasanya lelah banget menunggu mu tapi kau tak pernah mengerti :( #mr.HS,Ringan
"Nggak capek, naik kendaraan roda 2 mulu? Kurban deh! InsyaAllah ntar naik kendaraan roda 4. Kok bisa? Sudahlah, action aja. Ntar juga paham",Tidak Ada
"capek ngeladenin orang yg bisanya cuma ngomong doang, basi banget :|",Ringan
Bahaya laten TM2000. Hehehe RT @azteria2000: @PartaiSocmed ga capek musuhnya itu mulu pak ketum. Ane aja bosen hehehe,Tidak Ada
Gua ngakak sendirian sampai lemes nonton si @Benidictivity ... Keren banget lo ... #SUCShow,Tidak Ada
@jams_ningrat ih kalo sama kamu mah pasti jadinya capek banget sayang.sampe ngos ngosan malah ahaha,Tidak Ada
"Inget kan rasanya udah capek banget tiba-tiba ada sms: ""Semangat, sayang. Jangan sakit ya :)"" gimana rasanya? Nah dia juga butuh itu.",Ringan
Cape banget :(((((( males deh kalo kerja tiap hari kayak gini,Tidak Ada
@ipankdewe sama satu lagi. ini entahlah aku aja atau yg lain juga: aku kurang nyaman baca paragraf yang panjang-panjang banget. capek. =)),Tidak Ada
"....RT @ilhamnuraksi: Ngaji bang""@kemalpalevi: Capek banget nih badan. Enaknya diapain ya biar ilang capenya ? -__-"" #ListenToUrBody""",Tidak Ada
"Capek banget nih badan. Kebanyakan olahraga kyknya. Enaknya diapain ya biar ilang capenya ? -__-"" #ListenToUrBody",Ringan
"@masbayusyamsu yg pasti kita hrs banyak membantu mamanya, krn tandem pasti capek dan pegel banget :) Happy tandem breastfeeding!",Tidak Ada
Kalau kamu pasti capek RT @firdausskautsar: yah enggak cape apa ngetweet mulu?”,Tidak Ada
I am very tired. = Aku lelah banget.,Ringan
"Capek banget abis nonton indonesia, penontonnya rame banget, tapi sayangnya kalah. Coba penontonnya sedikit, mgkn bisa menang (lagi).",Ringan
Padahal udah tau kalo negatif thinking mulu itu bikin capek. Tapi masih aja dilakuin. Ya namanya juga posesif.,Tidak Ada
"Hati yang abis disakitin banget-banget itu sebaiknya dibiarin istirahat dulu, main-main dulu. Kasian, capek.",Tidak Ada
capek banget,Ringan
abis jalan jalan capek banget dah,Ringan
@bogelyayang2 @ardianasmar @ekohamnur Ada gak sih yg pinter di ahmadiyah? Capek jg nih ngomong keluar topik mulu.,Tidak Ada
Emang kamu ga capek ya. Nunggu dia sadar kalo kamu sayang banget sama dia?? Kalo aku jadi kamu. Aku si capek nunggu kamu sadar aku sayang km,Ringan
"Udah capek, menang satu match juga kagak. Jelek banget hari ini. @hernestch @Van_deGraaf @Prabamax + si polos @kristoforuskev",Tidak Ada
pasti hari ini kamu capek banget. istirahat yang cukup ya. jaga kesehatan dan tetap berpikir jernih. Tuhan besertamu :)),Tidak Ada
Abis main futsal capek banget,Ringan
"Stres &gt;&gt; “@fratamyy: Misisihhh? Serius bingiiiittt? RT @KuntoAjiW: Udah ah capek gangguin orang,update lama banget inih.. Fak bingit.”",Tidak Ada
"Udah ah capek gangguin orang,update lama banget inih.. Fak bingit.",Ringan
Capek banget hari ini . Tp tetep semangat aja ...,Ringan
Capek ditolak mulu sama cewek? Belajar dulu cara PDKT yg bener di seminar. Klik sekarang. Mumpung msh early bird!,Tidak Ada
"oh. “@FJLestari_: ""Maaf tadi aku lagi ngerjain tugas, sekarang mau tidur. Capek banget yang!"" RT @LongDistance_R: Kemana aja?”",Ringan
Habis olahraga capek banget,Ringan
"Sabar banget gue ngedapain sifat lo yg kaya gini, kapan lo bisa berubah demi gue? Capek ngalah mulu. Peka dong:')",Tidak Ada
#cumanNANYA bete banget kalau udah capek- capek belajar tapi....,Ringan
"Jadian aja belom, PDKT aja gagal mulu.. gak capek? mending nguburin diri sendiri aja sono :|",Tidak Ada
Duh gokil ini capek banget paha jalan terus ngelilingin tembok cina. *padahal pegal karna lagi beol wc jongkok*,Tidak Ada
"Capek banget sumpah , malah bibir gue kena ke cium sama bola basket lagi hhuuufftttt ☹",Ringan
Jago banget --&gt; “@donzoI: Bikin assist buat @pandji . Tapi tim kalah. Capek sob aseli main lapangan gede.”,Tidak Ada
"Semalem capek banget. maaf, ya, aku ketiduran. | Y, gpp, udah biasa.",Ringan
"Maaf, Yang, semalem aku ketiduran, capek banget seharian sibuk. | oh.",Ringan
"Aku gak kerja, capek kerja mah RT @riomudita ngetwit mulu ngga ada kerjaan yah?",Tidak Ada
"Saatnya istirahat, capek banget hari ini. Mana besok harus ke kampus pagi2 hadeeeh. Tidur ahh oyasumiii ~ #EfekNontonJKT48",Ringan
yang hari ini capek banget tapi tetep keren.. #retweet,Ringan
"hari ini harus nulis outline novel tapi rasanya capek dan males banget. gimana caranya supaya #feelgood ya, ada yang tau?",Ringan
"TRUE!:)""@Andresaddam: momen yang bikin kesel adalah: ketika badan kamu udah capek banget, tapi pikiran kamu masih aktif. nggak bisa tidur.""",Tidak Ada
"momen yang bikin kesel adalah: ketika badan kamu udah capek banget, tapi pikiran kamu masih aktif. nggak bisa tidur.",Tidak Ada
"Iya om, hiks RT @antonsapto: Sayang kelewat, seru banget! RT @panca66: Baru nyampe rumah, lihat Indonesia menang 3 - 1 jd obat capek deh",Tidak Ada
"Muka kalo udah capek gini nih. Idung jd kayak kaca, mengkilat banget, minyak doang. :{/ #TotalRechargeToFaceMyDay",Ringan
"Mau di gimana in juga hati ini nggak lelah, mungkin udah terlanjur sayang banget :)",Ringan
"#KONCI Vega bilang ""Kalo hari ini ke bandung ya paling Cuma bisa tek tok aja. Tp aku capek banget…""",Ringan
"Yaeyalah..Nggak ada dalang yg gak tukang ngencuk..energi semalam suntuknya dr mana? @cah_jacksid: tp yang jelas suka ngencuk juga donk...""",Tidak Ada
capek banget,Ringan
"Sabar banget gue ngedapain sifat lo yg kaya gini, kapan lo bisa berubah demi gue? Capek ngalah mulu. Peka dong:')",Tidak Ada
"Wahh perhatian banget haha RT @pinokioisaliar: Jangan terlalu lelah ya ""@BekasiUrbanCity: @pinokioisaliar sehat dong,tanggung kopi masih",Tidak Ada
Gue cuman bisa duduk lemes pegangan pintu 711. Dan terus dia naik otopet pergi di jalan raya gitu aja sendirian dia raksasa banget.,Tidak Ada
yang hari ini capek banget... #retweet,Ringan
"Badan lagi aneh banget. Lemes dan sulit fokus, kena angin kedinginan tapi kena matahari kepanasan. :S",Ringan
"""Aku tidur siang dulu ya, capek banget soalnya"" padahal mau ngobrol, tapi apadaya.",Ringan
"Namanya juga kerja, kadang capek kadang capek banget.",Ringan
R.E.A.L. - Jam 6 Pagi - Single - #iTunes lagu dari @RealMusicBand pas banget buat km yg ngerasa capek ama rutinitas.,Tidak Ada
"Baru tidur 3 jam dari kemaren,capek,tapi otak lagi kerja banget. Bingung deh.",Tidak Ada
Yaasalam eca capek bersin-bersin mulu😭😭😭😭😭 mata ampe merah😭,Tidak Ada
"diPHPin mulu, gak capek apa emang hobi baru ya #aduhh",Tidak Ada
sumpah ya kaki gue beneran langsung lemes hah gue males banget kalo udah kayak gini.,Ringan
Lelah banget hari ini (˘ʃƪ˘),Ringan
":)) RT @justincrewindo: justin harus minum sangobion nih, lemes banget mukanya :"") lol",Tidak Ada
"Sementara itu di negara maba.. ""Ya Allah capek banget. Ini ospek apa ngliat mantan udah jadian? Perih gak nahan.. :'(((",Ringan
"Tuhan, Aku capek nangis mulu. Apa salah kalo aku maish berharap pengen kek dulu lagi? Apa aku yang terlalu goblok bisa dimaenin gitu aja?",Tidak Ada
"Seperti malam lainnya, mala itu pun dia masih suntuk dengan tugas kampus. Mungkin lelah, rasanya ngantuk banget mala m itu. #HantuKostKostan",Ringan
Maaf sekali lagi numpang ngebahas makhluk satu ini disini tapi liat lucu banget gue capek suka sama cowok ganteng.,Ringan
@GGKwonYuri_AS ah disaana gua males on gile anjrit kena bash an mulu capek gua ngahahah,Tidak Ada
"Waduh capek banget,,,tapi nggak apa2 lah ya penting udah dapet apartemen baru,,hehe,,makasih ya yg udh doain aku tadi,,,",Tidak Ada
cakep kamu bil aduhay pusing pala bapak &gt;.&lt; RT @nabilahJKT48: Hari ini capek banget tapi seneng ^-^,Tidak Ada
"Iya, maaf ya typo, capek.. RT @ciclogana: @TheComment_NET ngantuk banget ya min? Ampe twitnya ga beraturan. (´._.`)\('́⌣'̀ )",Tidak Ada
Hari ini mood sedang down. Badan berasa diinjek 1 gajah. Asli capek banget.,Ringan
Capek ngalah mulu.,Tidak Ada
@catatansiDoy capek tau disepikin mulu. :| *serius ini gue*,Tidak Ada
"hari ini capek banget, ngatarin adek daftar ulang kuliah, blog saya, apa kabar? :|",Ringan
"#KONCI Gaga bilang ""aku capek banget gin tadi kerjaan lagi banyak-banyaknya, besok aja ya aku jemput kamu dikampus""",Ringan
@yudhasoulme @Faizal2105 @interwin - plesetan mulu emang ngga capek? caplang? capung? cap kepala jenggot?,Tidak Ada
"Manusia mengeluh : “Capek banget gw....""",Tidak Ada
"tiba-tiba pas Sehun E.X.O terus 11 biji pete ngangkang-ngangkang, demi Allah gue langsung duduk merosot tau gak. lemes banget.",Tidak Ada
gue udah nonton gue lemes banget demi Allah selemes lemesnya jiwa raga gue ya yaudah stop suka Teentop dan beralih ke Big Star secepatnya.,Ringan
[b̲̅я̲̅b̲̅]&lt;(´O`ƪ) capek banget,Ringan
"Udah lama gak maen,lemes banget pas udahan",Tidak Ada
"Aku capek terus terusan di curigain sama kamu , aku sayang banget sama kamu jadi jangan khawatir lagi ya soal perasaan aku #HidupGue",Tidak Ada
"Wahai para pemaki di twitter, pahami bahwa ada fungsi block. Gak perlu marah2 karena cuma buang energi saja :)",Tidak Ada
"*pijit2 ""@AriTriyudasipay: ┼┼uuuuuu (˘͡˛ ˘͡"") capek banget baru siap beres2 rumah.""",Tidak Ada
..... RT @intaanfeb: ..Lelah sari RT@bayu_joo: Hari ini lelah banget. Lelah karmilah.,Tidak Ada
Hari ini lelah banget. Lelah karmilah.,Ringan
Ya mana ada dalang gak aktif ngencuknya…energi semalam suntuknya dr mana? IQ? Hadeuh @heryharyadi2: sampean masih aktif mgencuk ga sih...”,Tidak Ada
Orang yg tiap saat marah mulu itu ENGGA BANGET. #capek #ilfil,Tidak Ada
Lelah banget,Ringan
"@naahabsyie udah syg.. Malah udh k dokter jg kmren. Tp sama aja gk smbuh2. :( smpe capek,batuk mulu",Tidak Ada
@Just_Warko Capek banget keliatannya ;),Tidak Ada
Yah ga nyapa RT @Rhiex_kenzie: Lemes banget bang @gadiiing ketemu di kopitiam. .teriak dulu lah forza milan :D,Tidak Ada
Kamu kok cuek banget sih? Capek tau dicuekin terus :'(,Tidak Ada
"@ajoegoenarja hngg.. Udah capek di php in mulu sama rengginang. Gak kaleng biskuit, gak topples isinya itu semua~",Tidak Ada
"Disana aku udah capek banget, aku tau kita semua (13jsj) capek. Tapi ya mau gimana lagi kita harus tetep solid kan ya. -sjexox",Ringan
"Bang, ojek bang | ..... | Bang, kok diem? Kok aku gak ditanyain mau ke mana? | Neng, Abang capek disalahin mulu | Bang... :( *pelukan*",Tidak Ada
Copas mulu. Gak capek tuh. hehe.,Tidak Ada
Gue seneng banget sekarang akhirnya justin taking a break juga:')) kasian dia capek huhu,Ringan
"Matiin aja, hemat energi membantu bumi mengurangi global worming :) RT @prajutam: min, tv ku gak ada yg nonton",Tidak Ada
@notaslimboy iya bang. Saya mau belajar jadi comic cerdas ah biar dapat mobil bekas. Capek nih naik motor mulu. Makasi bang nasehatnya.,Tidak Ada
"Muka capek-nya nabilah, muka sange banget. :|",Tidak Ada
"Sore ini bawaannya lemes banget ... gmana klo malam ini ada yang dateng minta jatah, hufthh",Ringan
@woobin_ssi enak banget ssssshhh nnggghh aaahh gue mau nnngghh keluar ssshh /crot crot//lemes/,Ringan
"Tau gak, Pals? Makan junk food bs bikin lelah karena badan justru butuh byk energi utk memroses karbohidrat yg ada di junk food. #REALtalk",Ringan
Capek banget ya allah dari mulai shalat shubuh main terus ga ada waktu utk tidur.....:'(,Tidak Ada
kamu tuh cari-cari kesalahan aku mulu.. klo udah capek/bosen bilang aja langsung :'),Tidak Ada
"#MiminLagiBener RT @KautsarBaihaqi: Ini banget mimin:) ""@TheComment_NET: Boleh lelah, tapi jangan pernah menyerah #QuoteMimin""",Tidak Ada
@maudyayunda kamu kurusan banget aku liat kamu di insert. matanya juga capek bgt parah keliatan ;(,Ringan
@MJubaedy lelah rasanya hati dan pikiran ini pengen banget refres bersama keluarga,Tidak Ada
Aku sekarang jarang nonton Larva. Kecewa Larva-nya ulangan mulu. Kasian kan capek mikir kalo ulangan terus.,Tidak Ada
"Udah ah, capek retweet mulu.",Tidak Ada
"Kalo capek kasian warga cikarang yang butuh info RT @ditcuk: @UrbanCikarang ban , ngasih info mulu , ga haus ?? :p *puasadilarangngambek*",Tidak Ada
capek harus ngertiin lo mulu.,Tidak Ada
capek banget bru dateng dari schoo !!!!,Ringan
Senang banget bisa ikutan Hong Kong Super Shopper 2013 mewakili Indonesia barengan @EllinaAngraeni. Biarpun capek tp dpt pengalaman baru :),Tidak Ada
@selviawoo hahaa ntr dl ini capek nntn gfb. Dibawa emosi mulu,Tidak Ada
"Jd dukun curhat itu CAPEK BANGET, berjam-jam dengar keluhan. Pas udah hepi dia peluk orang lain.",Ringan
"Semoga minggu ini keluar official announcement nya yah, capek kan digantungin mulu yah &gt;.&lt; #Kpop9Girls",Tidak Ada
Xiupao bayi banget sih capek :'(,Ringan
"Smgt! RT @RiyanRazi: #LemesMeter - @SahabatBugar - RT @NisaFellycious: Lemes banget jam segini (⌣_⌣""!!) ...",Tidak Ada
sumpah regina gue ngakak banget baca tweet-tweet lo gue capek.,Tidak Ada
kerja interior design menyenangkan banget.. capek tapi puas,Ringan
"Badan aku capek banget, padahal seharian cuman mikirin diri sendiri, bukan mikirin kamu. #ForeverAlone",Ringan
"Banget -_- ini pengarahannya belum selesai u,u RT""@Limnurr: @plpwlndrrtnksm capek ya? :* istirahat Atlet :*""",Tidak Ada
"Penjaga toilet RT @provokatrok: mau cari kerja yg cuma duduk bengong trus dapat fee aja deh, bosen plus capek diperintah bos mulu :|",Tidak Ada
"Apa nggak capek hidup gitu2 aja? Coba #SedekahEkstrim, terus berbaiksangka. InsyaAllah perubahan nasib dan nafkah jg ekstrim. Gak gitu2 mulu",Berat
"Ketika kita mengeluh : "" capek banget.... "" Allah menjawab : ""....dan KAMI jadikan tidurmu waktu istrihat."" (QS.-An - Naba:9)",Tidak Ada
Capek ngalah mulu.,Tidak Ada
"@chachathaib kamu nggak nangis, tapi ngamuk-ngamuk. aku capek banget puk-pukin kamu akhirnya kamu juga capek trus ketiduran. :/",Ringan
"Capenye ga berasa krn enjoy, skr siap2 tuk live YKS..“@KBJ_Smrnda: Etdah kang denny 24jam kerja mulu-,,- Kaga capek apa? @DennyCagur",Tidak Ada
Mungkin jam juga ikut puasa. Makanya dia jam segini lemes. Gerak jarumnya pelaaan banget.,Ringan
di sela jalanan macet; enaknya minum kopimu. walau aku lagi capek banget; tapi aku janji ntar akan datang ke mimpimu. (@ini_i2),Ringan
"*-* RT @imnanaas92: @INFINITEWOHYUN capek gue ditagih jupal mulu sama om namnam mesum ƪ(▔▔_▔▔▔"")ʃ nih *lempar jupal*",Tidak Ada
Justru lebih capek kalau ngelawan terus. Iya ga? RT @ChynthiaWidya Capek kalo ngalah mulu -_-,Tidak Ada
hari hari penuh dengan kesibukan baru .. huff...capek banget:(,Ringan
@peybunga lgs lemes banget dari sore itu. :(,Tidak Ada
lelah banget gue !!,Ringan
kenapa harus susu yah? buka-sahur dgn gizi seimbang aja RT @ressa10: @aimi_asi susu yg cocok buat ibu menyusui karena pas puasa lemes banget,Tidak Ada
"Sakit sih, geregetan sih, capek sih.. Tapi ya gimana, mau pergi juga keadaan masih sayang banget. Bertahan lagi? Hmm.. Okedeh.",Ringan
"""@Dukun_TL: @maman1965 percaya gak om, nie kita ngobrol gini diem2 ada yg stalking lho...Bhwikikiki"" transfer energi gpp...",Tidak Ada
"Emang Dia denger kalo dari twitter ? :v RT @DaraAuliaAs: Udah lemes banget.. Cepetan sih magrib ya Allah :""(",Tidak Ada
"Semakin gede nethink, sebenernya hati semakin capek sendiri, ya kan? Udah mending banyakin posthink. Dia udah jujur banget loh.",Ringan
"Action nggak mau, berubah nggak mau, yah sudah, jangan harap membaik semuanya... Btw apa gak capek hidup gitu2 mulu? :)",Berat
"Sekarang gua tau kenapa orang-orang S2 da S3 banyak yang berkacamata, mata lelah banget euy di depan komputer...",Ringan
"Kalo cewek udah bilang ""terserah kamu deh, semaunya kamu aja!"", itu dia udah capek banget. Capek karna udah ngertiin, tapi masih salah juga.",Ringan
"Jangan ngeles mulu. Apa gak capek? Sedekah aja, ntar lama2 jg ikhlas :) ""@ZukhrufAlAdni: Butuh hati yg bener2 ikhlas ..gmn? #SedekahEkstrim",Tidak Ada
"Apa nggak capek hidup gitu2 aja? Coba #SedekahEkstrim, insyaAllah perubahan nasib dan nafkah jg ekstrim. Gak gitu2 mulu",Berat
"udah ah capek. gue udh baik banget bantuin orang buat mikir plus kasi saran, dianya gabisa mikir --"" ignore the hater, lalalalala",Tidak Ada
"Iya tau deh yg twitnya lucu terus,. Maap kak yogy,. :'( RT @setiawanyogy: @Arie_Kriting ri, istirahat, gih! Kamu lelah banget deh kayanya.""",Tidak Ada
Yang LDR emang ga capek cium layar HP sama Laptop mulu? - @CumaPangeran,Tidak Ada
"@editor_in_chic • Di pelukan seseorang dari belakang kalau lagi capek banget, Mbak... *melipir*",Tidak Ada
"ngga #ngacir RT @GheaDifalara: @DroidIndonesia @AgungB_ ╮(╯_╰"")╭ gk capek apa gegantian akun mulu",Tidak Ada
"Yoi jaketnya ! @billfoldx RT @idaayuagiastuti: Padahal lagi capek banget kayaknya, tp ttp ramah aja bang @kemalpalevi",Tidak Ada
Capek jwb yg ini mulu :( RT @AndRianMu: bang gue mau nanya tapi jgn marah ya. Kenapa mata kanan lo ada hansaplastnya?,Tidak Ada
"haha ;ah sndirinya jga tuh :p wee :D RT @ndaagustin min ngetweet mulu, gak capek apa? Sana kelonin pacar biar kayak manusia",Tidak Ada
"Kalo tidurnya ngorok, itu tandanya capek banget. Kata ibu, biar nggak ngorok, tidurnya harus nyamping.",Tidak Ada
"Capek bro. Capek banget. RT @agungharik: min saya dari bayi sd umur 19 thn blm prnh pacaran,emg rasa pacaran gmn sih min?",Ringan
"Walaupun meeting hari ini bikin ngantuk dan capek, tapi dijaga mukanya yah jangan kegep banget kayak gini :p",Tidak Ada
Capek juga ya setiap hari mandi mulu.,Tidak Ada
“@faaaabiolaa: Capek banget but so fun! Thankyou #YESSTopGuest2013 @AnekaYESSmagz sampe ketemu besok dikarantina!♥”,Tidak Ada
Capek ngalah mulu.,Tidak Ada
"Sudahlah, kalian fokus pd @aniesbaswedan saja. Jokowi saja gak mikir kok kalian kegeeran anggap dia kompetitor :) @superSEP7",Tidak Ada
Mantap kan! “@opisangmolen: @notaslimboy Tan Malaka itu Jomblo Idealis.. Di twitter aja fokus kultwit ttg Ideologi gak modusin follower :)”,Tidak Ada
"5. Topi. Akali dgn memakai topi2 keren. Gak ada yg tau kalo kamu lg bad hair day, karena orang2 akan lbh fokus liatin topi kamu yg trendi :)",Tidak Ada
"Yg susah itu: fokusin mata cuma buat guru-guru padahal lagi fokus ngobrol, bawa-bawa buku trs ke mana-mana padahal engga dibaca",Tidak Ada
"Dear all. Ayo kurangi bicara ttg @SBYudhoyono karna GAK PENTING. Mari fokus wujudkan SI MPRS: ""Selamatkan Indonesia""!",Tidak Ada
"Cewek single bukan berarti dia jones atau gak laku. Mungkin aja dia lg mau fokus sama sesuatu yg lain, atau mungkin masih mau bertahan. :)♥",Tidak Ada
"Jika mundur, maka pernah maju. Maju mundur itu biasa dan enak. Masuk lalu diam itu gak enak *gagal fokus* 😎",Tidak Ada
fokus ! untuk saat ini susah dulu gapapalah '',Tidak Ada
"@ImmGh: Tayangan [masih] Dunia Lain gak berani fokus kamera peserta jk peserta bilang ada penampakan, takut ketauan boong? #GakUsahNontonTV",Tidak Ada
GAK FOKUS ngejalanin bisnisnya :) RT @MicrosoftUKM Ada yg tahu faktor2 apa saja yg bisa menyebabkan #kegagalanbisnis ?,Tidak Ada
"Berantem mal... ""@kemalgiffari: Ngakunya anak band kepada semua wanita, ternyata cucunya segudang. Oke sory gw gak fokus nih.""",Ringan
.. @StandUpBJM Gak banyak gimmick lah. Fokus di materi dan mengembalikan arti 'standup' dlm standup-comedy. Standup for your opinion!,Tidak Ada
"""@akoeSuami: Akuu jelek so bukan lah.. RT @MichaelSamPaulo: Itu kau mas?:o akoeSuami: Gak.. Gak.. Gak.. Fokus..",Tidak Ada
"#Virgo capek itu pas nungguin kabar dari dia, waktu dia lagi ngumpul sama temen-temennya. pikiran pun berantakan, entah cemburu atau apalah!",Ringan
"Siapa yang lagi belajar atau lagi ngerjain tugas? Kalau susah konsentrasi, mendengarkan musik klasik bisa membantu kamu lebih fokus loh!",Ringan
&lt;- orangnya susah fokus. Mau nyari video GoPro malah berakhir nontonin JKT48 (-_-),Ringan
"@seizeurfuture Iya, klo semuanya dikerjain sendiri malah gak FOKUS jadinya. Dan hasilnya pun gak maksimal",Tidak Ada
"#Ancelotti: ""Aku gak mau memikirkan apa yang terjadi dengan Barcelona. Aku hanya fokus pada tim ku.""",Tidak Ada
"fokus fokus! RT @indiraaf: Ya kalo gue fokus gak bakal gini jadinya, ya gak min? @/yeahmahasiswa",Tidak Ada
"Tapi katanya, kalau lagi sama keluarga harus fokus. Gak usah inget gadget dan teman dulu. Nah loh kalau kebalikannya, gaswat juga broo.",Tidak Ada
Sering gak fokus sama makanan karena pemandangan diluar sana #masjidilharam #mecca,Ringan
"Krn fokus hidupnya gak cuma duit. Hati2 sm isi kepala. Isinya duit mulu, nanti hatinya jg isinya duit mulu. Lupa sama kenyataan...",Tidak Ada
"Berarti Menkeu gak ikut fokus ..Sedih @liputan6dotcom: Fokus Tangani Bencana, SBY Utus Menkeu Terima Award Ekonomi Dunia",Tidak Ada
"Gak. Fokus @UUDesa..Lbh penting u/ rakyat ""@OnikGuevara: Bung ndak sekalian bedah buku @anak2revolusi dijember?hehe",Tidak Ada
"Tweeps, pernah merasa bosan saat di dalam kelas? Kalau iya, pasti bikin kita susah konsentrasi dan juga ngantuk berat. #MotiPassion",Ringan
Sarapan apa pagi ini ? jgn gak sarapan ya cz protein bisa mebuat kita berkonsentrasi lebih fokus dan ngindarin sakit maag #RadioActive,Tidak Ada
Aku gak fokus gara-gara............................. #Zona5Watt w/ @dananprima,Ringan
:))) RT @St_Shooter: 45. @BedebahFC vs #SGU : Gue suka foto ini meski gak fokus di @muhadkly :),Tidak Ada
"""@Paramecwara: menjaga fokus ibarat ikutan lomba bawa kelereng pakai sendok di mulut. It is an on-going endeavour, gak selesai di awal.""",Tidak Ada
Fokus aja pada mencurahi kekasih dgn cinta &amp; perhatian kamu. Kamu pasti bisa kok membuktikan kalo cinta gak pernah terhalang oleh jarak :),Tidak Ada
"Ko ngakak? ""@aLiimrano: Tim @tausiyahku gak terbitin buku lagi, lagi fokus terbitin buku nikah #ngakak""",Tidak Ada
"Fokus utk terus mlakukan kebaikan2 baru, drpd meng-ingat2 kebaikan yg sudah dilakukan. Allah gak akan lupa.#inspirasi #RZAshar",Tidak Ada
"Sejak Osis, kuliah dst, koordinator tuh paling gak kerjaan @kompascom: PDI-P Minta Presiden Tunjuk Satu Koordinator Fokus Tangani Banjir",Tidak Ada
@Benidictivity neng dunia nyata susah leh fokus mergo rupamu angel dijak ngomong serius. :(,Tidak Ada
"Hwaduh ngobrol sama comic dan calon comic ( @nirina_zubir ) pemain @Comic8TheMovie mimin susah live tweet, becanda mulu nih jadi gagal fokus",Tidak Ada
"Aku kenal banyak org yang gak kuliah tapi mereka fokus di dunia Entrepreneur, dan mereka bisa melejit lebih dulu.. Saksessnya duluan... He3",Tidak Ada
"Hidup itu penuh pilihan, dan bola di tanganmu..Kamu mau Fokus Kuliah boleh, kuliah sambil bisnis boleeh, gak kuliah langsung bisnis monggoo",Tidak Ada
@Ichifn sama sekali gak ada masalah sama @DaffaaaRMD gue close akun cuma pengen fokus UN dan PM .,Tidak Ada
@_abamz maksudnya gak bisa fokus?,Tidak Ada
"Sanguin (-): susah fokus, pelupa, gampang ikut arus, suka ikut campur masalah orang lain, cenderung konsumtif. | #Dreamland",Ringan
Karena itu jg ngaruh ke mood kamu di pagi hari. Ngeliat sesuatu yg berantakan di pagi hari bakal menyudutkan kamu ke suatu pikiran :O,Tidak Ada
situ gua coba move fokus sama kapel gua terngata ga bertahan 1 bulan smenjak balikan gua putus lagi sama rp G gak lama si rp C ini on lagi,Tidak Ada
"Cowokk baik-baik zaman sekarang tuh langka. Baik dalam arti; Gak genit sama cewek2, tp sekalinya dapet cewek, dia fokus sama 1cewek itu. :)",Tidak Ada
"Rek! Bonek Persebaya ""1927"" Surabaya, Engkok nek budal sing tertib, gak usah kakean polah, fokus nang tujuan utama yo! #SavePersebaya1927",Tidak Ada
Udah lama nih gak fokus ngetwit. Jadi gimana? Masih?,Tidak Ada
Anak (SMP-SMA) Anda susah konsentrasi saat belajar? Tingkatkan konsentrasi belajar mereka di,Tidak Ada
"Olahraga yang kayaknya ""ah gitu doang, siapa juga bisa..."" ternyata susah lho guys! Karena butuh konsentrasi tinggi saat yoga. #XLSport",Tidak Ada
Resolusi 2013 kamu berjalan #smooth apa gak? Yuk ngopi #smooth bareng @inibaruhidup biar lebih fokus dan #smooth mikirinnya.,Tidak Ada
"Nggak punya waktu baca, ngantuk saat membaca, susah konsentrasi dan keder lihat buku tebal kunjungi",Ringan
"pesene #arekbonek1927 kita tetap fokus pada jalur, gak oleh goyang dan tunggu instruksi selanjutnya. salam satu nyali!!",Tidak Ada
Anak (SMP-SMA) Anda susah konsentrasi saat belajar? Tingkatkan konsentrasi belajar mereka di,Tidak Ada
2 menit lagi. Ini kok gak fokus ya? Tahan dong! #KTBFFH!,Ringan
@pongkibarata @danie_satrio Wis tuwo susah #maspongsong konsentrasi :),Tidak Ada
Anak (SMP-SMA) Anda susah konsentrasi saat belajar? Tingkatkan konsentrasi belajar mereka di,Tidak Ada
"Gresia udah gak nge-host lagi, fokus ngejar titel dokter :p ""@MuhammadAdam91: @sport7trans7: Mimin.... Hostnya Kak @gresiakristi ya :(""",Tidak Ada
GAK TAU HARUS FOKUS SIAPA SEMUANYA GANTENG,Tidak Ada
"FOKUS untuk gerakan bersama, gak perlu mikir tim sebelah., WANI? #savepersebaya",Tidak Ada
@AnggaCG fokus Perjuangan!! gak mikir liyane! #wani,Tidak Ada
Anak (SMP-SMA) Anda susah konsentrasi saat belajar? Tingkatkan konsentrasi belajar mereka di,Tidak Ada
Soekarno rentan galau selama film. Makanya kadang2 suka gak fokus mikirin negara. Untung ada Hatta #soekarno,Sedang
Byk yg gak tau klo @FatinSL hrs fokus sblm perform ;) semua dijelaskan lho di #FantasticFatin,Tidak Ada
Anak (SMP-SMA) Anda susah konsentrasi saat belajar? Tingkatkan konsentrasi belajar mereka di,Tidak Ada
"Fokus di materi.. Pilih jokes pembuka yg cepat, dan lucunya meledak!! Hati2, Radit bakal nge""cut"" kalo ampe detik 20 gak ada tawa",Tidak Ada
@MGunturrP itu artinya blm fokus.....ai servo itu gak fokus pun bisa motret,Tidak Ada
FOKUS dulur FOKUS!! gak usah mikiri tonggo sebelah.. FOKUS.,Tidak Ada
Anak (SMP-SMA) Anda susah konsentrasi saat belajar? Tingkatkan konsentrasi belajar mereka di,Tidak Ada
"Buat kamu yang suka gagal fokus: ""4 Hal yang Bisa Kamu Lakukan Kalo Gak Denger Orang Ngomong""",Tidak Ada
Anak (SMP-SMA) Anda susah konsentrasi saat belajar? Tingkatkan konsentrasi belajar mereka di,Tidak Ada
"FOKUS yuk dulur, wes gak usah ngurusi tim sebelah. Jarno sakarep-karepe, awak dewe fokus gawe perjuangan penyelamatan Persebaya, WANI?",Tidak Ada
[Tanya] @HendriansyaHR: ada yang mau jual auto fokus gak? Lagi nyari ni.,Tidak Ada
"plis gue kayak ""omg sehun"" terus abis itu ""omg omg"" tapi gak fokus ke jongin eh tibatiba-",Tidak Ada
4. Anak (SMP-SMA) Anda susah konsentrasi saat belajar? Tingkatkan konsentrasi belajar mereka di,Tidak Ada
"Cabe-cabean gak cari uang, cabe-cabean cuma cari kesenangan. Fokus kasus indosiar kacau nih ..",Tidak Ada
"@Ruth_Djojoning tema pelik yg bisa panjang diskusinya, dan saya gak ahli :) risetku fokus di era modern, ttg yahudi orthodoks zionisme",Tidak Ada
"Jomblo dusia yg seharusnya sudah mmpunyai hubungan yg serius itu gak enak, gak fokus !!! Berasa gak ada yg dperjuangin ajaa ^_^",Ringan
"Nggak punya waktu baca, ngantuk saat membaca, susah konsentrasi dan keder lihat buku tebal kunjungi",Ringan
Mimin ampe gak fokus ngetweet liatin @barsenabest ama @kekeadiba #NEZACADEMYSEMIFINAL,Tidak Ada
"wes rek ayo FOKUS maneh, sing lucu-lucuan mau anggap selingan ben gak edan. #savepersebaya1927",Tidak Ada
!! RT @bangwinissimo: @savicali Karakter linear dari Twitter itu yg membuat susah utk jd fokus termasuk juga masalah pertengkaran :-),Tidak Ada
"amin “@ernestprakasa: pandji 2014 gak mau bikin tur/spc, fokus ke musik. Gw jg ah, fokus ke karir sbg aktor layar lebar. #yaksilakanmuntah”",Tidak Ada
"Thn 2012 gue sadar susah utk fokus pada 2 karir. 2-2nya ada proses mencipta. Butuh waktu, tenaga, uang. Makanya 2013 rap gue tinggal dulu.",Tidak Ada
"Karena kalau kamu beri jawaban yang gak nyambung, perusahaan akan lihat kamu tidak fokus dlm bidang yg dilamar.",Tidak Ada
FOKUS KRIS LUHAN CHEN BAEKHYUN GAK SIH,Tidak Ada
@yogi_candra2.kayaknya fokus bener belajarnya.ampek gak pernah maen lagi.,Tidak Ada
gak deng gue gak salah fokus HUHUHU BAEKYEOL &lt;///3 saling memberi kode satu sama lain ya ya ya? :'(,Tidak Ada
#Tips untuk Moms Sering mengalami susah konsentrasi? Simak tipnya! :),Ringan
"@aeroflare gak bisa di sebelah kanannya ada Sehun terus di subtitlenya ada ""KAI"" jadi mana bisa fokus Krisyeol.",Tidak Ada
"gak ngurusi ababil sing golek followers, FOKUS berjuang bersama untuk Persebaya Surabaya. #WANI",Tidak Ada
Maaf ya mimin drtd lg fokus nonton Students @NEZacademy_NET perform.. Kalian ada yg lg nonton jg gak? Buktinya mana? #NEZACADEMYFINALEXAM,Tidak Ada
"Morata: ""Laga yg susah bgt. Anda bs blg bhw mereka udah persiapkan ini sjk lama. Semua yg kita bs lakukan skrg adalah fokus ke laga slnjtny""",Tidak Ada
"Fokus doa buat tim sendiri aja biar gak kalah. :) RT @zuhairimisrawi: @savicali, semoga Hull City bisa Liverpoolkan Arsenal :)",Tidak Ada
Anak jaman sekarang susah konsentrasi.,Ringan
Sahabat ada berapa binatang yg kamu lihat? Susah konsentrasi karena 5L? Minum Sangobion! Pic:,Ringan
@ulfazain k-kok malah ulfa yang susah //papming// ulfa kan butuh konsentrasi jadi jangan kangenin saya dong //eh,Tidak Ada
"@amwidyou Lagi, topik yang disangkut-pautin sama Tuhan itu jadi gak relevan. Pembahasan akan meleber kemana-mana, gak fokus di topik utama.",Tidak Ada
"Mumpung kompetisi lagi rehat, gak ada salahnya untuk fokus ke sekolah dulu.. Toh ini juga untuk masa depan lik.. :))",Tidak Ada
"Taufiq Kagumi Fanatisme Bobotoh: Meski mengaku susah fokus saat melawan PSGC kemarin, M Taufiq menuturkan keka...",Tidak Ada
@IdranKaryan @ibutjantik putusan MK gak pake istilah 'kumpul kebo' 'perzinahan' tp 'di luar nikah' &amp; fokus pd hak2 anak,Tidak Ada
"&lt;&lt;&lt; orangnya susah fokus, kalau lagi semangat ingin cerita.",Ringan
"Yg bikin jerawat berbekas itu kelakuan tanganmu sendiri. Bukannya ngerawat apa yg masih dipunya, malah fokus ke satu titik gak berguna. :p",Tidak Ada
"""lah, katanya di zenius itu gak blh ngehafalin, harus fokus ke konsep.. tp masa iya kita ga blh ngehafalin waktu belajar?” #zenfriday",Tidak Ada
SCTV Fokus Siarkan Sepakbola Usia Dini Kenapa gak @KickOff_MNCTV ???,Tidak Ada
Fokus berita bahaya kesehatan RT @Puthutea: @AngrySipelebegu baca gak proses politik di balik peringatan dan kelak gambar di bungkus rokok?,Tidak Ada
"Ah gak kepikiran, mending fokus nulis, atau bikin laguRT @Rave_Sound kang, penulis atau musisi?",Tidak Ada
#SKULDESAK Alasan jangan pacaran sm temen sekelas: 1. Ngga fokus belajar 2. Gampang banget bosen 3. Kalo putus susah move on nya. pait pait,Tidak Ada
"Bisa dibilang aku pria yang gak bisa fokus pada satu hal. Ketika berkarya, ketika bermain, kulakukan sambil memikirkan kamu.",Tidak Ada
@KresnaRebels @heykila maaf yah gak mau bales mention dari pak kresna dulu karena bahtiar nya lagi fokus persiapan ujian PPL.,Tidak Ada
Ha3 saya multitasking! Fokus gak la “@faiqadhwa: Tngk dok tweet je xfokus kongres la tuuu..haha”,Tidak Ada
@bayucungkring gak bisa....fokus yg bisa manual,Tidak Ada
"1. Kalo kamu masih sekolah, fokus sekolah aja, nikmati masa-masa remajamu dengan perbanyak teman, gak usah pacaran dulu.",Tidak Ada
"Jika selalu fokus pada keburukan seseorg, maka kita akan susah melihat sisi baiknya :) #katabijak",Tidak Ada
"Ketemu lagi -,- jadi gak bener nyanyinya. Gak fokus, gak bisa lepas dri wajahnya",Ringan
"Selamat UTS! ""@celinafy: Gak sabar nunggu kuliah umumnya kakak kelasku yang keren nih, bang @helmyyahya . Tapi sekarang fokus UTS dulu huhu",Tidak Ada
"#RahimBernamaInovasi 2/14. Dia juga merasa mulai Jauh dari Ibadah, susah fokus berdoa, dan anak sakit-sakitan terus.",Tidak Ada
"Waduh, lagi"" jebakan offside Timnas bocor, gak pake sayap seh #oops beknya kurang fokus kamsudnya, hehe China 0-0 #Indonesia #AFC2015",Tidak Ada
"Widyawati Susah Konsentrasi di Usia 63 Tahun: Untuk menyempurnakan penampilan, ia mengaku berlatih keras. Tak ...",Ringan
Orang Jatuh Cinta Susah Fokus di Tempat Kerja,Ringan
"Karna gak mau diajak ktm diskusi tp di twitter nyerang mulu, gw anggap ITJ mmg bertujuan politis. Fokus propaganda, bukan cari kebenaran.",Tidak Ada
Anak (SMP-SMA) Anda susah konsentrasi saat belajar? Tingkatkan konsentrasi belajar mereka di (Parents Only).,Tidak Ada
Susah konsentrasi saat membaca? Temukan solusinya di,Ringan
Susah konsentrasi saat membaca? Temukan solusinya di,Ringan
"Debat ama geng anti-JIL ini gak asyik. Gak fokus tema, mlipir ke mana-mana, cari-cari apa yg bs digunakan u/ nyerang lawannya. Wis tau bro..",Ringan
@ssirah @ZackyMadridista @hbmulyana Justru situ yg gak fokus bro.. Kita ngobrol soal NU trus situ seret isu JIL dg mention pic. Lupa?,Tidak Ada
Bisa gak sih orang orang ini fokus NONTON BOLA mataake tipi aja gak usah pake ngetwit?,Tidak Ada
gak fokus nulis kalau yang mention kayak gini. :(,Ringan
@AuliaAuliasenkz gak ada yang fokus ke Kudus saja. Aku tak tahu banyak,Tidak Ada
"via @Galapago555 - #IkerSays ""Aku hanya bisa main tiap dua minggu sekali, jadi susah utk tetap fokus, tp terimakasih utk rekan2 setim...""",Tidak Ada
"Karena susah konsentrasi saat belajar, Joko mencoba untuk ______",Ringan
"Lagi fokus bgt garap buku ketiga, #RELATIONSHIT. RT @gusriana_1: mas alit kok gak pernah ngeblog lagi? udah lama loh~",Tidak Ada
"Malem ini kayaknya yg nonton @NewShowMetroTV banyak yang gak fokus, ayo-ayo fokus ya.. :D",Tidak Ada
"@ranangdagama oke, kecuali kebijakan makro pemerintah gak fokus di 'statistik' pertumbuhan ekonomi. Ini trigger, Bung! Spy semua melek.",Tidak Ada
"Aku gak fokus menghafal garagara kamu. Iya. Kamu sih, nggak ada kabar, jadi aku terus mikirin kamu :( Kamu kemana? Aku kangen :'( (@atqyaaa)",Tidak Ada
Urban Cikarang gak fokus kesitu RT @ridtyapratama: @UrbanCikarang min itu arsenal vs liverpool disiarin di tv gak?,Tidak Ada
Hebat deh yg bisa deketin banyak orang sekaligus. Gue fokus ke satu aja gak dapet. Mesti fokus ke 0 kayaknya biar dapet.,Tidak Ada
"Kalau aku tiap jam, menit terus mainan kangen sama kamu, akunya gak fokus dong kerja, temen kan buat refreshing, Yang.",Tidak Ada
"Bukan masalah UN-nya nanti bakal susah ato gmn, tp justru spy lo ada nanti ada byk wkt buat fokus belajar SBMPTN Tertulis sama Ujian Mandiri",Tidak Ada
"Orang jantan ngomongnya fokus. Tadi ngomong fatwa kan ente, @harismz? Sampai wafat gak ada fatwa halal sekolah formal.",Tidak Ada
Yang namanya kerja pasti agak susah fokus kalo berisik kan? Biar fokus nih sambil dengerin #LaguEnak di,Ringan
"Fokus belajar, tunjukin prestasi RT @Yemi_Mima01: boleh kasi' tips gak gimana caranya move on dri mantan yg adllh tman klas sndri? :'(",Tidak Ada
Jam tidur yang kurang bisa memicu kepikunan hingga susah konsentrasi. Selamat beristirahat untuk menyambut hari senin!,Ringan
@OnyaAza @bilabigail @ssirah @lisaboedi @masinusina ane bahas tinjauan hukum islamnya dulu. Kebiasaan ITJ gak pernah fokus nih.,Tidak Ada
"Yah gak papa juga sih, kalo kamu emang pengen fokus mengejar impian, tapi jangan lupa selipkan juga Aku di salah satu mimpimu #KicauRio",Tidak Ada
Setiap release tekankan satu fokus terpenting dr event anda. Kalo fokusnya banyak malah jd gak fokus nanti #TipsPressRelease,Ringan
"9. Kalau lagi twitwar dg 1 orang.. fokus ke orang itu saja.. gak usah nyamber2 orang lain yg lagi gak ada di ""War Field""",Tidak Ada
"Semuanya gak ada yang instant, biar kerasa hasilnyaa ya harus sabar, fokus! #dilema #CeritaCinta",Tidak Ada
Terkantuk-kantuk dan susah konsentrasi di siang hari? cek nih,Ringan
"Niat mau ngirim kerjaan, buka email, ada notif dari Instagram, ada fotonya Cigul. Susah fokus tak terelakkan.",Ringan
Kok semalam gak jadi nonton BlueMoon? | Gak ada Yoona-nya sih | Hahaha salah fokus tuh anak.,Tidak Ada
"Tentang #SUN3DPK. FOKUS DONG! RT @Paradimy: Bang, di catayem masih hidup dinasaurus gak? :O RT yudhakhel: Yah gak ada yg nanya :(",Tidak Ada
"pesene teko sing lawas-lawas "" tetap fokus &amp; berjuang atas apa yang kita yakini benar"" - jadi wes gak usah ngurusi liyane dulur.",Tidak Ada
"Ngadepin masalah gak usah terlalu lebay, fokus aja udah cukup",Tidak Ada
"salah fokus wooy :)) RT @asrisundari: kalo pdkt sama Bagas, susah nih kayaknya. Dikasih kode, malah cuek ga peduli. :/",Tidak Ada
@_haye_ gua gak peduli tafsir cerdas loe ttg kalimat gua.. Jelasin apa maksud operator.. Fokus..,Tidak Ada
dia lagi gak on. mungkin dia lagi fokus belajar buat ujian besok :),Tidak Ada
Hari raya yang bikin susah konsentrasi: Idul Adhd.,Tidak Ada
@dusrimulya @andretijunio @hafidz_ary @ssirah @Irfan_AFauzi gak. Aku cuma pingin fokus. Ini aja gak mampu dijawab hafid kok :)),Tidak Ada
"@ARaghutama aku cuma fokus sama hafidz. Lainnya yg kelihatan ""awam"" gak aku gubris. Suwun ya sarannya :)",Tidak Ada
"Hah??? Gak ada!! Bandung = komunitas, bukan manajemen XD RT @sai_achan: Enak SUIBDG punya manajemen sendiri jd comic cuma tinggal fokus",Tidak Ada
"Aku gak akan jawab soal lain, sebelum ia jawab bantahanku. Fokus. Simpel :) @sundariiriani @hafidz_ary @KONTROVERSI4",Tidak Ada
@sundariiriani @hafidz_ary @KONTROVERSI4 aku gak akan meladeni pertanyaan lain sebelum hafidz jawab bantahanku dulu. Fokus. Simpel :))),Tidak Ada
"@hafidz_ary @teh_tariq kalau ""John F. Kennedy was my best friend"" gimana? *wah makin gak fokus hafidznya*",Tidak Ada
@hafidz_ary aku gak akan jawab dari apa yang dulu gak aku tujukan buat kamu. Fokus saja ke bantahanku ke kamu :)),Tidak Ada
"Sepurane juga yoo rek! sharing tweet e gak urut nomer.. cak mimin lagi luwe soale, dadi gak fokus. :D #filosofi_sby",Ringan
Pikiran udah berantakan. Exit. Haha.,Tidak Ada
"Sipit lebih Fokus! RT @denny_aditya22: Pemain korea gak sepenuh'n melek kok jago ya,apalagi melek??? @SiaranBolaLive",Tidak Ada
"Sagitarius: Temen yg fokus banget, rada playboy/playgirl, dan gak sabaran. #makeitREAL",Tidak Ada
"Scorpio: Temen yang kadang suka gak fokus, punya semangat tinggi, dan berani bertindak. #makeitREAL",Tidak Ada
@Badioel kalo kesepian gak fokus blas :),Tidak Ada
kalo UN di apus pasti gak ada lagi modus putus gara-gara mau fokus UN :'),Tidak Ada
"#REALtips Fokus. Kalo fokus, gak perlu seharian habis buat belajar. Yang penting fokus. Fokussss!",Tidak Ada
@saragisamuel yg penting kamu fokus berdoa supaya bisa lolos tahap berikutnya dulu. kl mikirin passing grade trus jd gak fokus doanya lho :),Tidak Ada
@sv_tunggadewi yg penting kamu skrg fokus berdoa supaya bisa lolos tahap berikutnya dulu. kl mikir yg gitu2 nanti jd gak fokus doanya lho :),Tidak Ada
@suararaa pokoknya yg penting kamu skrg fokus berdoa supaya bisa lolo tahap berikutnya. kalo mikir yg gitu2 nanti jd gak fokus doanya lho :),Tidak Ada
"Gak juga. Jadi, bs fokus sama keluarga &amp; ibadah. Gak uring2an lg mikir &amp; ngejar duit :) ""@amegautau: min? bosen kalau tiap hari libur terus",Tidak Ada
Sering susah konsentrasi di sekolah? Wajib baca ini: (RT &amp; Fave this tweet to save this link),Ringan
@Bluebirdgroup Saya kasih cancelation fee. Krn saya gak yakin sama driver gak fokus. Knp tetep kirim dia sih? Costumer udh gak mau lho..,Ringan
@poeticpicture fotografer fineart = udah lama motret masih gak bisa fokus juga,Tidak Ada
"“@akhtyo: kalo bertani beneran, di ladang kampung masuk @IDberkebun gak..??” Bisa saja. Tapi fokus @IDberkebun lbh pd #urbanfarming :)",Tidak Ada
"Let's clear your desk, Teens! Lingkungan yang berantakan bisa membuat kita gak fokus &amp; gak produktif. #TeenTips",Ringan
"@Baby_Boo_2000 mata gak boleh iseng, fokus ke bendera merah putih yg dibawanya &amp; selebrasi kegembiraan :p",Tidak Ada
"Anak ketiga itu ibarat air, mengalir mengikuti arus, tidak banyak omong. Susah ditebak dan sulit sekali untuk fokus.",Tidak Ada
"Perhatikan jumlah suku kata, fokus! -- RT @ichalcloud7: @muhadkly berotot tapi gak punya hati, agung heartless.",Tidak Ada
"di TL hampir gak ada twit bola Eropa, semua fokus ke piala AFF U19. Bukti bahwa kita cinta Indonesia.",Tidak Ada
"Ketika ada sesuatu yg salah, Ibu fokus ke solusi &amp; gak nyalahin siapapun. Ibu percaya bahwa inilah yg terbaik dr Allah :)",Tidak Ada
"Penyebab tersering insomnia adlh stres n terlalu capek,efeknya ga fokus n leher pegal @droz_ttv""@UcopMuhaiban: Ud 3hr.. Susah tidur... D",Tidak Ada
"Apa harus ada revolusi sistem pendidikan. Kalau memang semua bisa digoogling, knp fokus di pertanyaan hapalan. Gitu gak sih?",Tidak Ada
"Iyo pacarku mek iku tok ! ""@rizkyayul: Min, gak pegel @Green_Nord27? Gantian fokus Sabtu wayahe dukung pacar tercinta looh. Ojok lali yo :*",Tidak Ada
YA ADA MASALAH GUE GAK BISA FOKUS MAU BELI APA KALO LO BERDIRI DIBELAKANG GUE............. huhu sebel dia gak tau apa dia ganteng.,Tidak Ada
"Fokus aja ke pertandingan bsk ""@ojih_theNextmen: tengahnya Madrid selevel Modric - Isco, susah jd Juara mas,, ga ada kharismanya @t10nugroho",Tidak Ada
Gak usah digubris kloning2nya. Fokus pd #manajanjimumacan saja :) @uniqueprisilla @guecantikloo @TrioMacan2000,Tidak Ada
Suka susah fokus &amp; butuh alat yg bisa bikin kamu lebihh relax? Emotiv Insight ini nih jawabannya. #SMARTtechno,Ringan
"@pasarsapi hari ini mau fokus ttg parenting kak. Krn gak ada sekolah parenting, yg bagus itu sharing antar ortu :)",Tidak Ada
"Habib Mundzir, Habib Luthfi, Habib Syech mengusung ber-Islam yg adem, fokus pd penyucian hati. Gak berangasan. Beda dgn habib sebelah.",Tidak Ada
"Latihan konsentrasi RT @geonesiaideas: @ryuhasan dokter kalau susah konsentrasi apa obatnya???, otak gw udah mulai lemot nih",Ringan
"Malu sedikit ngapa, Jih? RT @ARaghutama: Temen2 yg lain yg gak fokus ke mesir dulu diteriakin gak peka sodaranya dibantai, @ojih_theNextmen",Tidak Ada
alasan masih jomblo = 1. lagi gak pengen pacaran 2. belum ada yang pas 3. fokus belajar dulu 4. nanti aja langsung kawin,Tidak Ada
"@Fanadyaa masa iya lu pendem terus , nanti malah jadi sakit hati :| gak fokus belajar deh :3",Tidak Ada
"Udah, fokus awaydays nganjuk aja.. Gak usah ngurusin chant yg sering kita nyanyiin.. Jgn pernah merasa superior, nanti jadi bumerang.. Ok!!",Tidak Ada
@aeroflare biar cepet afal itu gambar cover kartunya udah gak usah fokus ke gituan.,Tidak Ada
"Sebenarnya tadi sy ingin lihat camera #tvri jg nyorot tamu2 lain. @Pak_JK misalnya, hadir kah di #sailkomodo? Gak fokus ke Pres n Bu Ani",Tidak Ada
"saatnya kembali fokus pada cita-cita. cukup bermain dengan dunia. *natapin outline ran, yang udah sebulan gak dikerjakan* ;'(",Tidak Ada
Sapa sih tu? Manisnya bikin ga fokus RW @fauzaiam: Mo taping ada dua makhluk ini jadi gak semangat. Ada yang kenal?!,Tidak Ada
@commaditya @jonathanend freelance sambil ngantor membutuhkan konsentrasi dan fokus ekstra. Aku ngejalanin kerja sambil nulis aja susah.,Tidak Ada
"kalo lagi kengen banget, emang susah fokus sama kerjaan.",Ringan
"Fokusnya bisnis. Kuliah (belajar) mestinya bukanlah beban khusus "" @DediPrakasa kok nyaranin kuliah sambil bisnis? Berarti gak fokus dong",Tidak Ada
"@annasemangka Ah iya, itu agaknya waktu jwb pertanyaan lagi gak fokus kak, jadinya salah --"" yg bener yg barusan admin kasih ya.. Makasi :)",Tidak Ada
"Selamat sore, Tweeps.. Gak terasa sudah tengah pekan aja. Tetap fokus ya.. :-)",Tidak Ada
"Bisnis yg bener dan menenangkan emang begitu, ikhtiarnya dibenerin lebih tekun, lebih fokus, niatnya jg dilurusin, YAKIN rejeki gak tertukar",Tidak Ada
"Sdh ribuan kali dibahas. Buka sajalah usahanya. Nyambi :) "" @Teddy_Ogawa Mas saya anak kuliah, ingin membuka usaha, tp saya takut gak fokus?",Ringan
"gak perlu galau, tetep fokus untuk Persebaya Surabaya #CintaPersebaya1927",Ringan
Ngerti gak sih gue terombang-ambing selama kelas jadi kayak. Kayak gak fokus lagi abis itu.,Ringan
Investasi gak ada hubungannya dg usia. Tergantung pd kantong saja. Kl anak muda saran kami baiknya fokus pd bisnis. @KalemAjah,Tidak Ada
"Ini yang bener &gt; RT @PradanaYanuar: Gak sempet karna fokus ke gameplay RT @PES_ID: Ga adanya cuaca salju ini bukan tanpa alasan, tau kenapa?",Tidak Ada
"Fokus ngurus rumahtangga. Anak itu mahaaal. Gak setara dgn karier &amp; bisnis apapun "" @LarengNitami: istri mas ippho kerja ngga? kegiatannya?",Tidak Ada
mblo ga mlm mingguan? | gak deh. lg fokus ama tugas #alibi #sadnite,Tidak Ada
Gak fokus ngetik kalo mati lampu gini.,Ringan
Kata mamah aku harus fokus sama pelajaran yg dikasih Ibu guru dulu di sekolah. #trims | RT @Alfin_only: fit... mau gak married ama aku?”,Tidak Ada
"Udah fokus #awaydays aja, gak usah ngurusi lainnya.. kayak pak polisi aja ikut-ikutan sibuk~",Tidak Ada
"Akhirnya nonton juga. Sarap. Banyak yang gak suka, tapi Miley Cyrus berhasil nyolong fokus. #mtvvideomusicawards",Tidak Ada
"Ayo The Jak semuanya, fokus buat pertandingan besok, yakinkan dlm hati, 2x45 menit Persija gak akan pernah sendiri! #NotInvasionJustPassion",Tidak Ada
"Saya gak tahu, saya fokus urusan #RUUDesa #RUUPemda ""@JumansyahHamid: Menurut bang Bud siapa yg bakal menang konvensi?",Tidak Ada
"salah fokus ....blaah RT @__eza g ""katanya"" 10 Bus itu ya Bang ?? ;;) RT JakmaniaOnTweet: selamat siang.. ciyyeee yg gak bisa tur sleman",Tidak Ada
"If there is any problem, fokus ke solusi :) Allah gak kasi masalah kecuali dengan solusinya :)",Tidak Ada
Coba dulu gue dulu gak terlalu fokus sama kerjaan gue sampai ngelupain mereka yg sayang gue... | #COOLNLOVELYTIME with @desperadroo,Tidak Ada
tunggu dong gue pusing. jadi gak fokus mau pingsan.,Tidak Ada
Masih remaja mah gak usah fokus ke dunia percintaan fokus dulu sama masa depan :'),Tidak Ada
"Nikah ajah. Trs nyambi bisnis. Yang berbasis rumah. Gak keluar2 :) "" @WN_wanaNirwana Mas mw fokus ngejar karir, tp wanita gak selamanya muda",Tidak Ada
"Bagi orangtua, itu 'unforgiven' - nyambi ajah dulu "" @talithakhalida Bang saya pengen berhenti kuliah buat fokus usaha, tp ortu gak ngijinin",Tidak Ada
"Gak bisa say, harus dalam posisi tenang n fokus.. semua tanpa konsep ""@ote_katanyo: Bang dr pada bales2in tweet org mending lanjut bang...""",Tidak Ada
"Cc Dia... RT @m_fu4d: Not a good game..fokus yg pecah itu gak baik dalam pertandingan sepakbola.. -__-""",Tidak Ada
iya bener besok lawan cardiff. gak fokus gue tadi sorry. RT @WahbiAlk: Main besok kok sama cardif,Ringan
Gimana mau Sukses paket kebijakan ekonominya kalo PiC nya gak fokus sama kerjaannya contohnya neh : Mau majukan bisnis Argo : Mentan-nya?,Tidak Ada
"Gak peduli amburadul nya liga ini, kami tetap fokus membangun sebuah industri untuk PSS..",Tidak Ada
"yang nonton jkt48 bareng keluarga pasti gak terima channel nya diganti, tapi sok laki, akhirnya nyari tv lain, nonton sendiri biar fokus..",Tidak Ada
YA ALLAH YA ALLAH KAI DEMI APAPUN GUE GAK BISA FOKUS KE YANG LAIN BUT KAI,Tidak Ada
"*fokus mantengin* RT @IndosatcarePLG: tuips, mau pulsa 25K gak? caranya cukup mudah nih.. pantengin yaa :)",Tidak Ada
"#SKULDESAK 1.hilangin perasaan takut jelek di foto.cuek aja,gak semua orang nilai foto lo kok,pasti pada fokus ke dirinya sendiri palingan",Tidak Ada
@Aditya_RezaS Gue fokus di Jawa dulu.. Krn P. Jawa selama ini dijajah sama orang2 Gak Beres.. Jawa Baik maka Indonesia akan Baik-Insya Allah,Tidak Ada
kunci nya itu tetap harus FOKUS KE TUHAN dan BE AT PEACE WITH HIM :) maka proses nya gak akan terasa sulit.,Tidak Ada
"@thriean_self bagus deh kalo masih fokus jadi paskibra tanpa ada dance, yang pake dance baik untuk lomba atau apapun gak bagus.. Deal ya?",Tidak Ada
"smoga besok kalo punya anak cowok nggantheng ga kayak bapaknya .biar pas SMP sama SMA gak sering patah hati,biar bisa fokus sekolah :P",Ringan
"Rahasia dapur. Mau ambil kursus, gak? *eh :D RT @grrrhana: @infoPontianak mimin pake aplikasi nih min? *salah fokus*",Tidak Ada
"Biasanya kalo lagi banyak uang, bukannya fokus sama prioritas, tapi malah belanja yang engga2. Kamu gitu gak sih? #SILIWANGI #BoysVSGirls",Tidak Ada
@Frizah14 Iya gitu ? Oh berarti waktu itu adminnya lagi susah fokus :3,Tidak Ada
"Van Dijk gak ikut di timnas, fokus di Persib ...",Tidak Ada
"@yusi_2FRN hahaha Cak Pur gak kolem, fokus buat Arema",Tidak Ada
"Urusan kota Pak De Jokowi lbh mampu,saya fokus ke desa saja, spy gak ada urbanisasi) ""@salon_hewan: Mas, tolong dibantu pakde mu itu loh.",Tidak Ada
"Sumpah ya aku dari dulu pengen banget ngelakuin sesuatu yang khusus buat Chen dan gak fokus member lain, akhirnya kesampean :'((((",Ringan
"@ummi53 owww yg rombongan hijabers seragam ya, maaf gak lihat.Sy sok serius tadi, kekenyangan dan ngantuk jd maksain fokus LoL",Tidak Ada
"Montolivo, Balotelli, El Shaarawy dipanggil timnas Italia pada saat melawan Argentina minggu depan. Mudah""an gak cedera &amp; fokus #UCL :)",Tidak Ada
"Sekali ini kita gak malam mingguan dulu gak jadi masalah kan bebhh? Aku mau fokus nonton tipi, pliss ngertiin aku..",Tidak Ada
Hah makin makin bingung aja (⌣́_⌣̀) off trus fokus gitu? Rasanya gak bisa :(,Tidak Ada
"Ini lucu, tpi emang kenyataan :) RT @farizyordan_D: trik andalan ngelewatin musuh tuh blg "" ada ufo tuh!"" Biar gak fokus semua #gangsempit",Tidak Ada
"Sdh ada bbrp eksperimen bikin stasiun radio di jaringan NU. Tp tak sukses, kalo gak bs dibilang gagal. Jd fokus bikin konten lbh baik.",Tidak Ada
"duh. gak fokus bacanya. RT @mumuuprincespuu: Gemini belom ditidurin RT @dsuperboy: scorpio belom tidur, kalo kamu?",Tidak Ada
stres saat liburan dpt mbuatmu cemas shg brdampak susah tidur/sulit konsentrasi. klo parah bisa mbuatmu depresi. #HappyHoliday,Ringan
"semoga omelan ttg bengkel gak bikin batal. gara2 kelamaan nunggu jd lihat2 mobil lain, tergoda ford focus sport. salah fokus banget deh!",Tidak Ada
"Alih-alih mempersoalkan dasar negara yg bs memicu gontok2an, kita mestinya fokus pd bagaimana agar kekuasaan bener: adil dan gak korup.",Tidak Ada
"Aaaaah~ lu pasti nonton ber2 yg midnight. Jadi ga fokus :'( ""@ichaamc: iya bener :| RT @dewangeee: conjuring gak serem sama sekali :|""",Tidak Ada
"Tapi saya bersyukur pernah menggunakan #MesinKetikManual , karena ini secara gak langsung memperkuat fokus ketika ngetik sesuatu.",Tidak Ada
@mathalil_2 enggeh bah.. sekarang fokus ke tim dulu... sukses selalu untu abah... sampean gak mlaku dewean bah !!! #WANI,Tidak Ada
"Dgn bersyukur, kamu bisa fokus pada hal-hal positif &amp; gak heran kalau akhirnya semua yg kamu impikan tercapai #YOTNewEdition #YOT",Tidak Ada
"@yeyenwannee Hush... fokus ke idenya, jgn hapenya :) tapi emang sih ide itu gabisa jalan klo hpnya gak kompatibel :D",Tidak Ada
"Gue inget kata2 doi ""lo ga bisa main verbal? Biar, gak usah peduliin kelemahan, fokus aja ama kekuatan lo and the audience will LOVE you""",Tidak Ada
"tetap fokus pada tujuan agar pada saat Allah menurunkan berkahnya,kita gak memulai dari awal lagi",Tidak Ada
"FPI nyuruh Ahok fokus masalah PSK aja dibanding urus PKL, gak salah neh PSK di Jakarta itu mayoritas KTPnya Islam loh bib hehe.",Tidak Ada
"@TioAditya_ID indonesia kalah , karena pemainnya fokus ke uang :3 gak ada rasa nasionalisme nya #Mungkin :v",Tidak Ada
"@dan_king_wijaya woops iyo. wah gak fokus, sing ndik atas 0.1 , ndik bawah jadi 1 hahahahaha",Tidak Ada
&lt;- susah fokus,Ringan
"Aku gak mau pacaran dulu. Aku mau fokus belajar. || Oke :'| || Maaf ya, aku mau fokus mempelajari hatinya dia. || *gantung diri* x_x #BK",Tidak Ada
"Aku gak mau pacaran dulu. Aku mau fokus belajar. || Oke :'| || Maaf ya, aku mau fokus mempelajari hatinya dia. || *gantung diri* x_x #ketik2",Tidak Ada
"Duh, gara-gara blognya Wildan, tawa gak dapat, malah omongin surga neraka. Jadi gimana dek, udah bisa terima aku? *gagal fokus*",Tidak Ada
"ekspektasi ngabuburit nonton serial, realita perut laper gak bisa diajak fokus nonton",Tidak Ada
@azminugraha baru nyadar gue harus bikin estimasi lama post-production.. eheheheh.. Gue lagi orangnya susah fokus gini..,Ringan
"Puasaaaaaaa RT @Ojom21LVA: Selalu kalau liat @juliaperrez gak pernah fokus sama mukanya,tapi pada itunya...... #astaga... Hahaha",Tidak Ada
"@dhaniel_go kalo grad mungkin saja karena mungkin lagi fokus sama kuliahnya. tapi jgn sampe grad lah, nanti gak ada lag badai Veranda :((",Tidak Ada
"@CCorbuzier waktu abah 'mundur'n hinaan,cacian bahkan ancaman dtg. Abah lelah, akhirnya abah gak baca koran,sms dll fokus pd hal lain",Tidak Ada
"@habaronline iya sama-sama, pasti gara-gara laper jadi gak fokus nih :p",Tidak Ada
@vonteese__ LONCAT DARI MOBIL SMOOTH GITU aku gak fokus Tao soalnya ketutupan Kris tapi kayaknya pake kaos oblong putih. Kai pake kaos item,Ringan
"*lagi serius mikirin kamu, gak fokus ngetweet*",Ringan
"Fokus buat yg ada didepan mata dulu ya, tgl 30 Juni, Arema vs Persija, yg lawan Persib nanti aja dulu, smoga gak pake muter balik lagi *eh",Tidak Ada
@ilmikaitou berindongan itu bikin sering gak fokus dan komposisi kacau,Tidak Ada
"Kalau mau berhasil itu slh satu syaratnya HARUS FOKUS, kalau sy urus Rokok, Narkoba, HIV jg, pasti GAK AKAN BISA FOKUS :) @Suara_Demokrasi",Tidak Ada
eh iya itu tennis ternyata bung ;v sorry gak fokus -__- -L,Ringan
lol pantes itu semua pada ngajak2... MLM toh... gak ah fokus kuliah aje lol,Tidak Ada
"@Rico_aprasetya kerja dulu gak dilarang.. Langsung buka bisnis boleh, cari satuuu aja, FOKUS DULU.. tekuni sampai bener2 menghasilkan",Tidak Ada
eh iya gua baru sadar itu derp kok bisa jadi herp -_- sorry vrroh gak fokus :| -L,Ringan
"Oh iya :| RT ""@bassxcix: kayaknya gak kata-kata kayak gini, emang perut bisa mikir terus PUSING ??haha @RiaRicis Harus bs fokus!!!! Utk b",Tidak Ada
"2) Ketika kita fokus pada 1atau 2 transaksi, susah melakukan pembatasan resiko. Lain halnya jika fokus jangka panjang. #TradingProfits",Tidak Ada
"@Nadya_Okt nanti beb, #BelieveThisMovie ada saatnya gue kasi info. Ini gue fokus 2 project paling deket dulu biar gak berantakan",Tidak Ada
"@ItutWahidin gak nyaman. panas banget. saya kalo udah keringetan susah mikir, gak tenang dan hilang fokus. itu sih pembelaannya. hehe.",Tidak Ada
"Mahasiswa gak usah ribet dulu deh soal bbm naik, coba fokus aja dulu buat naikin IPK",Tidak Ada
"Lebih enak nonton sendiri, jadi bisa fokus ke isi filmnya, gak enaknya kalau di depan kursi kita lagi cipokan.",Tidak Ada
"Cieee RT @awwe_: Pikiran udah ke #StandupFest terus, susah konsentrasi sama kerjaan lain -_____-",Tidak Ada
"#SedekahRombongan itu dari awal gak kagetan.. yang mau nolak BBM naik monggoo, biar kami tetap fokus ngurus duafa sakit. fokus.. fokus!",Tidak Ada
"@maman1965 @anang_batas iyah, padahal kan harusnya fokus ke masalah jempolnya udah ngapain aja selama ini,.. iya gak bapak2 sekalian..?? :D",Tidak Ada
"Gak fokus sama info bolanya, yang penting @angieamandaa nya :*",Tidak Ada
"11.54 Maaf, adminnya ngetwit sambil ngojek jadinya gak fokus-__-",Ringan
"Hallahhh hallahhh!!! Sok normal ko weii!!! ""@siLoLox: Gak fokus nontonnya, karena ada si ""jilbab ungu""""",Tidak Ada
"Nnton dong ;) RT @GigiChiBi_GRS: Ya donkk,, miminya gak nonton? RT @OFChristyersPDG: Sepi nihh.. Pada fokus nnton bola yak? Hha ◦^⌣^◦",Tidak Ada
Saya ini memang susah fokus. Lebih susah fokus lagi kalo dimention poto potonya member JKT/AKB.,Ringan
#Gemini paling susah utk fokus pada 1hal dan selalu pengen mencoba segalanya. | #TodaysZodiac | #HitsOnTheWeekend,Tidak Ada
"OpenFollback Close, Min Exit dulu ya, untuk 1 minggu ke depan gak Online, mau fokus UKK dulu, Doain lancar ya :)",Tidak Ada
"+100 RT @takdos: Banyakin traveling, jadi lo akan lbh nikmatin idup dan fokus berkarya. Gak mikir negatif dan gak ribet. Hih!",Tidak Ada
HihihiRT @AnisaChiBi_SOLO: Td sritex ramai bgt. Tp gak liat adm2 @Twibi_SOLO_ karna fokus liat @AnisaChiBi dan @CherlyChiBi td. hehe,Tidak Ada
Makanya gw terkagum2 sm teman2 yg bisa raw food lah food combining lah. Gw mah gampang pisan gak fokus urusan makanan heu3,Ringan
"MEN ITU BENER-BENER HYUNKYUN FOCUS GAK ADA FOKUS LAIN DAN DIA PUNYA FANS... SEBANYAK ITU........ ""MANAGER OPPAAA SARANGHAE"".",Tidak Ada
FOKUS GUE CUMAN KE KRIS KAI DOANG GAK NGERTI CAKEP BANGET LO BERDUA ANAK DEWA.,Tidak Ada
"Hallo RT @nur_ima1: Gak fokus bljr gr-gr @eldwin_STANZA open mention , tapi ngenesnya udh cpek"" ngemention tp di kacangin *yaAllah",Tidak Ada
Ada bagusnya juga gak boleh foto-foto di dalam Ullen Sentalu. Jadinya fokus mendengarkan cerita guide nya yang seru banget. :D,Tidak Ada
“@fajrinMaul: Pak kyai @gusmusgusmu gimana caranya biar pikiran gak fokus ke dunia aja?” &lt;~ Kurangi nonton tv dan sering2lah ziarah kubur.,Tidak Ada
"Kalo ga pake GS (Game Shark) pasti fokus sama 1 cewek, susah dapetin hati merah apalagi pink :|",Tidak Ada
@ShahiraMuzahar tak susah laa dik :3 huhu akak akaun tp ambik seni. okay laa. Dpt b+ spm even tkstudy sgt. Adik fokus je dh kelas seni.,Tidak Ada
"Tak sabar #SS5INA, tugas jadi mimin @detikcom gak fokus. Salah posting dah",Tidak Ada
kalo si cewe udah bener bener cinta ya gak bakal kemana lagi dah tetep fokus sama yang dia inginkan,Tidak Ada
"Gak ada yang perlu tau kan masalah apa yang lagi dipikirin sama gw? Senyum, fokus selalu kelihatan bahagia #Panggung",Tidak Ada
@FarrZah gw dari tadi fokus ke isinya. Tp kl gelap &amp; fanatik lgsg heboh gak baca lg deh he3,Tidak Ada
"P.Herry (Pekanbaru): kerja keras, byr pajak, dikorupsi, gmn? / fokus ke berantas korupsi dong. Masa gak kerja gak byr pajak #YourMoneyMetro",Tidak Ada
"Perempuan ini punya suami, punya anak, dan sdh mengaku bukan dia... Knp gak fokus ke Fathonah sih, drmn semua uang itu!",Ringan
5b. Tidak ada ide ke pikiran? Atau tata bahasa dan kalimat sepertinya berantakan? #7AturanMenulis,Tidak Ada
Besok ada Blur sih.. Jadi gak fokus deh,Ringan
"Klu PBB, PKPI bacaleg nya gak lolos maklum lah, gak cukup wkt, ini PKS loh, terlalu fokus ke soal sapi sih",Tidak Ada
Besok senbud gimana? Satu kelompok juga ada tante girang! Jadi gak fokus!,Ringan
"Ladies &amp; Gentlemen, kalo lo termasuk orang yang masih bisa fokus kerja saat masuk kantor di #HarPitNas gini gak sih?",Tidak Ada
"Mas, permisi, saya fokus di Kumham dulu ya. Cakim diawasi MA :) RT @HM_Habibie: Test Cakim, panitera dipantau gak pak?",Tidak Ada
Nah RT @dprasanto: Gak terpantau KPK pula RT @panca66: Dan Fergie menolak gratifikasi RT @anasurbaningrum: Satu lagi. Fergie fokus dan tdk,Tidak Ada
:)“@ni_chantya: @teukuwisnu2 malam ini harus ganti2 channel nih gak fokus liat RKS kebagi fokusnya sm @shireensungkar di OVJ hehehee☺ #pisss,Tidak Ada
"Tolong bilangin kader PKS utk fokus membersihkan PKS dan gak perlu menuduh KPK ditunggangi asing, AF agen utk hancurkan PKS",Tidak Ada
"@avrianma maaf gak bisa lik,kami fokus utk PSS dan BCS dl ya.. :))",Tidak Ada
Tahun ini masih fokus di Malang “@_kamal2013: @AremaFC ini dimana min? Dijakarta ada gak?”,Tidak Ada
@jamalramadhan22 motion atau gak fokus?,Tidak Ada
:D RT @lucywiryono: Santai bukan berarti gak ada tujuan. Fokus bukan berarti terlalu serius. Selamat pagi ☀,Tidak Ada
"@setiawanyogy @GePamungkas @donooo182 Heh, Poni Horizontal di Dahi.., bisa fokus bahas Dono aja gak? Jangan melenceng dr tema dong...",Tidak Ada
fokus sama kuliah/skul/kerja RT @intanaishity: kenapa ya aku susah move on?ajarin aku move on dong,Tidak Ada
"@LebusBulus sama2 gak tajam....goyang----&gt;semua blur sedangkan fokus meleset, pasti ada bagian yg tajam",Tidak Ada
@Zomplank edit gak bisa bikin tajam foto yg blur.....foto tajam secara unum cuma masalah fokus,Tidak Ada
"Gak Fokus? Bete? Nih, Friday Jokes Buat Refresh Mood Kamu!",Ringan
Maaf sodara-sodara... Noh satpam Mesjid Al-Furqon UPI gak ramah... Sikapnya minus. *fokus dengerin khotbah lg*,Tidak Ada
Maapinnnn :(( RT @jengsarah_: Wertekewer tekewer kewernya @TraxFMJKT bikin susah konsentrasi belajar nih. Ngaco banget deh,Tidak Ada
@Tweesca @chroniclea3 kayak ibu2 biasa. tapi matanya kayak gak fokus sih. *suudzon* :)),Tidak Ada
"Pahit (¬˛¬”) RT @bataefendi: Fokus final ri. Cepet sembuh :)) RT Arie_Kriting: Mohon maaf yang gak dapat ticket. #respect""",Tidak Ada
"Udah, Putusin aja! Fokus kerja dulu :) RT @icangcuts: Kalau ada calon tp gak ada dana dan gak kerja gmn?",Tidak Ada
"Ciee yang lagi mau fokus sama pacar, tapi gak bisa karna teringat MANTAN ciee #ciebangke",Tidak Ada
"@sulthanazzam_18 Ba, sorry lagi gak fokus hehe :D",Tidak Ada
"@FebtyDamayanti iya sorry, lagi gak fokus nih :D",Tidak Ada
Pgn fokus modeling :( RT @andrianifitriaa: teh mau gak jadi anggota @cherrybelleindo yg ke-10? :( kan muka teteh imudh gimana gituuuuuh :(,Tidak Ada
"Uda gak jaman deh senioritas, mending fokus pada profesionalitas :)",Tidak Ada
"DPP mau? RT @d_matta: Mungkin gak dibuat sistem penerimaan caleg melalui proses panjang yg fokus akan kemampuan, macam apply beasiswa.",Tidak Ada
"""Gak sakit hati Pak?"" Tanya pati itu. ""Energi kami terlalu berharga tuk dihabiskan untuk itu. Kami fokus bekerja Pak!"" Jawab saya. #nahlo",Ringan
"Gak! Mau fokus bisnis, keluarga dan berkarya! ""@SyNK4ever: @helmyyahya @IlmarYahya Om kok ga nyalonin jadi Gubernur Sumsel lagi...""",Tidak Ada
"@komtungTV Skrang perasaan saya lagi lapar, disini hujan, dan tadi lupa beli camilan, nonton film korea nya jd gak fokus #Udah #TanyaKriting",Ringan
@Harismuzzaqi iso yg dipakai bro? Motretnya fokus gak? Kanvasnya segede apa?,Tidak Ada
@joanitodesaojo Kebanyakan atau kekurangan bercinta bikin Suarez gak fokus. Itu pelajaran buatmu :p,Tidak Ada
"Suarez ganti aja sejak babak kedua. Sering kehilangan bola, salah oper. Gak fokus doi. #LivChe",Ringan
Ya #produsenmobil RT @oemarch: @FerdieJulian @ardigung kenapa gak niru Jepang? Fokus ke transportasi massal. Pajak kendaraan dibuat tinggi.,Tidak Ada
"1. banyak bahaya di sekitar kita, gak mungkin semua di urus, baiknya fokus mbenahi apa yg jd perhatian &amp; yg kita mampu lakukan @runny_hannan",Tidak Ada
'Barca Bikin Bayern Susah Konsentrasi',Ringan
'Barca Bikin Bayern Susah Konsentrasi' via @detiksport,Tidak Ada
"Selamat pagi, semangat yaa UN hari ke-tiga. Jangan mikir yg macem-macem, tetep fokus. Pacar gak ngabarin? Biarin.",Tidak Ada
"sebelumnya admin minta maaf yaa, EXOINDONESIA gak bisa full update dari tgl 15-19 April. karena min D dan min P lagi fokus UN -c-",Tidak Ada
Gak semua jg sy urus sih mas.. He he RT @eae18: Banyak betul ya urusannya. Saran sy sih jangan semua mau ditangani. Fokus ke satu bidang,Tidak Ada
Duduk manis RT @dr_evie_: gak boleh diganggu...lagi mau konsentrasi nih sama arsenal..ayoo WW kita fokus heheh,Tidak Ada
"Pas UAN tuh udah gak sempet nyontek kanan-kiri. Bukan karena beda paket/gimana, tapi bakal fokus sendiri sama soal depan mata. #KaloGueSih",Tidak Ada
"Boleh. Fokusnya pada bisnis. Nyambi2nya pada kuliah :) RT @riza_plus: kalau masih kuliah, membangun bisnis itu jadi gak fokus ya :)",Tidak Ada
"Pilih banyak yang dikerjain tapi gak ada yg beres, atau fokus tapi memuaskan. Hidup itu pilihan, dan masing2 pilihan selalu ada resiko.",Tidak Ada
@WendySulistyani @ririek80 baiknya disteril. Biar gak hamil lagi #eh salah fokus,Tidak Ada
Hiks mau foto sayuran tp kamera hp ini gak bisa fokus trus hasilnya blur.arghh!!! #problemgadget,Tidak Ada
"Thx dok, tapi gak ada slonya karena fokus di Delivery Training -D @amirzuhdi: Aku mau nyumbang, neurosains di pelatihan trainingnya kek JA",Tidak Ada
Sy gak tahu soal caleg. Hidup sy biasanya fokus :|: @susyyuliastanty,Tidak Ada
Hahaha mantap (y) RT @_yoongkruw: @PES_ID min sebelah main PES sebelah nntn EPL nih *gak fokus,Tidak Ada
"Udah kebanyakan project dan tanggungjawab, tetapi selalu ada hal baru yg ingin dibuat. Bukan soal gak fokus ato serakah, tp fardhu kifayah",Ringan
"@Ve_LadyFreaks Minta kepastian, klo dia masih gak jelas langsung putus aja. *gagal fokus..*",Tidak Ada
Sip►@sofyanYES: Seperti spion cukup ditengok sebentar lalu fokus kedepan RT @masmono08: Bicara masa laloe gak akan pernah ada ...,Tidak Ada
"Lebih baik fokus ke menulis, harus sabar. “@trzka: gak sabar jg liat tulisan sndiri di publish, XD”",Tidak Ada
"TAPI ASYIK KUAAANNDDHHZZ?? hahaha! RT @mariaputrie: #BEJAD #MorningZone ini gak fokus kerja malah ketawa2 terus, *lambaikan tangan gak kuat*",Tidak Ada
haha fokus un dlu aja :)RT @fatinistic_jogj: @Support_Fatin ia nih min mau bia nih min mau belajar gak fokus kepikiran @FatinSL trusss,Tidak Ada
kira2 Hardrockers masih bisa fokus kerja gak nih kalo ditemenin sama #LOVEGASM ??,Tidak Ada
+100 RT @ungatawwa: supaya gak terlalu fokus sama meetingnya :D RT@RisaHart: Kenapa kalau meeting org sering nyediain snack?,Tidak Ada
"#thongthursday = Picx cewek, dimana lebih fokus ke bokong (gak full naked) tapi masih memakai underwear yg disebut ""thong"".",Tidak Ada
@Lisaachmi Gak banyak. Yang ngambilin hasilnya pada gak fokus. Coba minta upload ke @Okachino.,Tidak Ada
.... salah fokus --&gt; RT @yaelahbro: @GePamungkas gak apa yang penting aku sayang kamu ~~\0/,Tidak Ada
"Fiuhhh,untung blunder Pique tadi gak menyebabkan gol. Fokus Jugadors! #BarcaMatch",Tidak Ada
Aku juga bisa jadi ketua partai.. *ihik! Aaah nanti gak fokus.. ;p,Ringan
"Meski hal itu ngeselin kamu, tp gak berarti segala sesuatu jg akan berjalan dg buruk dong. Fokus, dan tdk beraksi berlebihan kuncinya.",Tidak Ada
"Sedikit pals :""D RT @wulan_ananta: Min curhat min ""@MyKratingdaeng: Gak perlu sebel klo harus lembur dikantor, fokus dan selesaikan",Tidak Ada
"Gak perlu sebel klo harus lembur dikantor, fokus dan selesaikan cara paling tepat pals #realsupport",Tidak Ada
@asriprahesti iya emang kalau kita jodoh gak akan kemana kok dinda *gagal fokus* *emang sengaja*,Tidak Ada
@ayuuwz Mana mana liaaaat? Gak fokus itu fotonya..,Tidak Ada
"@RikiHass gak perlu tahu namanya, saya gak perlu kasih tahu krn gak penting. Fokus di latihan open mic aja, jangan jadi theorist.",Tidak Ada
"Sebelum berangkat, sarapan dulu ya... Biar fokus bawa motornya karena perut gak keroncongan :D",Tidak Ada
"Car, pacar, bisa gak sih pas aku lagi fokus baca buku kamu gak berisik gengges kaya anak kecil minta perhatian gitu?",Tidak Ada
"Nanti kita cariin, tapi sementara ini kita lagi fokus ke edisi ulang tahun dulu ya.. RT @tiazzura: mau pesen edisi juli 2012 masih ada gak?",Tidak Ada
"Sudah pernah dibahas bulan kemarin, Polisinya fokus pengamanan Pilgub :) RT @DimasMultazam: Kang, memang kalau lagi pilgub gak boleh maen?",Tidak Ada
"Baca aja TL saya, sejak awal gak pernah nyinggung soal jenggot. Fokus dong",Tidak Ada
Malam ini sy juga gak urus Bahaya Lem Aibon dan Rokok.. Sy berharap ada teman2 lain yg mau fokus thdp 2 hal itu..,Tidak Ada
Awas aja gundul sy jd gak fokus LoL RT @astrialdr: Kl aq tidur saat shooting jd apa ya?? RT Roy Suryo tidur ...,Tidak Ada
"Aku gak mau pacaran dulu. Aku mau fokus belajar. || Oke :'| || Maaf ya, aku mau fokus mempelajari hatinya dia. || *gantung diri* x_x #ketik2",Tidak Ada
"23 Di sini kelemahan sistem kita. Data minim, tenaga kurang, kerjaan gak fokus, akhirnya WP yg diperiksa tdk banyak. #pajakistana",Ringan
Ngeyel untuk hal gak penting. Fokus..fokus..ada ratusan koruptor bininya cuma satu wooiiiii....,Tidak Ada
"#Warga | @TitiHutapea: sedih banget watga balikpapan ...... huhuhu, kayak nya sering bngt mati lampu .....payah.",Tidak Ada
"Kalau nak berjaya, jangan cepat putus asa ok! #NEVERstopFizo #NeverTimeOut",Tidak Ada
Baca chirp tadi deh RT @Gherolle: klo pas ngobrol ud hampa gada perasaan tertarik lg harus gimana om?,Tidak Ada
"untuk apa putus asa, dan buang waktu saja?",Tidak Ada
"Mourinho, Tanpa Duo Milan Serie A Hampa",Ringan
"Mourinho, Tanpa Duo Milan Serie A Hampa",Ringan
#Cumannanya Hari- harimu bakalan hampa tanpa.......?,Ringan
YOTers! Pernahkah kalian merasa putus asa dalam kehidupan? Pasti semua orang pernah merasakan hal tersebut&gt; #TOPNotes,Tidak Ada
sedih itu waktu.... mau theater jam 7 tpi skrng masih kejebak macet pake acara laper banget lagi,Ringan
"Jika gagal janganlah putus asa, ada Allah tempat meminta.",Tidak Ada
Keadaan yg tidak menyenangkan bisa membuat orang putus asa- ttp tidak bagi mereka yg punya tekad.,Tidak Ada
Hidup itu ga hampa dan akan bermakna kalo lu paham arti hidup yang sebenarnya,Ringan
orang yang berbuat karena manusia | dikejar kesempurnaan yang hampa | kepuasan yang tak berujung,Ringan
""" KeadiLan tanpa kekuatan adaLah HAMPA, tapi kekuatan tanpa keadiLan hanyaLah berupa KEKERASAN "" (Uzumaki Nagato)",Tidak Ada
"Tuhan takkan berikan cobaan melebihi kemampuanmu. Ketika putus asa, ingatlah, jika Tuhan memberinya padamu, Dia akan membantumu melewatinya.",Tidak Ada
"Terjerembab dlm kubangan murka, hampa terasa bilur cinta hilang nestapa, kurasa ini tak adil untukku. Cinta. #muridkualien",Ringan
"Dalam setiap duka pasti ada suka.Jangan menyerah; krn dengan putus asa kita tidak lebih dari pecundang, Bangkit!!",Tidak Ada
"Yang namanya untuk keluarga, tidak pernah ada putus asa. F!GHT",Tidak Ada
"Aries, kami tahu hati Anda hampa karena belum juga menemukan orang yang cocok buat jadi kekasih. #astro",Ringan
"Kita menerjemahkan cinta pada ruang hampa cahaya. Sepasang mata menyusur jalan, menuju surga. ~ @okaholic",Tidak Ada
Sienna Tak Putus Asa Meski Lebih Pendek dari Kembarannya Akibat Kondisi Langka via @detikhealth,Tidak Ada
"Terjerembab dlm kubangan murka, hampa terasa bilur cinta hilang nestapa, kurasa ini tak adil untukku. Cinta. #muridkualien",Ringan
Sienna Tak Putus Asa Meski Lebih Pendek dari Kembarannya Akibat Kondisi Langka,Tidak Ada
"Aha! RT @leechandra: Kawan-kawan yang masih jomblo, jangan putus asa. Tetap semangat dan jadikan pacar Lorde sebagai inspirasi.",Tidak Ada
Jangan menangis kerana cinta yang hampa tapi menangislah jika tak dapat menyapu dosa bila ternoda kerana cinta,Ringan
Pasal Bola pun nak gaduh. Hampa,Ringan
aku hampir putus asa melihat kau sering dengan dirinya :(,Tidak Ada
:( *pukpuk kamu RT @M_Henda: Kartu_As Hampa :| #RabuCurcol,Tidak Ada
"#FaktaKematian ketika kamu putus asa, ada 200 kemungkinan untuk mati",Tidak Ada
do with passion not ambition jd ga prnah putus asa :p RT @Moxx_Stroke: slama latihan prnah ptus asa? gmna cra nyikapinnya? @andyangorust,Tidak Ada
'Dia terlalu sempurna bagi aku' Ini pasti bermain di minda dan kamu pasti putus asa utk mnjd yg sempurna sdg kamu tahu tiada yg sempurna.,Tidak Ada
Kekayaan tanpa kepercayaan akan membuat hidupmu hampa | #SRUDUKFOLLOW,Ringan
Orang berjaya tidak pernah berputus asa dan orang cepat putus asa akan sentiasa gagal dalam hidup.,Tidak Ada
"Kini kubersemeyam dalam istana duka, memeluk derita, berselimut hampa. ~ @ROTORArJEMb",Tidak Ada
Baca tulisan ini “pantang menyerah dan putus asa&gt;&gt;&gt;,Tidak Ada
Sedih sedih banget lagunya :( air matanya di lap dulu nih *sodorin kanebo,Ringan
"Tuhan takkan berikan cobaan melebihi kemampuanmu. Ketika putus asa, ingatlah, jika Tuhan memberinya padamu, Dia akan membantumu melewatinya.",Tidak Ada
"""@redzuanshah07: ""@AnwarGaleria: ""Jangan putus asa selagi keadilan dan kemanusiaan tidak ditegakkan"" DS #quote",Tidak Ada
YOTers! Pernahkah kalian merasa putus asa dalam kehidupan? Pasti semua orang pernah merasakan hal tersebut&gt; #TOPNotes,Tidak Ada
"Fakta #Aries : Berhati-hati dalam mengambil keputusan,pandai berbicara, dan tidak mudah putus asa",Tidak Ada
Ssst.. Jangan Putus asa. Karna Tuhan akan melakukan apa yg tak bisa kamu lakukan dalam hidupmu. OPTIMIS??,Tidak Ada
#Cumannanya yang sering bikin kamu putus asa?,Tidak Ada
Selamat Makan semuaaaa!! Mimin stop tweeting dulu ah.. Mau makan dgn tangan hampa *alah*,Ringan
"Jam segini udah laper... tapi kalo makan berat, rasanya nanggung banget.. Kalo menurut Brosis, enaknya ganjel perut pake apa ya? *galau",Ringan
Jangan pernah putus asa. Jika Tuhan masih memberimu waktu dan kesempatan. Berusahalah semampu apa yg kamu bisa.,Tidak Ada
"Tuhan takkan berikan cobaan melebihi kemampuanmu. Ketika putus asa, ingatlah, jika Tuhan memberinya padamu, Dia akan membantumu melewatinya.",Tidak Ada
#NeverStopInspiring RT @muhdaminbaik: putus asa &amp; lemah akan mengelamkan diri kita.membina potensi individu tuk terus menaik tangga kejayaan,Tidak Ada
"LAHIR BULAN DESEMBER : baik,ramah,sedikit sombong,tdk pernah putus asa.",Tidak Ada
"LAHIR BULAN SEPTEMBER : baik,ramah,selalu mengerti,sedikit sensitif,tdk pernah putus asa",Tidak Ada
"LAHIR BULAN AGUSTUS : baik,ramah,peduli,rasa kasih sayang amat besar,selalu mengalah,tdk pernah putus asa.",Tidak Ada
"LAHIR BULAN JANUARI : ramah,baik,cakep,tidak mudah putus asa,nurut ortu",Tidak Ada
YOTers! Pernahkah kalian merasa putus asa dalam kehidupan? Pasti semua orang pernah merasakan hal tersebut&gt; #TOPNotes,Tidak Ada
"Mata ngaku ketika itu dia berkali2 down banget, tapi dia gak pernah komplain &amp; terus berlatih keras. #TheSpecialJuan",Tidak Ada
"Ayah; ialah pelajaran tentang pengorbanan, yang di dalamnya tak pernah ada kata putus asa. ♥ — @Irf_Journey",Tidak Ada
@FunJunkies @tikabanget iya bisa banget dikomplain. Aduuhh kok sedih banget bacanya :(,Tidak Ada
Hidupkan spirit di atas kondisi yang sebetulnya cukup rentan untuk membuat putus asa. #MimpiSejutaDolar hal 61,Tidak Ada
"Putus asa itu menyerah tanpa melakukan semampunya, berserah diri itu berusaha dan ikhlas atas apa yang akan terjadi. ~ @daudantonius",Tidak Ada
"#menghadapimasalah 3&gt; jangan didramatisir, 4&gt; jangan emosional dan 5&gt; jangan pernah putus asa dari pertolongan Alloh",Tidak Ada
"Keluarga = motivasi. Demi mereka tak akan ada putus asa, demi mereka teruslah berusaha. — Ayah",Tidak Ada
"Cinta memang tak selamanya sweet, kadang terasa pahit dan menyakitkan hati. Lindungi hati awak agar awak tak mudah putus asa akan seseorang.",Tidak Ada
"Hidup tanpa cinta pasti hampa,Hidup gila harta pasti celaka,Hidup bersyukur &amp; apa adanya, Pasti bahagia.",Ringan
""" KeadiLan tanpa kekuatan adaLah HAMPA, tapi kekuatan tanpa keadiLan hanyaLah berupa KEKERASAN "" (Uzumaki Nagato)",Tidak Ada
"#GOLDENTIME : ya Allah, semangati sahabat kami yang putus asa. Sungguh Engkau sebaik-baik penyemangat | #SRUDUKFOLLOW",Tidak Ada
"Gua post moment tu bagi orang lain terasa , ni orang lain pulak yg respon . Hampa kecewa gua .",Ringan
Keluarga Hampir Putus Asa Bawa Pulang Empat Beradik Dari Sweden: KOTA BAHARU: Anggota keluarga empat anak pasa...,Tidak Ada
"Kakputi mau ke jerman, kuliah dia, gaya banget ya, 4 taun lg sedih bgt:(( sumpah lo :( -S",Ringan
"Di kala hasil yg besar blm terlihat, jangan putus asa &amp; berpikir bhw kita belum meraup ”penghasilan” apa pun juga. #MimpiSejutaDolar hal 251",Tidak Ada
Biarlah jatuh berjuta kali namun jgn ngalah walau sekali. Bangkit dan terus bangkit!! Putus asa bkn ending terbaik utk sebuah perjuangan.,Tidak Ada
"Ayah; ialah pelajaran tentang pengorbanan, yang di dalamnya tak pernah ada kata lelah dan putus asa — @Irf_Journey",Tidak Ada
Keluarga hampir putus asa bawa pulang 4 beradik dari #Sweden #beritamalaysia #beritautusan #SwedenLetThemGo,Tidak Ada
"Kalau nak kebahagiaan dalam hubungan awak, Berusalah, Jangan pernah putus asa, InsyaAllah kebahagiaan itu akan menghiasi hubugan awak :')",Tidak Ada
Walaupun cinta saya ditolak.Namun saya tetap takkan berputus asa awak.Saya akan tetap dapatkan cinta awak tu.Takkan putus asa.,Tidak Ada
Keluarga Hampir Putus Asa Bawa Pulang Empat Beradik Dari Sweden,Tidak Ada
Keluarga hampir putus asa bawa pulang empat beradik dari Sweden,Tidak Ada
"Awek/marka/gf kadang2 hampa jgn dok pertahan sgt boy hampa depan member2 dia...nnti boy hampa rasa mcm diri dia lemah sgt,xpsai jadi pondan.",Ringan
"Hampa kalau ada awek/marka/gf,hampa peringat depa sikit...kalau lelaki dok sembang2 jgn dok menyampuk buat serupa sempoi. Puney mau?",Ringan
"Hidup tanpa cinta pasti hampa,Hidup gila harta pasti celaka,Hidup bersyukur &amp; apa adanya, Pasti bahagia.",Ringan
Kini di udara: CINTA HAMPA - D;LLOYD. Dengar Online:,Tidak Ada
"Kadang cewek suka masang topeng sok tegar, sok fine, padahal hatinya lagi sedih banget",Ringan
"Kadang cewek suka masang topeng sok tegar, sok fine, padahal hatinya lagi sedih banget.",Ringan
"""Jika rakyat pergi ketika penguasa pidato kita harus hati2 barangkali mereka putus asa,"" - widji thukul #pagikawan",Tidak Ada
Berdoa adalah senjata terbaik umat Islam jadi jangan putus asa untuk terus berdoa.,Tidak Ada
"#GOLDENTIME : ya Allah, beri pengharapan bagi sahabat kami yang sedang putus asa. Sungguh Engkau Maha Pemberi Harapan | #SRUDUKFOLLOW",Tidak Ada
"♥ Jika telah hampa, mengapa kita tidak saling melupa saja? #CatatanGina",Ringan
Orang yang bijak adalah orang yang tak mengenal putus asa,Tidak Ada
"Ketika kamu sedang putus asa , disaat itulah sebenarnya kamu sedang berusaha untuk berbesar hati.",Tidak Ada
Masa yg berlalu akan memulihkan semua kedukaan&amp; kekecewaan. Paling penting jgn putus asa. Allah tdk membenarkan. Kecewa dunia jgn melampau2,Tidak Ada
"Aku selalu bersedih bila melihat orang2 yg putus asa di tengah jln, lalu berpikir bhw hidup tdk berpihak pada mrk. #MimpiSejutaDolar hal 271",Tidak Ada
"Putus asa itu menyerah tanpa melakukan semampunya, berserah diri itu berusaha dan ikhlas atas apa yang akan terjadi. #ask @ghinanurula",Tidak Ada
"Yang malming mau apel ke pacar/gebetan, masa pake tangan hampa. Bisa kaleess dibawain durian pancake @911pancake_JOG biar tambah disayang :3",Tidak Ada
"Tuhan takkan berikan cobaan melebihi kemampuanmu. Ketika putus asa, ingatlah, jika Tuhan memberinya padamu, Dia akan membantumu melewatinya.",Tidak Ada
"9.Yang ber #istighfar membuat syaithan putus asa sebab segala jerih payahnya di dunia justru buat si hamba termuliakan di surga. (Ali, RA)",Tidak Ada
"Hidup Mulia, atau Mati Syahid? Mati beriman, Hidup bermaruah. Minta ampun dengan Allah kalau buat silap, jangan putus asa dengan Allah!",Tidak Ada
"hari ini aqu sedih banget ,,,",Ringan
"Ada tmen2 twitter kan :) ""@Zhekal_ID: hari ini terasa hari yg sangat siksa ... tdk ada senyum .. tidak ada segalanya bagi ku semuanya hampa",Tidak Ada
"Gagal itu celaka kecil, tetapi putus asa adalah malapetaka yang paling besar.",Tidak Ada
"Jangan pernah putus asa, selalu berikan yg terbaik yg Anda bisa. Mungkin ada yg membenci kegigihanmu, tapi itu urusan mereka.",Tidak Ada
"Jangan mudah putus asa kawan, walau hidup tak semudah aladin meminta pada lampu wasiatnya. ~@GinaMahdian",Tidak Ada
Saat kamu merasa lemah dan putus asa; Jangan biarkan keadaan itu menguasaimu; Ingat! Tuhan selalu memberi Kekuatan #HappyFebruary,Tidak Ada
"Dengan berpikir positif seperti itu, kami terhindar dari perasaan putus asa dan frustrasi dengan menyalahkan diri sendiri. #MSD",Tidak Ada
"Tuhan takkan berikan cobaan melebihi kemampuanmu. Ketika putus asa, ingatlah, jika Tuhan memberinya padamu, Dia akan membantumu melewatinya.",Tidak Ada
"Bila nak buat benda baik, banyak saja halangan. Kerana Allah sedang menguji kekuatan hati kita dalam membuat kebaikan. Jangan putus asa.",Tidak Ada
"Spitzer, Teleskop Antariksa Penjelajah Ruang Hampa",Ringan
"Tuhan takkan berikan cobaan melebihi kemampuanmu. Ketika putus asa, ingatlah, jika Tuhan memberinya padamu, Dia akan membantumu melewatinya.",Tidak Ada
Temen2 maaf banget @SOS_ANTV edisi imlek nya ditayangkan hari senin yah.. Aku nya jg sedih :( maaf yah,Ringan
YOTers! Pernahkah kalian merasa putus asa dalam kehidupan? Pasti semua orang pernah merasakan hal tersebut&gt; #TOPNotes,Tidak Ada
Sifat baik ialah tidak pernah putus-asa dan tidak pernah gentar.,Tidak Ada
"Kekosongan yang paling absolut RT @bonggi yah, apa itu hampa?",Tidak Ada
"Tk - salam ""@PsyfullBahrin: @HasniYatim doakan yg terbaik supaya mnang..bkn kite nak pikir kalah ker ape...yg pnting jgn putus asa..""",Tidak Ada
"Janganlah berputus asa. Tetapi kalau anda sampai berada dalam keadaan putus asa, berjuanglah terus meskipun dalam keadaan putus asa.",Tidak Ada
"Berharap pada manusia bisa bikin putus asa. Berharap janji Allah, pasti terlaksana #SRUDUKFOLLOW",Tidak Ada
spt parpol menuntut dana saksi RT @ErrosDjarot40: Menuntut yang bukan haknya tidak akan mengubah apa-apa. Itu hanya sebuah cara putus asa.,Tidak Ada
"Kalau nak kebahagiaan dalam hubungan awak, Berusalah, Jangan pernah putus asa, InsyaAllah kebahagiaan itu akan menghiasi hubugan awak :')",Tidak Ada
Walaupun cinta saya ditolak.Namun saya tetap takkan berputus asa awak.Saya akan tetap dapatkan cinta awak tu.Takkan putus asa.,Tidak Ada
UGM kedokteran - pedaftaran 29339 yg diterima hanya 602 💔💔💔 putus asa jadinya [pic] —,Tidak Ada
@Danish_Dhaar ye china hampa koun hai,Tidak Ada
"Score, Hampa 5 CICPC 0",Ringan
Daun yang jatuh tak pernah menyalahkan angin. Kenapa manusia yg putus asa selalu menyalahkan takdir??,Tidak Ada
"Tak mengapa, dunia tidak seluas daun kelor. Hilang di satu sisi ya cari lagi. Yang penting usaha terus jangan putus asa. ~@GinaMahdian",Tidak Ada
Sementara tiga orang yg captionnya menarik bakalan dapet Ipod Shuffle #SuperSoccerCaptionQuiz Jadi jgn putus asa krn yg nge-like dikit.,Tidak Ada
:((( RT @asteriaola: @aMrazing ini sedih banget kak :((,Tidak Ada
""" KeadiLan tanpa kekuatan adaLah HAMPA, tapi kekuatan tanpa keadiLan hanyaLah berupa KEKERASAN "" (Uzumaki Nagato)",Tidak Ada
"Jangan pernah putus asa. Itu rahsia. Semua tahu, tapi tidak semua amalkan.",Tidak Ada
"""Harapan hampa kaliii @sahroniagler: @TanteFitha jgn tan,..msh ada harapan indah mnunggu tante""",Tidak Ada
"""@cyida_syahidah Jangan putus asa jika ALLAH menunda apa2 yang kamu sukai.Jangan bersedih hati.Tapi bersabar dan tersenyumlah. Senyumlah :)",Tidak Ada
Apa enaknya hidup penuh uang tapi hati hampa? Satu sosialita AS pindah ke India karena cinta.,Tidak Ada
pantang menyerah dan putus asa&gt;&gt;&gt;,Tidak Ada
"shabat saya keras kepala, dia dah tak tegur kakak kan... — Hmm doa yang terbaik. Jangan putus asa untuk memberi ...",Tidak Ada
"Tuhan takkan berikan cobaan melebihi kemampuanmu. Ketika putus asa, ingatlah, jika Tuhan memberinya padamu, Dia akan membantumu melewatinya.",Tidak Ada
Hampa rasanya sehari tanpa liat Twitter. :| #Ketik2,Ringan
Score Hampa 3 CICPC 0,Ringan
"#GOLDENTIME : ya Allah, beri pengharapan bagi sahabat kami yang sedang putus asa. Sungguh Engkau Maha Pemberi Harapan | #SRUDUKFOLLOW",Tidak Ada
"Aku mengingatmu disetiap doaku, aku menyentuhmu dalam anganku. Sungguh, tak ada apa-apa kecuali rasa hampa dalam ketabahanku. ~ @bukanbeggo",Ringan
Syaitan tidak kenal erti putus asa selagi belum sampainya Kiamat . Sama-samalah kita belajar memperbetulkan diri sebelum dipanggil Illahi .,Tidak Ada
Menuntut yang bukan haknya tidak akan mengubah apa-apa. Itu hanya sebuah cara putus asa.,Tidak Ada
"Hampa ni, bagi nama profail Mukabuku/Pengicau tu come-come sikit boleh dak? Nama tu kan doa..? Ehemmm.",Ringan
"Yang terkena bencana dimuliakan saat sabar, tetap optimis dan tidak mudah putus asa #BangkitkanKemanusiaanKita",Tidak Ada
Selalu ada harapan. Jangan putus asa. Mario Teguh,Tidak Ada
"[FOTO] Biar kamu gak sedih terus, nih MBDC kasih gambar anak kecil yang lucu banget: #artikelMBDC",Sedang
"@apheizt jgn putus asa, dicoba lagi besok :) sampai tgl 3 Februari kok :)",Tidak Ada
Kita belum kalah selama belum menyerah! #ItStartsWithYou RT @daraprayoga_ Jangan putus asa! | Cc: @anakkosttt,Tidak Ada
Jangan putus asa! #ItStartsWithYou | Cc: @anakkosttt,Tidak Ada
“Saya menyeru kepada semua penyokong Johor agar jangan lekas putus asa. Berikanlah masa kepada pasukan kita...,Tidak Ada
"Tegas akan diri sendiri, buang pikiran negatif dan lakukan yang baik. Kegelisahan hanya milik mereka yang putus asa....!!",Tidak Ada
"Putus asa dan patah semangat, merugikan kita sendiri...ayo semangat!!!!",Tidak Ada
“Saya menyeru kepada semua penyokong Johor agar jangan lekas putus asa. Berikanlah masa kepada pasukan kita...,Tidak Ada
"Kalau nak kebahagiaan dalam hubungan awak, Berusalah, Jangan pernah putus asa, InsyaAllah kebahagiaan itu akan menghiasi hubugan awak :')",Tidak Ada
Walaupun cinta saya ditolak.Namun saya tetap takkan berputus asa awak.Saya akan tetap dapatkan cinta awak tu.Takkan putus asa.,Tidak Ada
Syaitan tidak kenal erti putus asa selagi belum sampainya Kiamat . Sama-samalah kita belajar memperbetulkan diri sebelum dipanggil Illahi .,Tidak Ada
Putus asa itu bukan sifat orang mukmin.. Kuatlah wahai diri.. Ya Allah jauhkan kami dari sifat malas dan berputus asa. Fighting ☻☻,Tidak Ada
Perangai Hampa 3 memang bagus. Aku tabit weyhh ! harap boleh mampoih cepat ! semak hdup aku !,Ringan
"Janganlah putus asa ketika pikiran sdg tumpul, kadang2 orang yg tumpul otaknya tetapi tidak putus asa lebih maju drpd orang cerdas tpi malas",Tidak Ada
#ArianaRose - Muka hampa je diorang ni? Kenapa eh? Kecewa ke redha tu? Saksikan kisah mereka jam 7mlm…,Ringan
hidup ini hampa tanpa mina /ga,Ringan
"Nnahhh!!! ""@Relati0nshit_: LalaSeksi yakali make gigolo mah kaya udh ga laku n putus asa bgt kesannya""",Tidak Ada
gmn hampa bisa begitu menyakitkan? harusnya berarti tidak apa-apa tidak ada masalah. termasuk rasa sakit. - Perahu Kertas,Ringan
Sweeden: Jangan putus asa #SHNasional,Tidak Ada
"#GOLDENTIME : ya Allah, beri harapan bagi sahabat kami yang putus asa. Sungguh Engkau Maha Pemberi harapan | #SRUDUKFOLLOW",Tidak Ada
"Sehebat dan sekaya apapun hidupmu, tanpa Cinta, ia akan HAMPA TAK BERGUNA #BM",Ringan
"Sedih banget rasanya, kalo sesuatu yg kita anggap cukup penting utk hidup kita &amp; memiliki nilai history bagus. Tapi harus hilang begitu saja",Ringan
"Baru putus itu wajar kalo sedih/nangis mulu. Bukan perkara dia lemah/cengeng, tapi itu soal perasaannya yang belum ikhlas buat ngelepasnya.",Tidak Ada
"@gs_iu yu ngomongnya jan muter2, td yu keliatan putus asa, tapi skrg kenapa yoon yang keliatan kaya putus asa yuu :')",Tidak Ada
"Kelembutan dan kebaikan bukanlah tanda-tanda kelemahan dan putus asa, tetapi adalah penjelmaan sebuah kekuatan. - Kahlil Gibran",Tidak Ada
"Semoga Allah berikan kesembuhan untuknya, Allah turunkan sakit beserta obatnya dan tidak boleh putus asa dari rahmat Allah @projectmoa2",Tidak Ada
jangan mudah putus asa lakukan yang terbaik,Tidak Ada
"Crystal Palace Putus Asa tak Kunjung Dapat Pemain Baru: Manajer Crystal Palace Tony Pulis, kecewa dengan perge...",Tidak Ada
"Hidup tanpa cinta pasti hampa,Hidup gila harta pasti celaka,Hidup bersyukur &amp; apa adanya, Pasti bahagia.",Ringan
Jangan pernah memberi harapan hampa. Karena seseorang akan merasa sangat tersakiti ketika dia menyadari bahwa cintanya dibalas dusta.,Ringan
"Aku juga, Soni, tp keren krn masih tetap mau bertahan RT @soniosin ayah aku putus asa :( gmn caranya utk bangkit?",Tidak Ada
"Putus cinta bukan berarti putus asa dan harapan, tapi putus cinta menjadikan kita lebih dewasa dan kuat.",Tidak Ada
"Sedih ya, yang dulu perhatian bgt, sekarang jadi cuek banget. :'')))",Ringan
"Sedih ya, yang dulu deket banget, sekarang jauh banget. :')",Ringan
""" KeadiLan tanpa kekuatan adaLah HAMPA, tapi kekuatan tanpa keadiLan hanyaLah berupa KEKERASAN "" (Uzumaki Nagato)",Tidak Ada
Orang yang bijak adalah orang yang tak mengenal putus asa,Tidak Ada
"Sehebat dan sekaya apapun hidupmu, tanpa Cinta, ia akan HAMPA TAK BERGUNA #BM",Ringan
"Terkadang rasa pesimis sering kita alami. Tapi ingat jangan pernah putus asa, JANGAN menyerah",Tidak Ada
Terima kasih jika ada suara yang menegur. Sayang hampa kerana Allah.,Ringan
"shio NAGA - Tak mudah putus asa, Enak diajak curhat, Bertanggung jawab, Pemalas dan Setia.",Tidak Ada
"Manusia tidak jemu memohon kebaikan, dan jika mereka ditimpa malapetaka dia menjadi putus asa lagi putus harapan (Qs 41:49)",Tidak Ada
Biar putus selipar.. Jangan putus asa orait?? :),Tidak Ada
Putus asa adalah sumber kesesatan dan kegalauan hati adalah pangkal dari penderitaan jiwa,Tidak Ada
"Hidupku terasa hampa tanpa seorang ayah,otakku buntu saat jauh dr ibu [pic] —",Ringan
Lazio Belum Dapatkan Pengganti Klose: Lazio nyaris putus asa mencari striker baru di bursa transfer Januari ini.,Tidak Ada
@berusgigi hampa lepaih tangan langsung dr mula smpai habis,Tidak Ada
"@berusgigi tak dak sapa byr dan jaga pun. Sbb state tak jaga la kami dok jaga. Harap hampa mmg gaji belas ribu, x ambik pot pun :)",Tidak Ada
"Kalau nak kebahagiaan dalam hubungan awak, Berusalah, Jangan pernah putus asa, InsyaAllah kebahagiaan itu akan menghiasi hubugan awak :')",Tidak Ada
"5. Ada jg yg mengatakan, “ber #Hijab itu susah mendapatkan pekerjaan” | ukhty, Allah lah Sang Pengatur Rezeki ga boleh lgs putus asa gitu.",Tidak Ada
"@Gar_Boetar Beuh, AVB pada galau berat dulu men.... XD",Tidak Ada
"Setiap cobaan yang datang, jangan membuat kita putus asa, yakin sang Khaliq menyayangi kita, bencana, batu kerikil yg harus dilalui.",Tidak Ada
Hampa,Ringan
"Sebelum bercakap, dengar dulu. Sebelum bertindak, fikir dulu. Sebelum putus asa cuba dulu. Sebelum mendoakan orang lain, maafkan dia dulu",Tidak Ada
"5. Ada jg yg mengatakan, “ber #Hijab itu susah mendapatkan pekerjaan” | ukhty, Allah lah Sang Pengatur Rezeki ga boleh lgs putus asa gitu.",Tidak Ada
"#GOLDENTIME : ya Allah, beri pengharapan bagi sahabat kami yang sedang putus asa. Sungguh Engkau Maha Pemberi Harapan | #SRUDUKFOLLOW",Tidak Ada
"Pemilu Belum Mulai, Banyak Caleg Sudah Putus Asa",Tidak Ada
"""@RezaInspirator: Putuskan arah hidupmu sekarang ! atau kamu Akan putus asa selamanya #inspirasireza",Tidak Ada
Dosa-dosa perlu di padam sebelum ajal maut tiba. Banyakkan istighfar dan bertaubat. Jangan putus asa atas rahmat Allah Swt.,Tidak Ada
"""@RezaInspirator: Putuskan arah hidupmu sekarang ! atau kamu Akan putus asa selamanya #inspirasireza",Tidak Ada
@dailyseni @Bront_Palarae - Ngada hampa. Beik lah. Watch this space ya! 😄😋,Tidak Ada
Duh alhamdulillah terima kasih banyak. Tp kok sedih? RT @Nandardjita: @IndraAziz suaranya kok bagus banget sih om :(((((,Tidak Ada
"#GOLDENTIME : ya Allah, semangati sahabat kami yang putus asa. Sungguh Engkau sebaik-baik penyemangat | #SRUDUKFOLLOW",Tidak Ada
"Nyaris Putus Asa, Pengungsi Sinabung Alih Profesi via @detik_tv",Tidak Ada
"Nyaris Putus Asa, Pengungsi Sinabung Alih Profesi",Tidak Ada
"Ayah; ialah pelajaran tentang pengorbanan, yang di dalamnya tak pernah ada kata lelah dan putus asa. ♥ — @Irf_Journey",Tidak Ada
"Arti sebuah fans bagi kak Dahlia itu aapaasih? — Sahabat yg bisa jadi moodbooster aku pas aku lg down banget, sa...",Tidak Ada
Ini bukan berarti lalu kita putus asa ini bukan berarti lalu kita ini bosan hidup,Tidak Ada
Kamu kok sedih mulu sih? Fans MU ya ..,Tidak Ada
Nak nasi tomato ayam merah 😳 RT @nazihahnasir: @schaalyahya hampa makan dah?,Tidak Ada
"Jangan putus asa, setiap perjuangan dan kegagalan pasti ada bayarannya :))",Tidak Ada
"Tak semua cinta selalu berakhir bahagia, tapi semua orang tak pernah putus asa. Karena cinta satu satunya keajaiban yang kita punya.",Tidak Ada
"Rosell: ""Sejak awal saya mengatakan bahwa transfer Neymar itu benar dan dg bergabungnya membuat beberapa lawan menjadi putus asa dan iri.""",Tidak Ada
Tidak ada kata menyerah dan putus asa untuk keluarga. F!GHT,Tidak Ada
Iya bgt :( “@Eko_Blank_On: Astaga bang sedih banget saya :'( RT @corbuzier: A very sad story... Kasian ya,Ringan
"Kalau nak kebahagiaan dalam hubungan awak, Berusalah, Jangan pernah putus asa, InsyaAllah kebahagiaan itu akan menghiasi hubugan awak :')",Tidak Ada
Derita sopir terjebak banjir Pantura: Putus Asa Menyergap di Tengah Kegelapan #halaman1,Tidak Ada
Walaupun cinta saya ditolak.Namun saya tetap takkan berputus asa awak.Saya akan tetap dapatkan cinta awak tu.Takkan putus asa.,Tidak Ada
cewek itu suka banget kalo pas sedih terus dipeluk sama orang yang dia sayang. {}&lt;3,Sedang
""" KeadiLan tanpa kekuatan adaLah HAMPA, tapi kekuatan tanpa keadiLan hanyaLah berupa KEKERASAN "" (Uzumaki Nagato)",Tidak Ada
"Tegas akan diri sendiri, buang pikiran negatif dan lakukan yang baik. Kegelisahan hanya milik mereka yang putus asa....!!",Tidak Ada
"Sebut saja impian. Kadang menggairahkan mencapainya, kadang pula mengecewakan membuat putus asa (@IyaGhaniya)",Tidak Ada
Jgn putus asa jk anda tdk selalu melihat hasil setelah setia melakukan kehendakNya. Terus tabur saja! Produktifitas ada di tangan Tuhan.,Tidak Ada
"Bila nak buat benda baik, banyak saja halangan. Kerana Allah sedang menguji kekuatan hati kita dalam membuat kebaikan. Jangan putus asa.",Tidak Ada
"Hidup tanpa cinta pasti hampa,Hidup gila harta pasti celaka,Hidup bersyukur &amp; apa adanya, Pasti bahagia.",Ringan
"Kadang cewek suka masang topeng sok tegar, sok fine, padahal hatinya lagi sedih banget.",Ringan
"Warga #Sinabung tetap berseri, berjuang dan tidak putus asa. Yakin di dalam hidup ini Selalu Ada Pilihan #SAP",Tidak Ada
Kita BAHAGIA kerana KASIH SAYANG. Kita MATANG kerana MASALAH. Kita LEMAH kerana PUTUS ASA. Kita MAJU kerana USAHA dan kita KUAT kerana DOA,Tidak Ada
"@PangeranDUDULL Jangan putus asa bro, coba lagi :)",Tidak Ada
YOTers! Pernahkah kalian merasa putus asa dalam kehidupan? Pasti semua orang pernah merasakan hal tersebut&gt; #TOPNotes,Tidak Ada
"Sedih ya, yang dulu deket banget, sekarang jauh banget. :')",Ringan
"Bila nak buat benda baik, banyak saja halangan. Kerana Allah sedang menguji kekuatan hati kita dalam membuat kebaikan. Jangan putus asa.",Tidak Ada
"Remember... You! Pada saat aku sedang putus asa, aku melihat mimpi2 yg telah kamu tinggalkan. Panggillah aku dg suara yg lebih keras lagi...",Tidak Ada
#TaukahKau; ada asa yang tak pernah pupus; meski airmata tlah berulangkali terhapus; sebab Cinta dariNYA tak jua pernah putus,Tidak Ada
"Saat lelah dan hampir putus asa, tetaplah semangat, teruslah berusaha dan terus berdoa. Ada Allah bersama kita. Selamat pagiii (•ˆ⌣ˆ•)",Tidak Ada
"Dalam duka pasti ada suka. Jangan menyerah; karena dengan putus asa kita tidak lebih dari pecundang, SEMANGAT!!",Tidak Ada
"sejak kapan Tuhan senang dengan orang yg putus asa ,,",Tidak Ada
4. Mrk sdh kehilangan harapan hidup. Mrk hy bisa meratapi nasib yg tdk menentu. Mrk sdh putus asa&amp;frustasi #Sinabung #BencanaNasional #PKB,Tidak Ada
"Tarik slimut bro yai... RT @arismunawar22: ""Jangan Putus asa Dari Rahmat Alloh Subhanahu Wata'ala""",Tidak Ada
@zxlkifli nanti kne reject . aku balik dgn rasa hampa kecewa sedih tak terkata hahaha,Tidak Ada
"Setelah terlihat Rayyan berada di rumah Ammara, Batrisya pulang dengan hampa dan tidak sangka Ammara sanggup...",Ringan
"Cinta memang tak selamanya sweet, kadang terasa pahit dan menyakitkan hati. Lindungi hati awak agar awak tak mudah putus asa akan seseorang.",Tidak Ada
GUE SEDIH BANGET kalian gak suka lalat.,Ringan
"Semua kehidupan gelap tak berwarna, membuat rasa hampa kian pekat dlm derita. Tersapu hujan yg membawa semua cinta. [@F_Afka]",Tidak Ada
"apapun masalahnya, Bersabar dalam menghadapi musibah/tantangan, artinya terus berusaha merubah keadaan itu dgn optimis &amp; tdk putus asa! :)",Tidak Ada
"*tips nipu* kalo korban marah2,marahin ganti,alasan duit ilang ato apalah..korban putus asa,penipu menang..dpt duit..jgn lupa sedekah #eh",Tidak Ada
mudah putus asa adalah ciri orang yg dijauhkan dari rejeki Tuhan #tweetisenk,Tidak Ada
Jika cinta krn uang uang hbs cinta pun hilang jika cinta krn wajah wajah tua cinta pun hampa tp jika cinta krn hati maka dibawa sampai mati,Ringan
"Jangan pernah putus asa pd masalah yg belum reda, segala hal pasti ada akhirnya, asal Anda terus berusaha... dan berdoa. YA?",Tidak Ada
"Kalau nak kebahagiaan dalam hubungan awak, Berusalah, Jangan pernah putus asa, InsyaAllah kebahagiaan itu akan menghiasi hubugan awak :')",Tidak Ada
Walaupun cinta saya ditolak.Namun saya tetap takkan berputus asa awak.Saya akan tetap dapatkan cinta awak tu.Takkan putus asa.,Tidak Ada
Rahmat Allah itu tersangat luas. Jangan putus asa.,Tidak Ada
"Hidup tanpa masalah adalah hampa, kebanyakan masalah seperti neraka, tetap harus bersyukur atas apa yg telah kita terima",Tidak Ada
"ini salah satunya aja ya, pacaran sm dia :)) RT @lydia_febriani: cara ngadepin dosen yg susah d temuin gmn caranya yah ? aku putus asa yah.”",Tidak Ada
"mungkin, tp terus bikin asa yg baru RT @sinar_diaz: yah kita boleh putus asa gak?”",Tidak Ada
"diatur banget hidupmu RT @DiajengLrst: ayah, emang kalo sehari sebelum ulang tahun kita diwajibkan untuk sedih?”",Tidak Ada
"Di tengah2 usahanya menulis, Pak Langit terserang sakit yg unik, tetapi Pak Langit tak pernah putus asa. #Majapahit2",Tidak Ada
Sama kayak akooh! RT @okezonenews: United Tidak Pernah Putus Asa,Tidak Ada
Bersyukurlah kerana mempunyai niat untuk mula dan terus belajar agama kerana ia datang jauh dari lubuk hati. Jangan putus asa.,Tidak Ada
"1 Korintus 10:13 RT @rinaooy: ayat pegangan buat yang lagi dalam pergumulan yang sangat-sangat berat,hampir putus asa apa min ?",Tidak Ada
"Pasti ada HITSSS @Ari_lasso @chun_sunah: Np : Hampa ~ Ari Lasso mak jleb @1031Genfmsby""",Tidak Ada
Setiap Orang Pasti Pernah Merasakan Putus asa -_- tapi Ingat Putus asalah semenit dan Mulailah Lagi dengan Semangat ! Itu lebih baik :D,Tidak Ada
""" KeadiLan tanpa kekuatan adaLah HAMPA, tapi kekuatan tanpa keadiLan hanyaLah berupa KEKERASAN "" (Uzumaki Nagato)",Tidak Ada
foto mukanya segede layar handphone pula :( aku sedih banget...,Ringan
Puisi berikut ini berjudul : HAMPA -Selesai- Karya : Si Juki,Tidak Ada
Daun yang jatuh tak pernah menyalahkan angin. Kenapa manusia yg putus asa selalu menyalahkan takdir??,Tidak Ada
"Cinta memang tak selamanya sweet, kadang terasa pahit dan menyakitkan hati. Lindungi hati awak agar awak tak mudah putus asa akan seseorang.",Tidak Ada
"Jangan pernah putus asa,,, kesempatan itu selalu ada selama kita yakin dan berusaha,, ^_^",Tidak Ada
Org yg rendah hati tdk gampang kecewa dan putus asa...,Tidak Ada
"Tuhan takkan berikan cobaan melebihi kemampuanmu. Ketika putus asa, ingatlah, jika Tuhan memberinya padamu, Dia akan membantumu melewatinya.",Tidak Ada
gue sedih banget.,Ringan
gue sedih banget asli.,Ringan
AKU SEDIH BANGET TEMENAN SAMA KAMU YA CUKUP SAMPAI DISINI RT @may_october: tes,Ringan
demi apapun dia makin kurus liat dong cekungan pipinya tuh gue sedih banget tapi pas dia ngacak ngacak rambut anjing otot tangan.,Tidak Ada
"Dari Allah kita minta rahmat, Dari Nabi Muhammad Saw kita mintak syafaat. Jangan putus asa.",Tidak Ada
"Jangan merasa sendirian atau putus asa ketika dirundung masalah, ""Ingatlah, sesungguhnya pertolongan Allah itu amat dekat"" (Al-Baqarah :214)",Tidak Ada
Putus asa adalah kesalahan fatal manusia karena didalam kesusahan ada hikmah yang sangat besar.,Tidak Ada
YOTers! Pernahkah kalian merasa putus asa dalam kehidupan? Pasti semua orang pernah merasakan hal tersebut&gt; #TOPNotes,Tidak Ada
"Putus asa tak dapat kerja, Erick kini bisa hasilkan Rp 30 juta #Riil",Tidak Ada
Sedih banget suratnya. :(,Ringan
"Putus Asa Diperlakukan Kasar, Seorang Perempuan Inggris Gantung Diri",Tidak Ada
"Kalau nak kebahagiaan dalam hubungan awak, Berusalah, Jangan pernah putus asa, InsyaAllah kebahagiaan itu akan menghiasi hubugan awak :')",Tidak Ada
"""Tidak ada yg Kekal di dunia ini, semua ada masa-nya, termasuk Masalah, ada saatnya masalah pun akan berakhir, jgn putus asa""",Tidak Ada
Walaupun cinta saya ditolak.Namun saya tetap takkan berputus asa awak.Saya akan tetap dapatkan cinta awak tu.Takkan putus asa.,Tidak Ada
Jijik banget..lagi susah banjir gini..rcti silet menjual cerita sedih olga yg susah dapet cowo,Tidak Ada
"Tuhan takkan berikan cobaan melebihi kemampuanmu. Ketika putus asa, ingatlah, jika Tuhan memberinya padamu, Dia akan membantumu melewatinya.",Tidak Ada
Yuk pantang menyerah dan putus asa&gt;&gt;&gt;,Tidak Ada
Kini di udara: CINTA HAMPA - D;LLOYD. Dengar Online:,Tidak Ada
PM tegur peniaga mudah putus asa,Tidak Ada
"""@idachasan: Jika cinta menempuh jalan yang salah, jangan putus asa terhadap cinta #Maya",Tidak Ada
"Cerita dibuku ini ending-nya sedih banget, miris Gue | ""Emang buku apa?"" | Buku tabungan | ""...."" #salahgaul",Ringan
"Hidup tanpa cinta pasti hampa,Hidup gila harta pasti celaka,Hidup bersyukur &amp; apa adanya, Pasti bahagia.",Ringan
"""Allah menguji, bukan membenci"". Perkataan ni aku sentiasa semat dlm hati bila aku rasa down &amp; putus asa. Ujian menguatkan, bkn melemahkan.",Tidak Ada
"Cewek itu gak suka dikasarin. Sekalipun dikasarin, dia pasti sedih banget. Dia emang gak marah, tapi hatinya pasti ngebatin banget. :')",Ringan
"Sehingga ketika mrk bergembira dg apa yg tlh diberikan kpd mrk, Kami siksa mrk secara tiba2, maka ketika itu mrk terdiam putus asa (Qs6;44]",Tidak Ada
Sifat baik ialah tidak pernah putus-asa dan tidak pernah gentar.,Tidak Ada
"Yang malming mau apel ke pacar/gebetan, masa pake tangan hampa. Bisa kales dibawain durian pancake @911pancake_JOG biar tambah disayang :3",Tidak Ada
"Janganlah berputus asa. Tetapi kalau anda sampai berada dalam keadaan putus asa, berjuanglah terus meskipun dalam keadaan putus asa.",Tidak Ada
"Kalo IGA yang bisa bikin mahasiswa putus asa, iga apa? #PlesetanIGA",Tidak Ada
@alirizkky ah prihatin lu kayak abu rizal bakri li... hampa.. :)))))),Tidak Ada
7.Stress dan putus asa banyak menghinggapi pasangan suami isteri yang telah lama menanti.,Tidak Ada
Hidup gue hampa setelah dia pergi. Nggak ada lg orang yg sayang gue. | Ditoyor sahabatnya. Dibilang bukan orang.,Ringan
Malam-malam peluk bantal. Banjir air mata. Bangun pagi teringat lg. Dada sesak sampe lunch. Sore hampa. Ulang dr depan.,Ringan
Lucu lihat ekspresinya Pek King Dhay yg gusar dan galau berat lihat pemainnya...,Ringan
"Kekadang tu kita bukannya sengaja nak putus asa. Cuma, kita dah tahu apa kesudahannya. Sebab itulah kita akhiri semua tu dengan 'give up'.",Tidak Ada
"Beh tanpa unda malah rami lo=))""RT @AdiDobo: @AyraAyrong ""@cumannanya: #cumannanya kELAS HAMPA tanpa siapa?:))""",Tidak Ada
#cumannanya kELAS HAMPA tanpa siapa?:)),Tidak Ada
"2) Seringkali ketika dlm proses belajar,trader sudah putus asa di tengah jln.Berhentilah sesaat utk belajar. #TradingProfits",Tidak Ada
"Kita kebanjiran dikit aja sedih yaa, gimana ikan, setiap hari banget. :(",Tidak Ada
"Cinta memang tak selamanya sweet, kadang terasa pahit dan menyakitkan hati. Lindungi hati awak agar awak tak mudah putus asa akan seseorang.",Tidak Ada
Chelsea Tak Putus Asa dalam Perburuan Gelar,Tidak Ada
02.02 Kosong bukan berarti hampa.,Ringan
Chelsea Tak Putus Asa dalam Perburuan Gelar,Tidak Ada
"Mourinho: Chelsea Tidak Putus Asa: Manajer Chelsea Jose Mourinho menyatakan, pihaknya tidak putus asa menjuara...",Tidak Ada
"Bukan putus asa, Cuma, Sudah sampainya masa, Aku fikir akan realitinya.",Tidak Ada
@hafeedzhurairah dah try...hasilnya hampa..,Tidak Ada
Dosa-dosa perlu di padam sebelum ajal maut tiba. Banyakkan istighfar dan bertaubat. Jangan putus asa atas rahmat Allah Swt.,Tidak Ada
Bolanet - Mourinho: Chelsea Tak Putus Asa Kejar Gelar Premier League,Tidak Ada
- Mourinho: Chelsea Tak Putus Asa Kejar Gelar Premier League,Tidak Ada
Jangan pernah putus asa. Jika Tuhan masih memberimu waktu dan kesempatan. Berusahalah semampu apa yg kamu bisa.,Tidak Ada
"Judul hari ini adalah: harus berani, jgn putus asa, ngadu nya sm Tuhan aja. Just as simple as that. Puji Tuhan :)",Tidak Ada
#NowPlaying On #POPIKU - @Ari_lasso - HAMPA - With @Abby_Zacky &amp; @sammybast || SMS 081 511 103 103 ||,Tidak Ada
"Putus Asa, Wanita AS Tembak Mati 2 Anaknya Lalu Bunuh Diri",Tidak Ada
"#FaktaPDKT jangan terlalu mengejar. kenapa? 1. Dia bakal lari | 2. Kalau sudah dapat, terasa hampa dan tak bernilai.",Ringan
"Jangan berani bicara mimpi, sedang engkau tak berani membuka mata. Maka ia benar angan hampa bunga tidur belaka. #avventura",Ringan
"Cewek JANUARI: mempunyai bakat terpendam,mudah mencari pekerjaan, rajin dan tidak mudah putus asa",Tidak Ada
"Putus Asa adalah sebuah jalan menuju Neraka,Apa pun yg terjadi, SEMANGAT hidup ini harus selalu MEMBARA! SIAAP?",Tidak Ada
Yaah sedih banget kalo doi akhirnya cuma bisa jadi penonton sampe akhir musim...,Ringan
""" KeadiLan tanpa kekuatan adaLah HAMPA, tapi kekuatan tanpa keadiLan hanyaLah berupa KEKERASAN "" (Uzumaki Nagato)",Tidak Ada
"Kalau nak kebahagiaan dalam hubungan awak, Berusalah, Jangan pernah putus asa, InsyaAllah kebahagiaan itu akan menghiasi hubugan awak :')",Tidak Ada
"Manusia tidak jemu memohon kebaikan, dan jika mereka ditimpa malapetaka dia menjadi putus asa lagi putus harapan (41:49)",Tidak Ada
#Aries adalah pribadi yg cinta kedamaian dan juga tidak mudah putus asa,Tidak Ada
"Jangan berani bicara mimpi, sedang engkau tak berani membuka mata. Maka ia benar angan hampa bunga tidur belaka. #avventura",Ringan
"Jangan sampai tertundanya karunia Tuhan kepadamu,setelah kau mengulang-ulang doamu, membuatmu putus asa #Alhikam #katahati #semangatsore",Tidak Ada
RJ si Raccoon (Bruce Willis) merasa putus asa setelah gagal mencuri makanan dari mesin makanan di tempat biasa truk-truk mangkal.,Tidak Ada
"Cinta itu kosong. Cinta itu hampa. Cinta bukanlah cinta, jika yang kamu cintai bukan aku.",Ringan
pantang menyerah dan putus asa&gt;&gt;&gt;,Tidak Ada
"""Org pandai itu tdk membuat manusia merasa putus asa dr rahmat Allah &amp; tdk membuat mrk merasa aman dr tipu daya Allah."" (Ali bin Abi Thalib)",Tidak Ada
"#Cancer Sedih ya, dari yang sayang banget jadi biasa aja.:')",Ringan
#TaukahKau; ada asa yang tak pernah pupus; meski airmata tlah berulangkali terhapus; sebab Cinta dariNYA tak jua pernah putus,Tidak Ada
"lahir pada tanggal 14,23: TAK MUDAH PUTUS ASA,MANDIRI,IDEALIS,TIPE PENJAGA RAHASIA",Tidak Ada
"Tuhan takkan berikan cobaan melebihi kemampuanmu. Ketika putus asa, ingatlah, jika Tuhan memberinya padamu, Dia akan membantumu melewatinya.",Tidak Ada
"#Leo pribadi yg tidak mudah putus asa dan berani mengambil keputusan, setia.",Tidak Ada
aku sedih banget barusan..ngetik 'wayang' di kolom search twitter..lah yg ngetwit ttg wayang kok byk org malaysiaan?dr ndonesia juaraaang..,Ringan
"Rene Meulensteen Kecewa Gagal Dapatkan Morrison: Meulensteen tak putus asa. Dia meminta Direktur Fulham, Alist...",Tidak Ada
orang yang mencintai itu menumbuhkan harapan pada orang yang dicintai | bukan malah membuat putus asa dan tertekan,Tidak Ada
"Dinda Kirana Paling Sensitif Dikritik Soal Berat Badan (""Langsung Galau,"" Katanya)",Ringan
"#GOLDENTIME : ya Allah, beri pengharapan bagi sahabat kami yang sedang putus asa. Sungguh Engkau Maha Pemberi Harapan | #SRUDUKFOLLOW",Tidak Ada
#NP Hampa - @Ari_lasso di BBM bareng @firmanfauzan,Tidak Ada
Buat yang di Sinabung bagaimana? Jangan putus asa ya..seIndonesia bergerak dan berdoa untuk kalian..,Tidak Ada
"Saat kamu putus asa dan ingin menyerah selesaikan skripsimu, ingatlah bagaimana dulu km yakin org tua km utk tetap kuliah #HestekBebas",Tidak Ada
#Aquarius adalah pribadi yg tidak mudah putus asa dan berani mengambil keputusan,Tidak Ada
"Cinta memang tak selamanya sweet, kadang terasa pahit dan menyakitkan hati. Lindungi hati awak agar awak tak mudah putus asa akan seseorang.",Tidak Ada
"Dinda Kirana Paling Sensitif Dikritik Soal Berat Badan (""Langsung Galau,"" Katanya)",Ringan
Hidup ini terasa hampa bila jauh dari mengingat Tuhan. Jauh lebih tidak berarti lagi bila meninggalkan ajaran-ajarannya. @GinaMahdian,Tidak Ada
"salam akhi, mcm mna ye nk blaja baca al-quran,bg baca... — Waalaikumsalam La tahzan. Jangan putus asa. Ana pun...",Tidak Ada
"@ekasarioct doakan sahabat mu yah, jangan putus asa.. :')",Tidak Ada
"Tuhan takkan berikan cobaan melebihi kemampuanmu. Ketika putus asa, ingatlah, jika Tuhan memberinya padamu, Dia akan membantumu melewatinya.",Tidak Ada
"Kadang-kadang kita terbabas juga kan, namun yang lebih penting kita tak pernah putus asa untuk kembali pada Allah. :')",Tidak Ada
ujan gini bawaanya sedih mulu. melow abiss,Tidak Ada
#NowPlaying @mkhamonangan - Hampa | #LoveClinic #Siliwangi w/@desperadroo #ArdanAvolution,Tidak Ada
:'( RT @SheilaFiona: Cerita ini sedih banget teh @risa_saraswati abis baca ini langsung hujan.. #sunyaruri,Tidak Ada
@udjudj sedih gue juga.. mau banget ini padahal. Sumpah.,Ringan
"Kalau nak kebahagiaan dalam hubungan awak, Berusalah, Jangan pernah putus asa, InsyaAllah kebahagiaan itu akan menghiasi hubugan awak :')",Tidak Ada
Walaupun cinta saya ditolak.Namun saya tetap takkan berputus asa awak.Saya akan tetap dapatkan cinta awak tu.Takkan putus asa.,Tidak Ada
"Jangan putus asa, harapan baru pasti selalu ada",Tidak Ada
"Tuhan takkan berikan cobaan melebihi kemampuanmu. Ketika putus asa, ingatlah, jika Tuhan memberinya padamu, Dia akan membantumu melewatinya.",Tidak Ada
"VIRGO, Karir: Bila muncul hambatan, jangan cepat putus asa sebab banyak jalan menuju ke kelancarannya kembali.",Tidak Ada
"Ini yang ingin hebi. share ke semua #HebiHolic ,,cara mengatasi #Down ? Mau tau apa mau tau banget? Siap2 RT &amp; Quotes yaa :)",Tidak Ada
"Pulang dari Acara Ballon d'Or dengan Tangan Hampa, Neymar Tak Kecewa: Neymar mengaku tidak kecewa gagal mendap...",Ringan
"""jangan lah engkau putus asa karna ALLAH SWT maha mengetahui apa yang terbaik untuk hambanya",Tidak Ada
"Pulang dari Acara Ballon d'Or dengan Tangan Hampa, Neymar Tak Kecewa - Super Ball via @tribunnews",Tidak Ada
Dalam duka pasti ada suka. Jangan menyerah; karena dengan putus asa kita tidak lebih dari pecundang #OrangBijak,Tidak Ada
""" KeadiLan tanpa kekuatan adaLah HAMPA, tapi kekuatan tanpa keadiLan hanyaLah berupa KEKERASAN "" (Uzumaki Nagato)",Tidak Ada
"Putus cinta bukan berarti putus asa dan harapan, tapi putus cinta menjadikan kita lebih dewasa dan kuat.",Tidak Ada
"Tuhan takkan berikan cobaan melebihi kemampuanmu. Ketika putus asa, ingatlah, jika Tuhan memberinya padamu, Dia akan membantumu melewatinya.",Tidak Ada
"""@dewidiyati: ""Jika cinta menempuh jalan yang salah, jangan putus asa terhadap cinta."" :) #Maya ☺",Tidak Ada
"Kalo temen putus, biasanya nular, temen lain yang punya pacar ikut putus. Yang jomblo? Ikut putus juga. Putus asa.",Tidak Ada
"Ketika kamu sedang putus asa , disaat itulah sebenarnya kamu sedang berusaha untuk berbesar hati.",Tidak Ada
"Duh, kok putus asa twetmu :) RT @andi132samrat: @Stakof @nadirsyah @Tandaras11 nadirsyah itu hidup dari makan beasiswa ya begitulah",Tidak Ada
"Teruskan berdoa kerana pada satu saat yang tepat, Allah SWT akan makbulkan doa anda. Jangan pernah putus asa utk berdoa #SelfReminder",Tidak Ada
YOTers! Pernahkah kalian merasa putus asa dalam kehidupan? Pasti semua orang pernah merasakan hal tersebut&gt; #TOPNotes,Tidak Ada
"3.mengatakan; ‘Aku telah berdoa dan terus berdoa tetapi belum juga dikabulkan’. Setelah itu, ia merasa putus asa dan berhenti berdoa.”",Tidak Ada
"Janganlah berputus asa. Tetapi kalau anda sampai berada dalam keadaan putus asa, berjuanglah terus meskipun dalam keadaan putus asa.",Tidak Ada
"Cinta memang tak selamanya sweet, kadang terasa pahit dan menyakitkan hati. Lindungi hati awak agar awak tak mudah putus asa akan seseorang.",Tidak Ada
"Agar tidak putus asa dalam menghadapi masalah, lihatlah bahwa semuanya wajar dan bisa diupayakan menjadi lebih baik.",Tidak Ada
"Sepi takkan membunuh inspirasi, karena ia sering terlahir dari rahim2 hampa dan guratan kepedihan [@sebuahdunia]",Tidak Ada
"#GOLDENTIME : ya Allah, beri pengharapan bagi sahabat kami yang sedang putus asa. Sungguh Engkau Maha Pemberi Harapan | #SRUDUKFOLLOW",Tidak Ada
@Herrommy udah sabar banget sih hahahaha makanya udah mulai belajar cuek sama yang nggak suka. Sedih masih kalo ati lagi mellow. :p,Tidak Ada
"RR1: Jangan Putus Asa, Indonesia Bisa Jadi Negara Hebat",Tidak Ada
"RR1: Jangan Putus Asa, Indonesia Bisa Jadi Negara Hebat",Tidak Ada
Sifat baik ialah tidak pernah putus-asa dan tidak pernah gentar.,Tidak Ada
"Sedih banget punya Wakil Walkot Bekasi doi ngerituit berita ""Tinjau"" lokasi Banjir saja, setiap ditanya solusi? Tunggu Aher Jadi RI-1 :(",Ringan
"TERPOPULER SPORT - Diejek Anjing Tua Putus Asa, Pacquiao Sindir Balik Mayweather",Tidak Ada
"Sedih ya, dari yang sayang banget jadi biasa aja.:')",Ringan
YOTers! Pernahkah kalian merasa putus asa dalam kehidupan? Pasti semua orang pernah merasakan hal tersebut&gt; #TOPNotes,Tidak Ada
YOTers! Pernahkah kalian merasa putus asa dalam kehidupan? Pasti semua orang pernah merasakan hal tersebut&gt; #TOPNotes,Tidak Ada
"#FaktaAnakKedua cpt putus asa. Please, klau dh dpt peluang and hati dia tu tolong jgn sia sia kan. Nnti kau jgk yg mnyesal",Tidak Ada
"&gt;&gt; Nabi menjawab: ""Dia bertamu sedang yang ditamui hampa tidak punya sesuatu apapun untuk disuguhkan kepada tamunya"". (HR. Ahmad)",Ringan
Jalan terang akan selalu ada bagi mereka yg menjaga semangat &amp; keyakinan. jgn mudah putus asa sahabat. Semangatlah,Tidak Ada
"Nasibmu, Doel! Kenapa gak urus sinetron saja bro! RT @NEWS_RIMA Banten Terancam Kolaps, Rano Karno Galau Berat",Tidak Ada
"Kalau nak kebahagiaan dalam hubungan awak, Berusalah, Jangan pernah putus asa, InsyaAllah kebahagiaan itu akan menghiasi hubugan awak :')",Tidak Ada
"Berat Badan Turun, Wajah Terlihat Lebih Tua",Tidak Ada
"Berhasil Turun Berat Badan 70 Kg malah dapet Rp 2,9 M #GladisCo",Tidak Ada
"Wanita Ini Dapat Rp 2,9 M Pasca Berhasil Turun Berat Badan 70 Kg",Tidak Ada
Pukul 4 Sore Waktu Paling Bahaya Bagi Pediet yang Ingin Turun Berat Badan via @wolipop,Tidak Ada
Pukul 4 Sore Waktu Paling Bahaya Bagi Pediet yang Ingin Turun Berat Badan,Tidak Ada
"Wanita Ini Dapat Rp 2,9 M Pasca Berhasil Turun Berat Badan 70 Kg via @wolipop",Tidak Ada
Berat Badan Sudah Turun dan Ideal? Ini 5 Rahasianya Agar Tetap Stabil via @detikhealth,Tidak Ada
"Wanita Ini Dapat Rp 2,9 M Pasca Berhasil Turun Berat Badan 70 Kg",Tidak Ada
#HealthBPN Berat Badan Sudah Turun dan Ideal? Ini 5 Rahasianya Agar Tetap Stabil,Tidak Ada
"#Menfess to @SQ_NICHKHUN sukses ya baby :* jgn lupa makan dulu sebelum pulang nanti, kamu suka males makan sih klo udah pulang :"" from : ♡",Tidak Ada
Berat Badan Sudah Turun dan Ideal? Ini 5 Rahasianya Agar Tetap Stabil,Tidak Ada
"Abang nya jg males kerja, sama kaya kamu.. @yeniagustin_: Delivery dongs, kan udh canggih;)RT @INDIKA9160FM: Nih lagi, trus makan nya gmn??",Tidak Ada
"Kemasan tablet buat yg sakit""@daraprayoga_: Kayaknya mesti diciptain nasi padang kemasan infus buat orang-orang yang males makan.""",Tidak Ada
Kayaknya mesti diciptain nasi padang kemasan infus buat orang-orang yang males makan.,Ringan
"'Diet Patah Hati', Rata-rata Wanita Turun Berat Badan 2 Kg Sebulan via @wolipop",Tidak Ada
"'Diet Patah Hati', Rata-rata Wanita Turun Berat Badan 2 Kg Sebulan",Tidak Ada
Melewatkan sarapan (skipping breakfast) agar berat badan cepat turun merupakan kesalahan yg sering terjadi pd org yg sdg berdiet. #DietFacts,Tidak Ada
Sring sakit flu/ingin berat badan turun? Temukan caranya di seminar Product Be One 9 Feb|jam 13.00 |Mezzanine Intiland lt 2|@beonepremium,Tidak Ada
Berat Badan Zac Efron Turun Drastis Setelah Sakit,Tidak Ada
"OCD adalah bentuk diet yg menyiksa diri.Ceuk aing mah mending di amputasi we tah organ tubuh nu loba daging na, dijamin berat badan turun :(",Tidak Ada
Ngemil Kacang dan Apel Agar Berat Badan Lebih Cepat Turun via @detikfood,Tidak Ada
Ngemil Kacang dan Apel Agar Berat Badan Lebih Cepat Turun,Tidak Ada
Turun Berat Badan 10kg? lihat aja buktinya di @YesAlami 085718555566 Pin:2348ECA1 ada Paket Tinggi&amp;Gemuk juga loh,Tidak Ada
"Berat badan Gajah Mada Turun,karena tdk ingin melepaskan puasa.Beliau berkata bahwa bila telah menguasai Nusantara,saya akan melepaskn puasa",Tidak Ada
Mau turun berat badan 2-15kg dlm waktu 1-2 bulan ? ga percaya ! buktiin aja di @YesAlami | 085718555566 Pin:2348ECA1 #SOLUSI tubuh idealmu,Tidak Ada
5 Hal Ini Membuat Berat Badan Kamu Turun Secara Cepat,Tidak Ada
"Yuk, Rajin Makan 5 Makanan Ini Agar Berat Badan Turun!",Tidak Ada
"Cuaca kali RT @windyfbrn: Se-ekstrim itukah lo nelen tusuknya RT ""davidnurbianto: Gue paling males makan Sate Kambing kalo tusuknye ketelen""",Ringan
Gue paling males makan Sate Kambing kalo tusuknye ketelen...,Ringan
Sibuk di Kantor tapi Ingin Berat Badan Turun? Lakukan 9 Langkah Ini,Tidak Ada
"agar berat badan tdk naik turun,cb lakukan bbrapa hal ini: Tetap Makan Sarapan,Olahraga Intensitas Medium,Mknn Yg Bervariasi,Cukup serat",Tidak Ada
@cahyorino lagi males mondar-mandir dapur. Pingin cepat makan dan selesai. Heuheuheu,Tidak Ada
Sring sakit flu/ingin berat badan turun? Temukan caranya di seminar Product Be One 9 Feb|jam 13.00 |Mezzanine Intiland lt 2|@beonepremium,Tidak Ada
"Woy @Afirah_IF hbd yaa. Semoga jadi kepribadian yg lebih lagi. Selalu tegar, sehat jangan males makan lagi :)) love you my best sist.",Tidak Ada
Jika ingin berat badan turun dg cara yang sehat ikuti panduannya dan tip-tip diet dari ahlinya dg gabung di sini -&gt;,Tidak Ada
Jika ingin berat badan turun dg cara yang sehat ikuti panduannya dan tip-tip diet dari ahlinya dg gabung di sini -&gt;,Tidak Ada
Laper tapi males ke luar buat cari makan? PHD diskon 50% lho AdaDiskoners,Tidak Ada
"Diet Manusia Serigala, Turun Berat Badan 2 Kg dalam 24 Jam. Seperti Apa? via @wolipop",Tidak Ada
"Diet Manusia Serigala, Turun Berat Badan 2 Kg dalam 24 Jam. Seperti Apa?",Tidak Ada
"Yuk, Rajin Makan 5 Makanan Ini Agar Berat Badan Turun!",Tidak Ada
Kebanyakan Makan Males Gerak Awas Diabetes via @klikdoktercom,Tidak Ada
"Berat badan sukar ditebak, bentar naik, bentar turun. Macem harga cabe bawang -_-",Tidak Ada
"Saat hamil, berat badan malah turun? Hal ini bukanlah masalah, inilah yg perlu Anda perhatikan.",Tidak Ada
Oh iya. sok kalo mau tanya-tanya tentang negativisme akan saya jawab sampai saya males jawab. mumpung lagi makan nasi ini. Silakan mulai,Tidak Ada
"Mahasiswa yg gak lulus2 paling males makan di restoran, biasanya pelayannya, ""Diulang ya pesanannya."" ""SAYA CAPEK NGULANG!""",Tidak Ada
"Awak awak semua nampak tak kegemukkan disitu , haha bila doe nak turun berat badan ni, haiihh",Tidak Ada
"Selain berat badan turun, menurunkan jumlah LEMAK juga penting! Lakukan latihan kardio &amp; beban utk mengurangi lemak tubuh. #DietFacts",Tidak Ada
Sarapan Sakti! Yoghurt dan Air Putih Supaya Kamu Gak Nafsu Makan Manis,Ringan
"Uhuhhh,, RT @cameloppard: @ustadchen males makan sama pacar sih... Abis ngga punya",Tidak Ada
"Mau tanya. Lagi musim banjir gini pada males keluar rumah gak? Misalnya mau makan sama pacar,, jalan sama temen,,,",Tidak Ada
Males makan siang di luar? Cari aja resto yang bisa delivery di atau,Ringan
"Hujan-hujan enaknya makan, tapi kalo males keluar buat makan ya kelaparan.",Tidak Ada
#CNC00L Pengen tinggi badan naik / berat badan turun?:3,Tidak Ada
Berat Badan Erwiana Turun 25 Kilogram Selama di Hongkong,Tidak Ada
"Gue nggak takut makan indomie pake telor jam segini, gue cuma males bikinnya.",Tidak Ada
aku ga diet cuma lgi ga napsu makan aja lgi males makan :),Ringan
berat badan turun lagi jdi 43 wkwkw makin kuyus deh --',Tidak Ada
Tips Jaga Berat Badan yang Sudah Turun Agar Tak Kembali Naik,Tidak Ada
Mau makan pizza tp males keluar? #DuetHemat aja! Delivery/Takeaway 2 pizza uk. sedang lebih hemat Rp. 44.000an!,Tidak Ada
"Ini pada males-malesan siang gini, udah pada makan blom? Ntar sakit loh.. Ayooo, makan dulu. Apa mau disuapin?",Tidak Ada
"Diet, Teh Hijau Bukan Jalan Menuju Berat Badan Turun",Tidak Ada
"Kalo laper, makan. Kalo males, refreshing. Kalo ngantuk, tidur. Kalo kuliah, berangkat. Kalo ujian, belajar. Gampang aja idupmah.",Tidak Ada
"Males kok dipiara! Abis males itu ga perlu dikasi makan, ga eek sembarangan, dan ga perlu dimandiin. Makanya banyak yg miara!",Tidak Ada
"Ikut :) ""@AskDedy: Pesan antarrr! Tar gw yang antar""@Wanrk_02: Mager keluar kamar kost, males makan malam juga""""",Sedang
"Hari ni males makan ati..mau martabak aja ah.. (with Sigit, Bu, and Arafat at RM.kerala khas masakan) —",Ringan
":( yg bokernya itu bkn males @bernard_sinaga: Bangun pagi sambil bok*r, sblm kerja, abis makan, mau tdr bacaannya akun kurawa Damn, takjub""",Tidak Ada
"Berat Badan Turun 13 Kg dalam 90 Hari, Ibu Ini Langsung Ditawari Jadi Model:",Tidak Ada
"Berat Badan Turun 13 Kg dalam 90 Hari, Ibu Ini Langsung Ditawari Jadi Model",Tidak Ada
Ingin Berat Badan Turun? Coba Diet Kentang,Tidak Ada
"Gue kalau lagi males makan suka gini, nasi aja gue jus.",Ringan
Sibuk di Kantor tapi Ingin Berat Badan Turun? Lakukan 9 Langkah Ini,Tidak Ada
"Tip Sehat: Anda Penggila Soda? Kurangi Satu Kaleng Setiap Hari, Berat Badan Turun 6,8 Kilogram Setahun",Tidak Ada
"Diet, Teh Hijau Bukan Jalan Menuju Berat Badan Turun",Tidak Ada
Tips Jaga Berat Badan yang Sudah Turun Agar Tak Kembali Naik,Tidak Ada
Tiap inget mantan langsung gak nafsu makan. Itu mantan apa taek kering?,Ringan
"Berat Badan Turun Drastis, Kim Kardashian Membotak",Tidak Ada
"Akibat turun berat badan biasanya kulit mengendur, ini 6 cara mudah mencegahnya",Tidak Ada
"Berat Badan Turun Drastis, Kim Kardashian Malah Alami Kebotakan",Tidak Ada
"Berat Badan Turun Drastis, Kim Kardashian Malah Alami Kebotakan via @wolipop",Tidak Ada
Tips Jaga Berat Badan yang Sudah Turun Agar Tak Kembali Naik,Tidak Ada
Tiap inget mantan langsung gak nafsu makan. Itu mantan apa tai kering?,Ringan
"lusa aja gemana? besok i mau ke toy fair RT @tenop: besök mau ke spore, mau makan di yoshinoya. males makan di jakarta, gak dollar bayarnya",Tidak Ada
"Menjaga agar tubuh terhidrasi sangat dianjurkan, tetapi bukan berarti dengan minum banyak air berat badan bisa turun. | #ZoDa",Tidak Ada
"Selamat Siang, sudah waktunya makan siang nih...udah makan siang blm? kalo males makan diluar karena hujan, delivery ajahhh...^_^",Ringan
Mau makan tapi males kalo ga ama ...,Tidak Ada
Mau Turun Berat Badan 7 Kg dalam 7 Hari? Ikuti Tips Diet per Hari Berikut via @detikhealth,Tidak Ada
Mau Turun Berat Badan 7 Kg dalam 7 Hari? Ikuti Tips Diet per Hari Berikut,Tidak Ada
Tips Jaga Berat Badan yang Sudah Turun Agar Tak Kembali Naik,Tidak Ada
MAU NAMBAH TINGGI/TURUN BERAT BADAN ? Usia 13-30th msh bs TINGGI ! TERBUKTI ! Info hub pin 326BB662 / 085221618742 @TweetSehat2 #BestSeller,Tidak Ada
Tips Jaga Berat Badan yang Sudah Turun Agar Tak Kembali Naik,Tidak Ada
"Ya namanya juga anak kost, sekalinya ada duit buat makan, males jalan. Ada delivery, eh lagi gak jualan.",Tidak Ada
"Diet, Teh Hijau Bukan Jalan Menuju Berat Badan Turun",Tidak Ada
MAU NAMBAH TINGGI/TURUN BERAT BADAN ? Usia 13-30th msh bs TINGGI ! TERBUKTI ! Info hub pin 326BB662 / 085221618742 @TweetSehat2 #BestSeller,Tidak Ada
MAU NAMBAH TINGGI/TURUN BERAT BADAN ? Usia 13-30th msh bs TINGGI ! TERBUKTI ! Info hub pin 326BB662 / 085221618742 @TweetSehat2 #BestSeller,Tidak Ada
Tips Sehat Turun Berat Badan via @bacakatabijak,Tidak Ada
"nak org tegur 'dah turun berat badan' pulak, bukan 'dah naik badan ya' #azamtahun2014",Tidak Ada
Sibuk di Kantor tapi Ingin Berat Badan Turun? Lakukan 9 Langkah Ini,Tidak Ada
Tips Jaga Berat Badan yang Sudah Turun Agar Tak Kembali Naik,Tidak Ada
MAU NAMBAH TINGGI/TURUN BERAT BADAN ? Usia 13-30th msh bs TINGGI ! TERBUKTI ! Info hub pin 326BB662 / 085221618742 @TweetSehat2 #BestSeller,Tidak Ada
"Jomblo jangan sok manja, yang punya pacar aja masih apa-apa sendiri. RT @nizaraan_: Pengen makan siang tapi males sendirian.",Tidak Ada
"Kayaknya hari ini cocok dinobatkan sebagai hari mager. Padahal laper, tapi males makan. Padahal gerah, tapi males mandi. Segitu malesnya.",Sedang
"Bosan Gemuk/kurus? ingin turun/naik berat badan? sehat dan berstamina info : @putrafirnanda, 081277876363 / 2802bf5b",Tidak Ada
Gue paling males jalan makan sama orang yang nentuin mau mesen makan apa lamanya kayak mau nentuin pasangan hidup.,Tidak Ada
"Bosan Gemuk/kurus? ingin turun/naik berat badan? sehat &amp; berstamina info : @putrafirnanda, 081277876363 / 2802bf5b",Tidak Ada
tadi abis timbang berat badan rasanya seneng bisa turun berat badan nya walau hanya... 1 kg .-.,Tidak Ada
"Bosan Gemuk/kurus? ingin turun/naik berat badan? sehat dan berstamina info : @putrafirnanda, 081277876363 / 2802bf5b",Tidak Ada
"Owh, saya akan turun malam ini. Turun maksudnya turun ke dataran merdeka, bukan turun berat badan. IAllah saya bawa payung sblm hujan juga",Tidak Ada
"Bosan Gemuk/kurus? ingin turun/naik berat badan? sehat &amp; berstamina info : @putrafirnanda, 081277876363 / 2802bf5b",Tidak Ada
"Berat Badan Turun 52 Kg, Komedian Kwon Mi Jin Buat Heboh!",Tidak Ada
"Bosan Gemuk/kurus? ingin turun/naik berat badan? sehat dan berstamina info : @putrafirnanda, 081277876363 / 2802bf5b",Tidak Ada
"Ada yg gagal : males makan, males ngapa2in (trmasuk bljr, padahal SBMPTN makin dekat), berlarut2 menyesali apa yang sudah terjadi",Tidak Ada
Tips Jaga Berat Badan yang Sudah Turun Agar Tak Kembali Naik,Tidak Ada
"Bosan Gemuk/kurus? ingin turun/naik berat badan? sehat &amp; berstamina info : @putrafirnanda, 081277876363 / 2802bf5b",Tidak Ada
"Bosan Gemuk/kurus? ingin turun/naik berat badan? sehat dan berstamina info : @putrafirnanda, 081277876363 / 2802bf5b",Tidak Ada
"Bosan Gemuk/kurus? ingin turun/naik berat badan? sehat &amp; berstamina info : @putrafirnanda, 081277876363 / 2802bf5b",Tidak Ada
"Diet, Teh Hijau Bukan Jalan Menuju Berat Badan Turun",Tidak Ada
"Bosan Gemuk/kurus? ingin turun/naik berat badan? sehat &amp; berstamina info : @putrafirnanda, 081277876363 / 2802bf5b",Tidak Ada
MAU NAMBAH TINGGI/TURUN BERAT BADAN ? Usia 13-30th msh bs TINGGI ! TERBUKTI ! Info hub pin 326BB662 / 085221618742 @TweetSehat2 #BestSeller,Tidak Ada
Mau kulit makin putih dan cerah? Tambah tinggi 1-10 cm dalam 1 bulan? Turun berat badan? Add 294B6B83/089664195525,Tidak Ada
"Bosan Gemuk/kurus? ingin turun/naik berat badan? sehat dan berstamina info : @putrafirnanda, 081277876363 / 2802bf5b",Tidak Ada
"males makan, gara-gara ....................",Ringan
Mau kulit makin putih dan cerah? Tambah tinggi 1-10 cm dalam 1 bulan? Turun berat badan? Add 294B6B83/089664195525,Tidak Ada
"Bosan Gemuk/kurus? ingin turun/naik berat badan? sehat &amp; berstamina info : @putrafirnanda, 081277876363 / 2802bf5b",Tidak Ada
"4. Biasanya orang males bgt makan ikan karena ""AH bau amis"". Nah ini obatnya. #AmunisiTahunBaru #Seafood",Tidak Ada
"Bosan Gemuk/kurus? ingin turun/naik berat badan? sehat dan berstamina info : @putrafirnanda, 081277876363 / 2802bf5b",Tidak Ada
"Yuk, Rajin Makan 5 Makanan Ini Agar Berat Badan Turun!",Tidak Ada
"Bosan Gemuk/kurus? ingin turun/naik berat badan? sehat &amp; berstamina info : @putrafirnanda, 081277876363 / 2802bf5b",Tidak Ada
"Bosan Gemuk/kurus? ingin turun/naik berat badan? sehat dan berstamina info : @putrafirnanda, 081277876363 / 2802bf5b",Tidak Ada
"Bosan Gemuk/kurus? ingin turun/naik berat badan? sehat &amp; berstamina info : @putrafirnanda, 081277876363 / 2802bf5b",Tidak Ada
"Diet, Teh Hijau Bukan Jalan Menuju Berat Badan Turun",Tidak Ada
"Bosan Gemuk/kurus? ingin turun/naik berat badan? sehat dan berstamina info : @putrafirnanda, 081277876363 / 2802bf5b",Tidak Ada
Mau kulit makin putih dan cerah? Tambah tinggi 1-10 cm dalam 1 bulan? Turun berat badan? Add 294B6B83/089664195525,Tidak Ada
Tips Jaga Berat Badan yang Sudah Turun Agar Tak Kembali Naik,Tidak Ada
"Kekalahan itu sungguh menyakitkan,!!..Ṁ̭̥̈̅̄ṁ̭̥̈̅̄н☀('.._..')☀нṁ̭̥̈̅̄Ṁ̭̥̈̅̄ ..!!...jadi males makan gue..",Ringan
Tips Jaga Berat Badan yang Sudah Turun Agar Tak Kembali Naik,Tidak Ada
@ftkf beberapa mgg lalu makan salad di rumah temen yg sayurannya fresh from the ground. Best salad ever. Biarpun gue tetep males berkebun...,Tidak Ada
Tips Jaga Berat Badan yang Sudah Turun Agar Tak Kembali Naik,Tidak Ada
6 cara mudah mencegah kulit menjadi kendur setelah turun berat badan,Tidak Ada
Agar Berat Badan Tidak Naik Turun,Tidak Ada
Pulang dari baduy berat badan turun 8 kilo broo..ajib dah,Tidak Ada
"Berat Badan Sudah Turun Tapi Tetap 'Gombyor', Bagaimana Mengatasinya? via @detikhealth",Tidak Ada
"Berat Badan Sudah Turun Tapi Tetap 'Gombyor', Bagaimana Mengatasinya?",Tidak Ada
Rutin Sarapan Tetapi Berat Badan Tak Kunjung Turun? Ini Dia Penyebabnya (2) via @detikfood,Tidak Ada
Rutin Sarapan Tetapi Berat Badan Tak Kunjung Turun? Ini Dia Penyebabnya (2),Tidak Ada
Rutin Sarapan Tetapi Berat Badan Tak Kunjung Turun? Ini Dia Penyebabnya(1) via @detikfood,Tidak Ada
Rutin Sarapan Tetapi Berat Badan Tak Kunjung Turun? Ini Dia Penyebabnya(1),Tidak Ada
Mau kulit makin putih dan cerah? Tambah tinggi 1-10 cm dalam 1 bulan? Turun berat badan? Add 294B6B83/089664195525,Tidak Ada
#cumannanya males belajar kalau: a.ada acara tv fav b.belom makan?:)),Tidak Ada
"Makan dulu biar kenyang,klo kenyang bs tenang,klo tenang bisa tidur,klo tidur bisa mimpi,klo mimpi bisa basah..ah jd males makan takut basah",Ringan
Mau kulit makin putih dan cerah? Tambah tinggi 1-10 cm dalam 1 bulan? Turun berat badan? Add 294B6B83/089664195525,Tidak Ada
Mau kulit makin putih dan cerah? Tambah tinggi 1-10 cm dalam 1 bulan? Turun berat badan? Add 294B6B83/089664195525,Tidak Ada
"Stres, Berat Badan Ayu Ting Ting Turun 2 Kg?",Tidak Ada
Mau kulit makin putih dan cerah? Tambah tinggi 1-10 cm dalam 1 bulan? Turun berat badan? Add 294B6B83/089664195525,Tidak Ada
"Ingin turun berat badan, Sahabat? Mengapa tidak ikut berlari via",Tidak Ada
mau makan tapi males :v,Tidak Ada
Mau kulit makin putih dan cerah? Tambah tinggi 1-10 cm dalam 1 bulan? Turun berat badan? Add 294B6B83/089664195525,Tidak Ada
Mau kulit makin putih dan cerah? Tambah tinggi 1-10 cm dalam 1 bulan? Turun berat badan? Add 294B6B83/089664195525,Tidak Ada
"Nak kongsi petua turunkan berat badan, Dalam 3 bulan boleh turun hampir 10kg. Caranya ; bekerjalah di tadika. Saya sudah,anda bila lagi -,-""",Tidak Ada
"Diet, Teh Hijau Bukan Jalan Menuju Berat Badan Turun",Tidak Ada
"3 hari jaga periferi, berat badan turun sekilo, nampak gaya kena teruskan berlari satu hospital lagi ni",Tidak Ada
Mau kulit makin putih dan cerah? Tambah tinggi 1-10 cm dalam 1 bulan? Turun berat badan? Add 294B6B83/089664195525,Tidak Ada
Mau kulit makin putih dan cerah? Tambah tinggi 1-10 cm dalam 1 bulan? Turun berat badan? Add 294B6B83/089664195525,Tidak Ada
Mau kulit makin putih dan cerah? Tambah tinggi 1-10 cm dalam 1 bulan? Turun berat badan? Add 294B6B83/089664195525,Tidak Ada
Mau kulit makin putih dan cerah? Tambah tinggi 1-10 cm dalam 1 bulan? Turun berat badan? Add 294B6B83/089664195525,Tidak Ada
Mau kulit putih? Kulit cerah? Anti aging? Tinggi 1-10 cm dalam 1 bulan? Turun berat badan? Add: 294B6B83 / 089664195525,Tidak Ada
Mau kulit putih? Kulit cerah? Anti aging? Tinggi 1-10 cm dalam 1 bulan? Turun berat badan? Add: 294B6B83 / 089664195525,Tidak Ada
Mau makan tapi males kalo ga ama ...,Tidak Ada
Mau kulit putih? Kulit cerah? Anti aging? Tinggi 1-10 cm dalam 1 bulan? Turun berat badan? Add: 294B6B83 / 089664195525,Tidak Ada
Mau kulit putih? Kulit cerah? Anti aging? Tinggi 1-10 cm dalam 1 bulan? Turun berat badan? Add: 294B6B83 / 089664195525,Tidak Ada
Buat yang laper tapi males nyari makan keluar. Bisa nih pesen ke @wrgRica It's Free Ongkir lohh,Tidak Ada
Banyak org menerapkan diet dg cr menahan rasa lapar &amp; tidak makan agar berat badan cepat turun tp faktanya adlh sebaliknya. #FaktaDiet,Tidak Ada
Mau kulit putih? Kulit cerah? Anti aging? Tinggi 1-10 cm dalam 1 bulan? Turun berat badan? Add: 294B6B83 / 089664195525,Tidak Ada
Mau kulit putih? Kulit cerah? Anti aging? Tinggi 1-10 cm dalam 1 bulan? Turun berat badan? Add: 294B6B83 / 089664195525,Tidak Ada
"2 Minggu berat badan gue turun hampir 3 kg, gak nampak orang Diet sama sekali.. coba deh yg punya keluhan ""Maag"" kronis utk #foodcombining",Tidak Ada
Cara memasak bisa mempengaruhi naik-turun berat badan loh.. Ini dia buktinya...,Tidak Ada
Dengan memakan empat buah pisang dan empat gelas susu non fat selama tiga hari dalam seminggu berat badan kita akan turun..,Tidak Ada
"Dikit tau fa tadi,, adult lagi sakit gak nafsu makan. :p syifa yg banyak. :) RT @nsyifamaharani: makannya banyak ya",Tidak Ada
"Diet, Teh Hijau Bukan Jalan Menuju Berat Badan Turun",Tidak Ada
Cek rahasia turun berat badan yang perlu kamu perhatikan di sini!,Tidak Ada
"""Putus cinta @PHOENIXFMBALI: Biasanya nafsu makan hilang karena apa ? #OPSI""",Tidak Ada
Rahasia Turun Berat Badan Ini Wajib Kamu Perhatikan!,Tidak Ada
Mau kulit putih? Kulit cerah? Anti aging? Tinggi 1-10 cm dalam 1 bulan? Turun berat badan? Add: 294B6B83/089664195525,Tidak Ada
Mau kulit putih? Kulit cerah? Anti aging? Tinggi 1-10 cm dalam 1 bulan? Turun berat badan? Add: 294B6B83/089664195525,Tidak Ada
#HCNews Sudah Berolahraga Tapi Kok Berat Badan Tidak Turun Ya?,Tidak Ada
Mau kulit putih? Kulit cerah? Anti aging? Tinggi 1-10 cm dalam 1 bulan? Turun berat badan? Add: 294B6B83 / 089664195525,Tidak Ada
Mau kulit putih? Kulit cerah? Anti aging? Tinggi 1-10 cm dalam 1 bulan? Turun berat badan? Add: 294B6B83 / 089664195525,Tidak Ada
Berat Badan Cepat Turun Jika Konsumsi 10 Makanan Paling Mengenyangkan Ini via @detikhealth,Tidak Ada
Berat Badan Cepat Turun Jika Konsumsi 10 Makanan Paling Mengenyangkan Ini,Tidak Ada
Mau kulit makin putih dan cerah? Tambah tinggi 1-10 cm dalam 1 bulan? Turun berat badan? Add 294B6B83/089664195525,Tidak Ada
Mau kulit makin putih dan cerah? Tambah tinggi 1-10 cm dalam 1 bulan? Turun berat badan? Add 294B6B83/089664195525,Tidak Ada
"Yuk, Rajin Makan 5 Makanan Ini Agar Berat Badan Turun!",Tidak Ada
Mau tambah TINGGI 2-8cm atau TURUN BERAT BADAN 3-5kg dlm 1 bln? Cek Fav @AndikaKusumah ! Add 24c2f9b1 / wa 0817202280. ada PROMO :),Tidak Ada
Banyak org melakukan diet dg cr menahan rasa lapar &amp; tidak makan agar berat badan cepat turun tp faktanya adlh sebaliknya. #FaktaDiet,Tidak Ada
Dicari Orang-orang yang ingin turun berat badan income 5-20juta/bulan #lowongankerja,Tidak Ada
Mau kulit makin putih dan cerah? Tambah tinggi 1-10 cm dalam 1 bulan? Turun berat badan? Add 294B6B83/089664195525,Tidak Ada
Mau kulit makin putih dan cerah? Tambah tinggi 1-10 cm dalam 1 bulan? Turun berat badan? Add 294B6B83/089664195525,Tidak Ada
"Diet, Teh Hijau Bukan Jalan Menuju Berat Badan Turun",Tidak Ada
"Yuk, Rajin Makan 5 Makanan Ini Agar Berat Badan Turun!",Tidak Ada
Mau tambah TINGGI 2-8cm atau TURUN BERAT BADAN 3-5kg dlm 1 bln? Cek Fav @AndikaKusumah ! Add 24c2f9b1 / wa 0817202280. Buruan ada PROMO :),Tidak Ada
Mau kulit makin putih dan cerah? Tambah tinggi 1-10 cm dalam 1 bulan? Turun berat badan? Add 32EAD18A/081993441190,Tidak Ada
Mau kulit makin putih dan cerah? Tambah tinggi 1-10 cm dalam 1 bulan? Turun berat badan? Add 32EAD18A/081993441190,Tidak Ada
Mw pergi makan ramen tapi males bgt menyeret diri ke kamar mandi ☹,Tidak Ada
"Diet Ala Syahrini, Berat Badan Turun 7 Kilogram",Tidak Ada
Langkah Awal Atasi Kulit Menggelambir Pasca Turun Berat Badan,Tidak Ada
Mau kulit makin putih dan cerah? Tambah tinggi 1-10 cm dalam 1 bulan? Turun berat badan? Add 294B6B83/089664195525,Tidak Ada
Mau kulit makin putih dan cerah? Tambah tinggi 1-10 cm dalam 1 bulan? Turun berat badan? Add 294B6B83/089664195525,Tidak Ada
Mau tambah TINGGI 2-8cm atau TURUN BERAT BADAN 3-5kg dlm 1 bln? Cek Fav @AndikaKusumah ! Add 24c2f9b1 / wa 0817202280. Buruan ada PROMO :),Tidak Ada
Inilah Alasan Nafsu Makan Hilang Saat Patah Hati,Ringan
"@DuaRansel via Aranyaphratet yah, sebelum nyebrang kalau pas jam makan ada foodcourt kecil di Thai side, enak2 kalau dah di poipet mah males",Tidak Ada
"Nafsu Makan Hilang Saat Patah Hati: ""Dalam jangka pendek, hal itu memengaruhi sistem imun, dan karena sistem i...",Tidak Ada
Mau kulit makin putih dan cerah? Tambah tinggi 1-10 cm dalam 1 bulan? Turun berat badan? Add 294B6B83/089664195525,Tidak Ada
Mau kulit makin putih dan cerah? Tambah tinggi 1-10 cm dalam 1 bulan? Turun berat badan? Add 294B6B83/089664195525,Tidak Ada
Banyak org menerapkan diet dg cr menahan rasa lapar &amp; tidak makan agar berat badan cepat turun tp faktanya adlh sebaliknya. #FaktaDiet,Tidak Ada
"Galau di twitter berarti gak beneran galau. Kalo beneran lagi broken heart, boro-boro ngetwit, makan aja gak nafsu..",Ringan
"Beradegan Judo di 'Heirs', Berat Badan Kim Woo Bin Turun 3 Kilo",Tidak Ada
"Beradegan Judo di 'Heirs', Berat Badan Kim Woo Bin Turun 3 Kilo",Tidak Ada
"Hanya Makan Jamur, Berat Badan Kelly Osbourne Turun 30 Kg via @wolipop",Tidak Ada
"Hanya Makan Jamur, Berat Badan Kelly Osbourne Turun 30 Kg",Tidak Ada
Atasi kulit kendur setelah diet dan turun berat badan dengan 5 cara ini,Tidak Ada
Penyebab Sudah Diet Tapi Berat Badan Tak Juga Turun,Tidak Ada
Males makan tapi kalo disuapi mau :P,Ringan
@Jongin94_MF knp males? Km pusing krn blm makan kali poo,Tidak Ada
"Biarpun diluar hujan, Family Midi ga boleh males makan siang ya :D",Ringan
"cari penyebab anak ga nafsu makan RT @henyati1978: usia 20 bulan gak nafsu makan, harus minum vitamin ga? Kalau harus, vitamin apa?",Tidak Ada
"udh diet dan ngGym, berat badan gak turun? krn ada'y kecenderungan lbh byk konsumsi mknan sebelum &amp; sesudah sesi latihan di gym #ComfortZone",Tidak Ada
Buat yang laper tapi males nyari makan keluar. Bisa nih pesen ke @wrgRica Free Ongkir #infoBDGkuliner,Tidak Ada
"@yaniyanieyani diet males yan, cuma tirus doang tetep buncit.. Rugi padahal udah gak makan..",Tidak Ada
"Mau tidur, ga nyenyak. Mau makan, ga nafsu. Mau mandi, males. Mau jalan, lemes. Maunya sama kamu doang :(",Ringan
"lewat infusan, kan kamu gak mau RT @oman_kelingking: @pidibaiq yah saya laper tapi ga nafsu makan, gmn ath ini”",Tidak Ada
Langkah Awal Atasi Kulit Menggelambir Pasca Turun Berat Badan via @wolipop,Tidak Ada
"Kalo males makan, maunya disuapin. Kalo males mandi, apakah harus dimandiin?",Tidak Ada
"#jomblokurus terjadi bukan karna kurang nafsu makan, tapi lebih ke karna gak ada yang ngingetin makan. :|",Tidak Ada
"Ak' ""@B_Lingua: aku suapin mau...? :) LalaSeksi :Msh males makan ""@B_Lingua: Makan Soto Lamongan yuukk...LalaSeksi :)""""",Tidak Ada
"Msh males makan ""@B_Lingua: Makan Soto Lamongan yuukk...LalaSeksi :)""",Tidak Ada
"“@RoaJuDesReg5: Males masak tp pgn makan enak? Sambel #RoaJuDes,teman nasi yg plg yahud. Pesan ph: 08886127741""",Tidak Ada
Mau kulit makin putih dan cerah? Tambah tinggi 1-10 cm dalam 1 bulan? Turun berat badan? Add 32EAD18A / 081993441190,Tidak Ada
"Ini yang Terjadi Pada Saat Berat Badan Bisa Turun, dari Otot hingga Otak via @detikHealth",Tidak Ada
Sudah Diet Tapi Berat Badan Tak Juga Turun? Mungkin Ini Penyebabnya via @detikhealth,Tidak Ada
Kulit 'Kendur' Setelah Diet dan Turun Berat Badan? Atasi dengan Cara 5 Ini via @detikhealth,Tidak Ada
Sudah Diet Tapi Berat Badan Tak Juga Turun? Mungkin Ini Penyebabnya,Tidak Ada
Kulit 'Kendur' Setelah Diet dan Turun Berat Badan? Atasi dengan Cara 5 Ini via @detikHealth,Tidak Ada
Mau kulit makin putih dan cerah? Tambah tinggi 1-10 cm dalam 1 bulan? Turun berat badan? Add 32EAD18A / 081993441190,Tidak Ada
"Ini yang Terjadi Pada Saat Berat Badan Bisa Turun, dari Otot hingga Otak",Tidak Ada
Kulit 'Kendur' Setelah Diet dan Turun Berat Badan? Atasi dengan Cara 5 Ini,Tidak Ada
Mau kulit makin putih dan cerah? Tambah tinggi 1-10 cm dalam 1 bulan? Turun berat badan? Add 32EAD18A / 081993441190,Tidak Ada
Mau kulit makin putih dan cerah? Tambah tinggi 1-10 cm dalam 1 bulan? Turun berat badan? Add 32EAD18A / 081993441190,Tidak Ada
"Diet, Teh Hijau Bukan Jalan Menuju Berat Badan Turun",Tidak Ada
Kurangi frekuensi pemberian susuRT @janna_aman: anak sy 2 thn lg males makan. Hanya mau susu saja. #momenmakanAB,Tidak Ada
Mau tambah tinggi 1-10 cm dalam 1 bulan &amp; turun berat badan? Dijamin 100%! Add 32EAD18A/081993441190,Tidak Ada
Banyak Konsumsi Makanan Olahan Buat Berat Badan Sulit Turun,Tidak Ada
"Saya pribadi sudah mulai kurangi konsumsi beras. Setiap hari, saya makan singkong. Badan lebih sehat dan berat saya turun 8 kg.",Tidak Ada
"Persoalan cewek: udah seneng-seneng berat badan turun dua kilo, eh naiknya lima kilo.",Tidak Ada
"cukup dipasang dikaki , konon bisa membuat berat badan turun tanpa disadari , klik &gt;",Tidak Ada
"cukup dipasang dikaki , konon bisa membuat berat badan turun tanpa disadari , klik &gt;",Tidak Ada
"cukup dipasang dikaki , konon bisa membuat berat badan turun tanpa disadari , klik &gt;",Tidak Ada
"cukup dipasang di jempol , konon berat badan bisa turun tanpa disadari &gt;",Tidak Ada
"cukup dipasang di jempol , konon berat badan bisa turun tanpa disadari &gt;",Tidak Ada
"cukup dipasang di jempol , konon berat badan bisa turun tanpa disadari &gt;",Tidak Ada
"Gejala diabetes melitus pd anak mirip dgn orang dewasa: banyak kecing, banyak minum, berat badan turun drastis &amp; lemas #V_DiabetesDay",Tidak Ada
"Kalo lg gak nafsu makan, coba kamu makan sambil dengerin musik favoritmu cz bisa bikin makanan terlihat lezat | mau coba ? #URA",Ringan
Mau tambah tinggi 1-10 cm dalam 1 bulan &amp; turun berat badan? Dijamin 100%! Add 32EAD18A/081993441190,Tidak Ada
@cawan_biru path makan banyak data. Sayang kuota internetnya. Padahal cuma bisa temenan sama sedikit orang. Males,Tidak Ada
4. Jangan mudah tergiur juga suplemen yang menjanjikan garansi turun berat badan secara instan. Pelajari dulu. - @DennySantoso #YourHealth,Tidak Ada
syamil kelihatan turun berat badan,Tidak Ada
Turun berat badan dalam waktu singkat: baik/buruk? hebat? Atau justru bahaya? Ada yg tau?,Tidak Ada
"@90_ssinz gue males makan masa, pengennya makan lu /?",Ringan
[Showbiz] Berat Badan Masayu Naik Turun,Tidak Ada
"bukannya ga mau pake behel, cuma males ajah kalo makan banyak jigongnya..",Tidak Ada
"Berat badan naik 1 Kg itu lebih bikin stress dibanding IPK turun jadi 1 koma, bagi SEBAGIAN cewek.",Tidak Ada
"Diet, Teh Hijau Bukan Jalan Menuju Berat Badan Turun",Tidak Ada
"@henimurti nafsu makan hilang, pertanda waras pulih :)",Tidak Ada
Mau langsing? Turun Berat Badan 2-3kg seminggu? 5-15kg Sebulan? Order Produknya bb 285FD3F5 / 082119669632,Tidak Ada
"Gak hanya berat badan, emosi #Cancer juga naik turun minggu ini.Kdg ceria,kdg bs diam dan keliatan jutek.Sepertinya kamu butuh suasana baru",Tidak Ada
Berat Badan Tak Kunjung Turun? Mungkin Anda Perlu Mengunyah Makanan dengan Benar via @detikfood,Tidak Ada
Berat Badan Tak Kunjung Turun? Mungkin Anda Perlu Mengunyah Makanan dengan Benar,Tidak Ada
"@nonaweni kasih buah yg dingin aja, lumayan bikin nyaman buat bayi..makan sedikit tp sering yah..kita kl lg sakit gigi juga males makan :)",Tidak Ada
Mau tambah tinggi 1-10 cm dalam 1 bulan &amp; turun berat badan? Dijamin 100%! Add 294B6B83/08199344119,Tidak Ada
"Ingin berat badan turun selama 6 hari ? Cobain WRP 6 Day Diet Pack di Lazada, hanya 200rb-an &lt;3 Klik Disini &gt;&gt;&gt;...",Tidak Ada
Mau langsing? Turun Berat Badan 2-3kg seminggu? 5-15kg Sebulan? Order Produknya bb 285FD3F5 / 082119669632,Tidak Ada
BOSEN GEMUK? Mau Turun Berat Badan Sampai 10 kg Dalam 1 Bulan? Order Produknya dan Hubungi 085694872801 / Pin: 25B5FA38,Tidak Ada
"Kisah Sukses Turun Berat Badan karena Cinta, Putus hingga Niat Cari Pacar",Tidak Ada
"Kisah Sukses Turun Berat Badan karena Cinta, Putus hingga Niat Cari Pacar via @detikhealth",Tidak Ada
Hindari 8 Makanan Ini Jika Ingin Berat Badan Turun,Tidak Ada
Menunda sarapan bisa membuat berat badan sulit turun,Tidak Ada
Jelang Pernikahannya Berat Badan Shireen Turun Drastis,Tidak Ada
"Berat Badan Naik-Turun, Shireen Sungkar Rajin Fitting Baju Nikah via @tabloidbintang",Tidak Ada
"Berat Badan Turun, Libido Perempuan Justru Naik",Tidak Ada
"I-Listeners, anda waktu kecil paling males disuruh makan apa sih ??? Cerita dong di #ObrolanTengahMalam",Tidak Ada
"I-Listeners, waktu kecil paling males disuruh makan apa sih ??? Cerita dong di #ObrolanTengahMalam",Tidak Ada
BOSEN GEMUK? Mau Turun Berat Badan Sampai 10 kg Dalam 1 Bulan? Order Produknya dan Hubungi 085694872801 / Pin: 25B5FA38,Tidak Ada
"Secara medis, seseorang boleh turun berat badan hanya 1kg per bulan @hypnodietUI @FastingDiet #MTVNads",Tidak Ada
16 Alasan mengejutkan berat badan tak kunjung turun [Part 2] #Diet,Tidak Ada
16 Alasan mengejutkan berat badan tak kunjung turun [Part 1] #Diet,Tidak Ada
"Turun Berat Badan, WAGs Ini Semakin Menawan",Tidak Ada
Mau tambah tinggi 1-10 cm dalam 1 bulan &amp; turun berat badan? Dijamin 100%! Add 294B6B83/08199344119,Tidak Ada
#cumannanya kamu termasuk gila makan tapi pengennya berat badan turun nggak?:))),Tidak Ada
"Pagi ini luar biasa, berat badan turun 9kg (1,2kg adalah nyata, sisanya masih ngimpi)",Tidak Ada
Mau langsing? Turun Berat Badan 2-3kg seminggu? 5-15kg Sebulan? Order Produknya bb 285FD3F5 / 082119669632,Tidak Ada
Berat Badan Turun Saat Pacaran Bisa Rusak Hubungan,Tidak Ada
Mau tambah tinggi 1-10 cm dalam 1 bulan &amp; turun berat badan? Dijamin 100%! Add 294B6B83/08199344119,Tidak Ada
"Selamat Siang, meskipun mendung, jangan jadi males yaa... yuks makan siang dulu...biar semangat lagi...:)",Tidak Ada
"Diet, Teh Hijau Bukan Jalan Menuju Berat Badan Turun",Tidak Ada
"Jgn ngelewatin makan siang:)RT @sifadiar Iya tapi lagi males nyari makan ""@infokulinerbdg: Selamat siang semuanya. Pada laper gak",Tidak Ada
"#BukanPuisi RT @ikeikrima: di suroboyo,males banget makan. tapi kalo ga makan, perut ga enak. serba salah emang...",Tidak Ada
Sibuk di Kantor tapi Ingin Berat Badan Turun? Lakukan 9 Langkah Ini via @detikhealth,Tidak Ada
Sibuk di Kantor tapi Ingin Berat Badan Turun? Lakukan 9 Langkah Ini,Tidak Ada
Ternyata Berat Badan Turun Rangsang Wanita untuk Bercinta (HalloRiau),Tidak Ada
"Sariawan perih banget huhu.. Walaupun jadi gak nafsu makan, hikmahnya bisa sekalian diet :p hehehe",Tidak Ada
Para ahli meyakini bhw berat badan yg turun kemudian naik lagi ke angka yg lebih besar bs berdampak pd kesehatan fisik &amp; mental. #FaktaDiet,Tidak Ada
"Kalau Ingin Berat Badan Cepat Turun, Ngemil Almond Saja via @detikfood",Tidak Ada
"Kalau Ingin Berat Badan Cepat Turun, Ngemil Almond Saja",Tidak Ada
"Dan orang yang mengendarai sepeda ke kantor, rata2 akan turun berat badan 6kg pd tahun pertama! Jadi sekaligus berolahraga deh",Tidak Ada
BOSEN GEMUK? Mau Turun Berat Badan Sampai 10 kg Dalam 1 Bulan? Order Produknya dan Hubungi 085694872801 / Pin: 25B5FA38,Tidak Ada
"@ayusuf0710 bisa mengurangi massa lemak, berat badan turun Tapi digantikan dengan penambahan massa otot sehingga BB lebih ideal",Tidak Ada
"Pantes bang @pergijauh jadi kurus, hahaha kalo malem2 nyuci bus sih ya emang cepet turun berat badan ya kak @nilatanzil #Nekadtraveler",Tidak Ada
"#MenfessWGL to @kyungiexx jangan males makan yaa.. Jaga kesehatan juga, ilysm fr: papa",Tidak Ada
BOSEN GEMUK? Mau Turun Berat Badan Sampai 10 kg Dalam 1 Bulan? Order Produknya dan Hubungi 085694872801 / Pin: 25B5FA38,Tidak Ada
Ibarat makan di restoran mah. Kalo tampilannya berantakan. Males makannya. Tp kl dari tampilannya bagus. Baru semangat. Sama ky nyari pacar,Ringan
Diet Rendah Karbohidrat Justru Memicu Berat Badan Naik Turun: Jika Anda ingin menurunkan berat badan yang efek...,Tidak Ada
"Ikut Diet OCD, Berat Badan Teuku Zacky Turun 2 Kilo",Tidak Ada
BOSEN GEMUK? Mau Turun Berat Badan Sampai 10 kg Dalam 1 Bulan? Order Produknya dan Hubungi 085694872801 / Pin: 25B5FA38,Tidak Ada
"LOL @Ryesibachroen: Liat bola + makan makaroni pasta, jd gak nafsu gara2 liat madrid pemain'y nambah sama wasit..""",Tidak Ada
Mau Langsing? Mau Turun Berat Badan 2-3 Kg Seminggu? 5-15 Kg Sebulan? Order Produknya dan Hubungi 085777571283 / Pin: 2639A89D,Tidak Ada
BOSEN GEMUK? Mau Turun Berat Badan Sampai 10 kg Dalam 1 Bulan? Order Produknya dan Hubungi 085694872801 / Pin: 25B5FA38,Tidak Ada
Mau Langsing? Mau Turun Berat Badan 2-3 Kg Seminggu? 5-15 Kg Sebulan? Order Produknya dan Hubungi 085777571283 / Pin: 2639A89D,Tidak Ada
BOSEN GEMUK? Mau Turun Berat Badan Sampai 10 kg Dalam 1 Bulan? Order Produknya dan Hubungi 085694872801 / Pin: 25B5FA38,Tidak Ada
"Males makan, bete,bodo ah",Ringan
BOSEN GEMUK? Mau Turun Berat Badan Sampai 10 kg Dalam 1 Bulan? Order Produknya dan Hubungi 085694872801 / Pin: 25B5FA38,Tidak Ada
"Cara Olahraga yang Salah, Berat Badan Tak Akan Turun",Tidak Ada
Semangag manasin sup + cakalang lalu makan. Skrg liat tumpukan piring kotornya males bener. Prft.,Tidak Ada
Mau Langsing? Mau Turun Berat Badan 2-3 Kg Seminggu? 5-15 Kg Sebulan? Order Produknya dan Hubungi 085777571283 / Pin: 2639A89D,Tidak Ada
BOSEN GEMUK? Mau Turun Berat Badan Sampai 10 kg Dalam 1 Bulan? Order Produknya dan Hubungi 085694872801 / Pin: 25B5FA38,Tidak Ada
Mau Langsing? Mau Turun Berat Badan 2-3 Kg Seminggu? 5-15 Kg Sebulan? Order Produknya dan Hubungi 085777571283 / Pin: 2639A89D,Tidak Ada
Mau Langsing? Mau Turun Berat Badan 2-3 Kg Seminggu? 5-15 Kg Sebulan? Order Produknya dan Hubungi 085694872801 / Pin: 25B5FA38,Tidak Ada
"Diet, Teh Hijau Bukan Jalan Menuju Berat Badan Turun",Tidak Ada
"Dapet, berat badan nggak turun misalnya. *ehh* RT @onieeth: @jarangmandi_ yung klo mandi sehari 2x dpt karma ga?",Tidak Ada
Mau Langsing? Mau Turun Berat Badan 2-3 Kg Seminggu? 5-15 Kg Sebulan? Order Produknya dan Hubungi 085777571283 / Pin: 2639A89D,Tidak Ada
Mau Langsing? Mau Turun Berat Badan 2-3 Kg Seminggu? 5-15 Kg Sebulan? Order Produknya dan Hubungi 085694872801 / Pin: 25B5FA38,Tidak Ada
"@natalixia @qronoz dan untuk bisa lari dg pace lebih baik, mmm hrs turun berat badan :)) *ngakak sendiri* akhirnya emg #menujulangsing2013",Tidak Ada
Lakukan 5 langkah ini di dapur agar berat badan turun #Diet,Tidak Ada
Mau Langsing? Mau Turun Berat Badan 2-3 Kg Seminggu? 5-15 Kg Sebulan? Order Produknya dan Hubungi 085694872801 / Pin: 25B5FA38,Tidak Ada
“Berat badan saya turun drastis dari 86kg hingga 46kg” Hardiman #MN,Tidak Ada
"males mandi, tp badan bau. makan aja ahh",Tidak Ada
Mau Langsing? Mau Turun Berat Badan 2-3 Kg Seminggu? 5-15 Kg Sebulan? Order Produknya dan Hubungi 085777571283 / Pin: 2639A89D,Tidak Ada
Mau Langsing? Mau Turun Berat Badan 2-3 Kg Seminggu? 5-15 Kg Sebulan? Order Produknya dan Hubungi 085694872801 / Pin: 25B5FA38,Tidak Ada
Mau Langsing? Mau Turun Berat Badan 2-3 Kg Seminggu? 5-15 Kg Sebulan? Order Produknya dan Hubungi 085777571283 / Pin: 2639A89D,Tidak Ada
Mau Langsing? Mau Turun Berat Badan 2-3 Kg Seminggu? 5-15 Kg Sebulan? Order Produknya dan Hubungi 085694872801 / Pin: 25B5FA38,Tidak Ada
Ingin Naik/Turun Berat Badan dg Sehat? Kunjungi diet-kalori[dot]com /hub: 21146A97(BB)/0822542392(Telp/SMS/WA) Free Konsultasi,Tidak Ada
"Persiapkan Nikah, Berat Badan Delia Septiani Naik Turun",Tidak Ada
Ingin Naik/Turun Berat Badan dg Sehat? Kunjungi diet-kalori[dot]com /hub: 21146A97(BB)/0822542392(Telp/SMS/WA) Free Konsultasi,Tidak Ada
Mau Langsing? Mau Turun Berat Badan 2-3 Kg Seminggu? 5-15 Kg Sebulan? Order Produknya dan Hubungi 085777571283 / Pin: 2639A89D,Tidak Ada
Mau Langsing? Mau Turun Berat Badan 2-3 Kg Seminggu? 5-15 Kg Sebulan? Order Produknya dan Hubungi 085694872801 / Pin: 25B5FA38,Tidak Ada
Ingin Naik/Turun Berat Badan dg Sehat? Kunjungi diet-kalori[dot]com /hub: 21146A97(BB)/0822542392(Telp/SMS/WA) Free Konsultasi,Tidak Ada
gak nafsu makan gara gara @tiyasnhadasa,Tidak Ada
Mengapa berat badan cenderung turun saat tidak berdiet? #Diet,Tidak Ada
Ingin Naik/Turun Berat Badan dg Sehat? Kunjungi diet-kalori[dot]com /hub: 21146A97(BB)/0822542392(Telp/SMS/WA) Free Konsultasi,Tidak Ada
Ingin Naik/Turun Berat Badan dg Sehat? Kunjungi diet-kalori[dot]com /hub: 21146A97(BB)/0822542392(Telp/SMS/WA) Free Konsultasi,Tidak Ada
Mau Langsing? Mau Turun Berat Badan 2-3 Kg Seminggu? 5-15 Kg Sebulan? Order Produknya dan Hubungi 085694872801 / Pin: 25B5FA38,Tidak Ada
Ingin Naik/Turun Berat Badan dg Sehat? Kunjungi diet-kalori[dot]com /hub: 21146A97(BB)/0822542392(Telp/SMS/WA) Free Konsultasi,Tidak Ada
Ingin Naik/Turun Berat Badan dg Sehat? Kunjungi diet-kalori[dot]com /hub: 21146A97(BB)/0822542392(Telp/SMS/WA) Free Konsultasi,Tidak Ada
Mau Langsing? Mau Turun Berat Badan 2-3 Kg Seminggu? 5-15 Kg Sebulan? Order Produknya dan Hubungi 085694872801 / Pin: 25B5FA38,Tidak Ada
Ingin Naik/Turun Berat Badan dg Sehat? Kunjungi diet-kalori[dot]com /hub: 21146A97(BB)/0822542392(Telp/SMS/WA) Free Konsultasi,Tidak Ada
Mau Langsing? Mau Turun Berat Badan 2-3 Kg Seminggu? 5-15 Kg Sebulan? Order Produknya dan Hubungi 085694872801 / Pin: 25B5FA38,Tidak Ada
Ingin Naik/Turun Berat Badan dg Sehat? Kunjungi diet-kalori[dot]com /hub: 21146A97(BB)/0822542392(Telp/SMS/WA) Free Konsultasi,Tidak Ada
Mau Langsing? Mau Turun Berat Badan 2-3 Kg Seminggu? 5-15 Kg Sebulan? Order Produknya dan Hubungi 085694872801 / Pin: 25B5FA38,Tidak Ada
Ingin Naik/Turun Berat Badan dg Sehat? Kunjungi diet-kalori[dot]com /hub: 21146A97(BB)/0822542392(Telp/SMS/WA) Free Konsultasi,Tidak Ada
"Cara Olahraga yang Salah, Berat Badan Tak Akan Turun",Tidak Ada
"Setengah mati naikin berat badan, sekalinya sakit turun 4 kilo. ​(˘̯˘ )​( ˘˘̯)",Tidak Ada
2. Berat badan turun. Anda akan kehilangan banyak air lewat keringat &amp; pelepasan udara lembab dari dalam tubuh di malam hari #MidIntermezzo,Tidak Ada
"Coba Latihan ala Chef Edwin Lau, Berat Badan Bisa Turun Cepat!",Tidak Ada
"@JuliTriharto dari @MindSlimProgram sharing ttg HypnoLangsing, turun berat badan dgn cara yg menyenangkan. #ngopiBareng @Steakology",Tidak Ada
Mau Langsing? Mau Turun Berat Badan 2-3 Kg Seminggu? 5-15 Kg Sebulan? Order Produknya dan Hubungi 085694872801 / Pin: 25B5FA38,Tidak Ada
Ingin Naik/Turun Berat Badan dg Sehat? Kunjungi diet-kalori[dot]com /hub: 21146A97(BB)/0822542392(Telp/SMS/WA) Free Konsultasi,Tidak Ada
"Coba Latihan ala Chef Edwin Lau, Berat Badan Bisa Turun Cepat!",Tidak Ada
Ingin Naik/Turun Berat Badan dg Sehat? Kunjungi diet-kalori[dot]com /hub: 21146A97(BB)/0822542392(Telp/SMS/WA) Free Konsultasi,Tidak Ada
Mau Langsing? Mau Turun Berat Badan 2-3 Kg Seminggu? 5-15 Kg Sebulan? Order Produknya dan Hubungi 085694872801 / Pin: 25B5FA38,Tidak Ada
Ingin Naik/Turun Berat Badan dg Sehat? Kunjungi diet-kalori[dot]com /hub: 21146A97(BB)/0822542392(Telp/SMS/WA) Free Konsultasi,Tidak Ada
Mau Langsing? Mau Turun Berat Badan 2-3 Kg Seminggu? 5-15 Kg Sebulan? Order Produknya dan Hubungi 085694872801 / Pin: 25B5FA38,Tidak Ada
Ingin Naik/Turun Berat Badan dg Sehat? Kunjungi diet-kalori[dot]com /hub: 21146A97(BB)/0822542392(Telp/SMS/WA) Free Konsultasi,Tidak Ada
Ingin Naik/Turun Berat Badan dg Sehat? Kunjungi diet-kalori[dot]com /hub: 21146A97(BB)/0822542392(Telp/SMS/WA) Free Konsultasi,Tidak Ada
Mau Langsing? Mau Turun Berat Badan 2-3 Kg Seminggu? 5-15 Kg Sebulan? Order Produknya dan Hubungi 085694872801 / Pin: 25B5FA38,Tidak Ada
Ingin Naik/Turun Berat Badan dg Sehat? Kunjungi diet-kalori[dot]com /hub: 21146A97(BB)/0822542392(Telp/SMS/WA) Free Konsultasi,Tidak Ada
Mau Langsing? Mau Turun Berat Badan 2-3 Kg Seminggu? 5-15 Kg Sebulan? Order Produknya dan Hubungi 085694872801 / Pin: 25B5FA38,Tidak Ada
Ingin Naik/Turun Berat Badan dg Sehat? Kunjungi diet-kalori[dot]com /hub: 21146A97(BB)/0822542392(Telp/SMS/WA) Free Konsultasi,Tidak Ada
"lagi sakit makan gak nafsu, mulut pait. kagak enak bingit",Tidak Ada
Ingin Naik/Turun Berat Badan dg Sehat? Kunjungi diet-kalori[dot]com /hub: 21146A97(BB)/0822542392(Telp/SMS/WA) Free Konsultasi,Tidak Ada
"TRIBUN TIMUR Mengapa Nafsu Makan Hilang Saat Patah Hati?: Saat hati kita sakit, tubuh k...",Ringan
"Mengapa Nafsu Makan Hilang Saat Patah Hati?: Saat hati kita sakit, tubuh kita pun merasakan hal yang sama",Ringan
Mau Langsing? Mau Turun Berat Badan 2-3 Kg Seminggu? 5-15 Kg Sebulan? Order Produknya dan Hubungi 085694872801 / Pin: 25B5FA38,Tidak Ada
3a. To do list. Ingin berat badan ADers turun dengan sehat dan aman setengah hingga satu kilogram setiap minggunya?,Tidak Ada
Gak nafsu makan..,Ringan
Ingin Naik/Turun Berat Badan dg Sehat? Kunjungi diet-kalori[dot]com /hub: 21146A97(BB)/0822542392(Telp/SMS/WA) Free Konsultasi,Tidak Ada
Mau Langsing? Mau Turun Berat Badan 2-3 Kg Seminggu? 5-15 Kg Sebulan? Order Produknya dan Hubungi 085694872801 / Pin: 25B5FA38,Tidak Ada
Ingin Naik/Turun Berat Badan dg Sehat? Kunjungi diet-kalori[dot]com /hub: 21146A97(BB)/0822542392(Telp/SMS/WA) Free Konsultasi,Tidak Ada
Banyak org melakukan diet dg cr menahan rasa lapar &amp; tidak makan agar berat badan cepat turun tp faktanya adlh sebaliknya. #FaktaDiet,Tidak Ada
"@aMrazing BERAK NUNGGING! :))) kayanya sih karena kebanyakan duduk, atau karena berat badan turun? #ngeles",Tidak Ada
(_ _!) males abis “@juliaperrez: Sm2 active cieeeeeeeE cieeeee *gagal hibur* RT @_DemianAditya_: Makan (at UNION) —,Tidak Ada
Ingin Naik/Turun Berat Badan dg Sehat? Kunjungi diet-kalori[dot]com /hub: 21146A97(BB)/0822542392(Telp/SMS/WA) Free Konsultasi,Tidak Ada
Efek Setelah Makan: + Ngantuk + Kenyang + Berat Bangun + Males Mikir + Jadi Pendiem + Nyantai + Ngerokok (Tambahan ngga sehat),Tidak Ada
Mau Langsing? Mau Turun Berat Badan 2-3 Kg Seminggu? 5-15 Kg Sebulan? Order Produknya dan Hubungi 085694872801 / Pin: 25B5FA38,Tidak Ada
Sudah GNa duga yang namja banyakan mager wkwk...,Tidak Ada
"Kalo yang namja ngapain aja? Jangan bilang kaian main ps, ngegame sama mager '-')",Ringan
@isshomanx jangan mager weh /tarik/,Tidak Ada
#Cumannanya mager dari tempat tidur karena: a.dingin b.libur c. ...?,Ringan
Yg lagi mager mandi ada ?,Ringan
"Kak PAP OOTD dong,plis . No,MAGER ya?! — Ga pernah foto ootd",Ringan
desc wth one word ur friend — okeee.. 1.Raissa/mager 2.Arum/toak 3.Rafika/mew 4.Safira/mager 5.Nebe/putih 6.Vin...,Ringan
liburan gini bikin mager &amp; laper ya twips :( untungnya DELIVERY @bakmigilapku READY !! :D 0761-7691009 bb:21390049,Tidak Ada
"Surabaya hawa nya selalu menggoda deh setiap hari Minggu. Bikin MAGER terus, ya kan? #SantaiSiangSiang w/ @TOGAambarita",Tidak Ada
Ujan nya bikin mager,Ringan
#Cumannanya mager dari tempat tidur kalah: a.hujan b.libur c. ...?,Ringan
Ini serius gje agak kurang ajar sih soalnya blm nge email email leader kota buat konsep bieberthday tp gue mager bgt *minta digaplok*,Ringan
Laper tapi mager? Delivery aja via jasa kurir @omethree_BCS pesan makanan apapun jadi mudah! 02261562250 / 087825845667 / Pin:757f2457,Tidak Ada
Laper tapi mager? Delivery aja via jasa kurir @omethree_BCS pesan makanan apapun jadi mudah. 02261562250 / 087825845667 / Pin:757f2457,Tidak Ada
"Hari Senin ya? Ayo semangat untuk kalian yang sekolah, yang sedang libur dan mager selamat bergulat dengan kasur..",Ringan
Mosok njaluk dijemput ?? :D RT @IbheLanuary: Mager min :|,Tidak Ada
Kita nntn @Infotemen_ttv dan diterusin dgn @Korslet__TTV yuk. Minggu sore nya pasti makin mager dgn hadirnya acara2 wajib nntn kaya gini. =D,Tidak Ada
"Yang punya plan buat lari pagi tapi paginya malah mager dan masih ngantuk banget, you're not alone.",Ringan
Bisa gak kalo tempat nongkrong hits nya pindah ke dalam kamar gw aja? Pengen malem mingguan tapi mager kak!,Tidak Ada
Hanya bisa mager... mainan kayu deh...,Ringan
#Cumannanya mager mandi sore karena...?,Ringan
Disuruh buat mie malah mager nntn sinetron \(`⌂´*)/ ahh...buat kesel aja tuh pembantu satu !!!! \(`⌂´*)/,Ringan
#SepatuCewekID Kebiasaan pagi kamu mager / mules / ngantuk ?,Ringan
Hai sore sore hari ini hari termager spertinya tapi harus ttp smgt nah gmna tuh mager tapi semngat haha pikir sendiri deh~ xD,Tidak Ada
"Ini rata rata jawab ""males"" ""bisa pergi ntar gak bisa pulang"" ""mager"" ""pergi kalo ada yang anter"" ok terimakasih.",Ringan
"""@ZonaNgaco: Mager adalah bahasa latinnya dari seorang pemalas gawl #ngaco""",Tidak Ada
Udah sampe kantor tapi masih mager gara-gara hujan? Cobain nih tips XLent dari kita...,Ringan
"kalo mager dihati abang ada ga??? “@rendrasoedjono: Jakarta pagi ini 24 derajat celcius, pasti banyak yg jadi Mager dirumah :))”",Tidak Ada
"Bangun pagi ujan, siang ujan, sore ujan, malem ujan. Yang masih sekolah/kuliah, jangan mager yaa! semangat!! :))",Tidak Ada
"Selamaat paagi sahabatkuu..hujannya udahan dulu yook,pweaseee :( bikin org jadi mager *tarikselimutditengahkemacetan",Ringan
"Yooikkk jadi nanti malam jam 20.00 WIB jgn kemana2.. Hujan bikin mager kemane2, mending di rumah aje nongton #SUPER di @KompasTV 👌",Tidak Ada
selamat siaaang... hari minggu yg sangat mager wkwwk,Ringan
Good Morning! Cloudy Sunday nya bikin mager banget nih! Siapa masih di kasur?? =p #EBSZonaSemangka w/ @TOGAambarita,Ringan
#RemajaIndonesia Udah mandi blm? Udah / belum / mager ?,Ringan
"tehreer us ki hai, mager dil... khat parrhtay huey atak raha hai",Ringan
"Mblo :O «@jujunhidayah: Kak, malem ini mager di kosan? »",Tidak Ada
Mager banget mau kerja -__- ',Ringan
"Ujan jam segini, hari sabtu, dingin, di mana cuaca dan harinya anak-anak sekolah pada mager buat mandi dan ke sekolah.",Ringan
"ayo sebutkan sebanyak-banyaknya bahasa-bahasa gaul jaman sekarang yang elu tau?cth : Mager, Keleuss, dll #IndikaSORE",Ringan
maafkan saya yang tiada pulsaaa QAQ //mager,Ringan
lalin'a saat ini jalur puncak'a lengang...cuaca'a berkabut pagi ini..bikin mager..hehe (via @blackredshogun),Tidak Ada
Harpitnas+Banjir+Macet= MAGER seharian di rumah. Tapi jadi asik kalo ditemenin #HITSyangKamuSuka di #TRAXLAGEE bareng @StevenFirdaus ^^,Tidak Ada
Mager maximal. gamau bgn from my bed,Ringan
#cumannanya mager move on dari kasur kalau: a.hujan b.hari libur c. ...?,Ringan
":( yaah semangat yaRT @ilfaniauliya: Gabisa brgrk, udh mager bgt:(""@danangpostman: Pagiii ujan banyak yg ...",Tidak Ada
"Ayo tetep semangat bro sis, walau dimana-mana banjir dan hari ini hari kejepit jangan pada mager yah :p",Tidak Ada
"Pagiii ujan banyak yg mager, berarti saatnya kita bergerak #HANTAM",Ringan
"hayooo siapa yang mager banget buat bangun pagi ini? kasih tau kita yuk, hal apa sih yg bikin kawula muda mager? #GinaInTheMorning",Ringan
Apa sih yang bikin kamu MaGer (males gerak) sepanjang hari Minggu ini? ~~@firmanfauzan di Hit Hot...,Tidak Ada
#cumannanya mager mandi sore kalau..?,Ringan
"Mager banget, tapi disuruh belanja ke warung sama mamah? Ini solusinya! Haha.",Tidak Ada
Setiap mendekati Februari ujannya deres banget begini… Jadi mager..,Ringan
Cuacanya bikin mager dikamar 😴😴😴😴🙈👌,Ringan
#CNEnjoySunday mager itu kalau lagi: a.baca novel b.nonton film c.main game?,Ringan
Ujan dingin jd laper tp mager,Ringan
"Tweeps,ga prgi olahraga pagi? Masih mager ya? Ya udh nonton @ceriwis_transtv, trus bljr masak sama @AlaChef_TransTv &amp; jln2 brg @WOWW_TTV yuk",Tidak Ada
Siang2 gini jadi ngantuk? Mager? Jangan gt dong. Nonton @BI_TransTv PREMIERE aja ya.,Tidak Ada
"Udah sampai mana neh global listeners? ada yang masih mager di kantor atau ditempat hangout, males pulang ke rumah? #ComfortZone",Ringan
"Sore ini dingin bgt ya, jdi agak mager -_-",Ringan
"Hahay RT @felinekeeper: ""Udara yg bikin Mager. Males Gerak."" - Kosakata gue hari ini dipersembahkan oleh @CutMemey",Ringan
"Tuhan, mengapa cuaca jam stengah 10 pagi ini terasa seperti jam stengah 7 pagi? *mager*",Ringan
Ampun deh ini cuaca. Bikin mager makin menjadi. Bikin ngantuk lagi.,Ringan
"hujaaan~~ mager tp... semangat ya ahaha -___-""",Tidak Ada
#sobatisenk lbh sering mager / agresif / aktif ?,Ringan
"greget ih sama kamu, kamu nakal banget! bikin aku gelisah kangen unyu unyu gitu ih :3",Tidak Ada
"#Menfess to @roboticjunhong aku kebangun masa, mana jam segini galau. Galau karena laper tp mager dan karena kangen kamu eak :v fr:anu (?)",Sedang
#Cumannanya mager buat mandi karena....?,Ringan
Mashal-e-aatish h ye ishq-e-mohabbat.... Roshan to krti hai mager jala-jala kr...,Ringan
Sabtu: hari mager sedunia.,Tidak Ada
"#cumannanya yes or no, mager dari tempat tidur kalau cuacanya lagi mendukung (hujan) ?:)))",Tidak Ada
#cumannanya yang biasanya bikin kamu mager dari tempat tidur?,Ringan
"Pakistan main Na gas Na bijli Na pani ,Na Roozgaar Hay Mager Sub is ko Faramoush Ker Kay "" Musharraf Key Peechay Lagyy Huwy Hain ..WHY...",Ringan
"Ketika hape lowbet, tapi mager buat ngambil chargerannya. Pfftt..",Ringan
"#Aries itu kalau malas ya jadi-nya mager, asal-asalan ngerjainnya. tapi kalau udah niat banget, pasti sungguh-sungguh. rapi dan memuaskan.",Ringan
50 fact aku&lt;3 no reanswer no mager&lt;3 loveyou&lt;3 — sbb ya 1.Namanya indah sugih cahyana 2.dipanggil indah 3.kelas...,Ringan
#Cumannanya mager dari tempat tidur kalau: a.hujan b.ga pengen kemana- mana c. ....?,Ringan
"Ada yang sebenernya laper banget, tapi mager juga buat makan.",Ringan
#cumannanya Mager buat mandi pagi kalau: a.hujan b.ada acara tv fav c.asik main hp c. ... ?,Ringan
Pagi + Dingin + Hujan + Selimut + Kasur = MAGER ( Males Gerak ),Ringan
cimanggis masih hujan. Jadi mager *Males Gerak* (via @tijih_andri),Tidak Ada
#cumannanya biasanya mager ke Kamar mandi kalau...?,Ringan
"Jenuh,mager,gondok pkk nya sada"" nya dah",Ringan
#CNHoliday2013 Mager mandi sore kalau: a.hujan b.ada acara tv fav c.ngantuk?,Ringan
"Kapan si lu rajin -,- RT @rifkarifai: Mau mandi, mager. Mau nyetrika, mager. Mau packing, mager. Hari ini temanya : bener-bener mager",Tidak Ada
"Haitiku ada penjaganya /\'3') RT @itsapcho: Mager di hatimu boleh?? '3' ""WeGotLoves: Yang masih mager mana suaranya? -__-)//""",Tidak Ada
._. RT @Lawliet_RPindo: Aduh aku lagi di wc susah eeg RT WeGotLoves: Yang masih mager mana suaranya? -__-)//,Tidak Ada
"KODE &gt;&gt; RT @pjyweirdo: Akuuu!! Jiy belum mandi malah:""p ""WeGotLoves: Yang masih mager mana suaranya? -__-)//""",Tidak Ada
Yang masih mager mana suaranya? -__-)//,Ringan
#cumannanya mager dari tempat tidur karena?:3,Ringan
Mau ke kampus tapi mager. Sekian,Ringan
#cumannanya Mager mandi sore kalau: a.hujan/dingin b.ada acara tv fav c. .. ?,Ringan
Semoga tetap semangat dan produktif ya di hari berbahagia ini. Jangan mager apalagi bersedih. :),Tidak Ada
#cumannanya mager banget kalau udah: a.baca novel b.main game c.nonton acara tv fav d. .. ?,Ringan
"Hazaron gham hain, jo mujhe masroof rakhty hain... Mager Tum anmol itny ho k phir b yaad aaty ho.",Ringan
"@sharilacikal hahaha hujan tau mager ,aku mau naik gunung nih jummt ikut yuk mao??",Tidak Ada
"@ficocacola gak bilang ihh... mager euyy.., udah pewe. Coba dari td... :|",Tidak Ada
"Tau defenisi dari ""lapar2 brengsek"" ??? Ya, semacam lapar, tdk ada makanan dirumah, diluar hujan, mager tommki. Duh!",Ringan
"/seret ke lapangan/ RT @oxeoseha: Gamau ah mager ""WeGotLoves: HELLO LEADER SNSD DISINI'3')/ IKUTI KAMI BIAR SEHAT DGN SENAM YANG IYA IYALAH",Tidak Ada
@ivfadil insyaAllah kalo ga ketiduran + mager. Lu mau nonton kesini ?,Tidak Ada
"Haseekk ""@FitryNL8: kalo uda nonton @BREAKOUTNET moodboster banget dah, galau,resah,gelisah dsb berubah jd happy :D""",Tidak Ada
Bosen? Ngantuk? Mager? Nonton @sketsatranstv ajah dijamin sembuh deh tuh semua symptoms2 yg disebut tadi. =D,Tidak Ada
#cumannanya mager mandi pagi kalau: a.hujan b.ngantuk abis c.ga pengen ke luar rumah d. ...?,Ringan
#GrandFinalTopChefID mager buat mandi sore karena?,Ringan
Buenos Días Madridista.. Happy Sunday! Hujan mengguyur ibukota nih.. Mager banget di balik selimut hehe.. Bagaimana cuaca di kotamu??,Tidak Ada
Kok alasan mager? Kan abis ibadah jalan keluar juga bisa buang sampah di luar RT @J_Amisastro: Itu biasanya pada magerrr tuh hahaha,Tidak Ada
tu mera kuchh nahiN lagta hai mager jaan e hayaat!... jaanay kioN teray liye dil ko dharrakta dekhuN,Ringan
#LoveCumerz suka mager kalau udah: a.internetan b.baca novel c.main game?,Ringan
@ohshixun gak usah sis mager. tq. HQHQ,Tidak Ada
"Tapi kalo lagi mager kemana-mana tapi harus isi pulsa, pake M-Banking aja lah... Udah pada punya kan?? #MbankingXL",Ringan
"Hujannya bikin mager. Cuma pengin tiduran, selimutan, dengerin lagu.",Ringan
Jis Dil mein Ishq Nabi (Sallahoallhewassalam ) Nahi Lakh sajde kar le mager asar nahi,Ringan
"Hahaha sama! ""@bewoktipis: Mager banget ini. Kasur ada doubletip keknya. Dengarkan, 123 km harus mandi 123 km harus mandi *hypnotisselfie""",Tidak Ada
"@chawrelia nggak harus sakit, kena mager aja udah bisa begitu.",Tidak Ada
"Jangan mager atau nunda2 waktu. Susah deh kalo dikit2 males gerak dan ujung2nya tugas kuliah tertunda. Sekali mager, selamanya mager!",Ringan
Duileh Moyes giliran udah gol baru deh berdiri... Kalo belum gol pasti mager..,Ringan
@BeauBrooks_RP mager bgt gue berdiri dari kasur wkwk najong dah lu siap2 jadi pacar kedua ya:*,Tidak Ada
Mager dikasur :&amp;,Ringan
@sehunsgurl tapi aku cut gitu sepotong sepotong soalnya (MAGER SUBS SEMUA DALEM SATU HARI) sekarang baru yang sekai moment aja yang di sub,Ringan
ps yuk.. — gaah mager,Ringan
"tol priok cawang ada apa ya, kok mager bgt... (via @indahnunny)",Tidak Ada
"Kalo udah di kasur, bawaannya mager.",Ringan
"Anak kecil yg gak bisa diem di kereta itu, rasanya pengen banget aku buang lewat jendela",Tidak Ada
Mager di kosan emg mau kemana bro? RT @IqbalSobari_S: netmedia_info Masih mager d kostan nih min,Tidak Ada
"@UtyLestari - samaan pengen ngemil tapi mager ujan. haha. eh uty, td yg lu ritwuit cantik tuh. temenlu ya? hahaaaa",Tidak Ada
"krik RT @bora90301: Gangguin pacar orang jang /? ""WeGotLoves: kalian biasanya kalo minggu2 gini ngapain? ada yg beres2 rumah,mager atau",Tidak Ada
"kalian biasanya kalo minggu2 gini ngapain? ada yg beres2 rumah,mager atau gimana?",Ringan
Cuaca dingin bikin mager? Itu gejala #hausbandel namanya! Yuk minum @nugreentea yg bikin badanmu seger lagi,Tidak Ada
"describe gueee — Orang mager sedunia, kenal kamu waktu main bareng julius, ariani, anak vg tapi aku ganyadar wak...",Ringan
@OddieGETAH not too much. tapi kok rasanya mager ya mau usaha buat buka portal neraka. kecuali ada remote control-nya.,Tidak Ada
"Dah siang ""kredit"" macet ni perut gw! Mau jalan jadi mager.... Huuufffttttt!",Ringan
"Ujan bawaannya males kemana-mana. Jalanan becek, macet, mager juga.",Ringan
"50 facts danish+imperr, no mager! — Ganteng Alayyyyy Perhatian Baik Cowok Ank bskt No punggung ganti2 Pacarku Ma...",Ringan
Ciee yang baru bangun ciee yang masih mager dikasur ciee.. keliatan banget jomblonya /?,Ringan
"Mager tingkat tinggi, remote TV tidak terjangkau, sinetron elang tetap ditonton. Telp dari pacar, rumahnya kosong, capcus.",Ringan
"Iya iyaa. Aku yg salah. Iyaa. RT @SandyNyo: Males gerak, urip ndek malang pirang taun min -_- ""mahasiswamlg: Mager iku oposih rek? *serius",Ringan
Mager iku oposih rek? *serius takok*,Ringan
Mager Singkatan dari kata males gerak. “Laper tapi mager.” - See more at:,Ringan
"Main Zehr To P Loon Shoq sy.! Mager,Shart ye Hai.! ..*MOHSIN*.. Tum Samny Bath kr Sansoon ka Taslsul 'TOOT'TA",Ringan
mager banget pengen tidur lagii 😩,Ringan
"Karena cakung, badan ini menjadi mager. #ciat",Ringan
"B ga janjian ktm ""@neoakulelakimu: Aku malah msh mager... Titideje ,siang ketemu ""B"" lunch bareng yaaaa LalaSeksi""",Ringan
"mager ngetik keles, besok aja keles&lt;3 — Yaudah keles",Ringan
pap sm ka fandy skrg dong teeh kalo ga mager siih... — Udah pulang-_-,Ringan
Ngapain nih enaknya? Besok udah Senin lagi pula. Errr.. Mager.,Ringan
"maksa e RT @sahrulapp: Diam nan""Isnan_16: Kebiasaan RT @sahrulapp: kungkum di wc""Isnan_16: Mager di rumah (more)",Tidak Ada
"Kebiasaan RT @sahrulapp: kungkum di wc""Isnan_16: Mager di rumah min RT @SMABA1_YK: Weekend pada kemana nih?""",Tidak Ada
Mager di rumah min RT @SMABA1_YK: Weekend pada kemana nih?,Tidak Ada
Perasaan lg campur aduk rasanya. Semua hal gak bisa diungkapkan. Cuma bisa diem aja.,Tidak Ada
#CumersHappySatnite Mager bgt kalau lagi....,Ringan
"Malem minggu mager? @PinggSnack Siap menemani malem minggu #PINGGaddict, hub. 2B0367D8 / 081910005071 #adv",Tidak Ada
"Btw, lagi mendung ya? Pasti pada mager ngapa-ngapain. Pasti pada tiduran. Pasti pada meluk guling.",Ringan
"Saking nggak tau enaknya ngapain, sekarang jadi ngantuk begini. Hari Sabtu emang hari magernya mager.",Ringan
"Yang orang bilang seger, yang gue bilang mager. Mandi~",Ringan
Knp sih diciptakan kata mager? Bikin org jd mager deh. Unfortunately im the queen of mager!,Ringan
#isenkRelationship Ya / Tidak lagi mager ?,Ringan
"Mager nih mau makan, pesen @sambal_hijau aja deh :D",Tidak Ada
"Tuh Lazadians, kalo kamu laper tapi mager. Order makan aja di @foodpanda_ID Banyak pilihan makanan, gak kena macet dan byk diskonnya lagi :)",Tidak Ada
"Selamat Pagii.... Bekasi, Cuaca bekasi pagi ini dingin, Jadi jangan pada Mager Sekolah sama Kerja ya :)",Ringan
"pengen hujan, besar menggelagar.. #mager",Ringan
@catatansiDoy mo tidur gueh. Besok terbang ke Bali.. Gue tunggu dr maghrib ampe mager nggak dateng2 lo.,Ringan
"Jadi adem kan hatinya RT @jamesames19 Cuaca mendung,plus dengerin @INDIKA9160FM brian mcknight yng di puter..jd mager bwt kerja",Tidak Ada
"Kan, aku salah kan :((( RT @irfinafm: Jah -_- ""@wiranagara: Penyanyi apa yang males ngapa-ngapain? Mager zain~""",Ringan
"Tuh kan malah ngejek :(( RT @reraafn: Pinterrnyaa mas wira.. ;) ""@wiranagara: Penyanyi apa yang males ngapa-ngapain? Mager zain~",Tidak Ada
"Aku salah ya? :( RT @restirahmadhani: -.- ""@wiranagara: Penyanyi apa yang males ngapa-ngapain? Mager zain~""",Ringan
Penyanyi apa yang males ngapa-ngapain? Mager zain~,Ringan
Cc: @eruraauff nih ada yg mager! :)) “@Nicko_Rendhy: Ujann mlu jdi males kerja :-|”,Tidak Ada
"Laper tapi Mager? Delivery aja via @jasakurirku, pesan makananan apapun jadi mudah. Sms: 081313957781 / Pin:2972197C",Tidak Ada
"Kalo hujan trs jadi mager --""",Tidak Ada
@KenRaka_ ye serius nyante aja.. Kalo mager yoda gausah.. Sensitip amat sih lo,Tidak Ada
tu mera kuchh nahiN lagta hai mager jaan e hayaat!... jaanay kioN teray liye dil ko dharrakta dekhuN,Ringan
"Global listeners, siapa yg msh kejebak macet /mager di kantor karena Jakarta lg padat?! sampe nanti jam 12mlm ada @jayadixon di #ComfortZone",Tidak Ada
#RemajaIndonesia Kamu Udah / Belum / Mager buat mandi pagi ini?,Ringan
"Hari senin macet? mager? @PinggSnack Siap menemani #PINGGaddict, hub. 2B0367D8 / 081910005071",Tidak Ada
"Intinya malam suro ya seperti malam"" biasanya , cuma bsa mager di rumah -_-",Ringan
"U.U .Lagi apa nun? ""@VansTiffany: Mager wehh""VansKai_: Napa lu nun? "" @VansTiffany: Mager aaaaa""",Tidak Ada
"Udah enak kali ""@amaliamslm: Mager""",Tidak Ada
@Zedd29 Sabhi insan hain mager ~Farq sirf itna hay Kuch log nibhatay hain~ Kuch aazmatay hain @binakapur @bittumathiya @zarmee9211,Tidak Ada
Tum mager yeh kya jaano Lab agar nahi hilte Haath jaag uthte hain Haath bol uthte hain Subh ki azaan ban kar #NoonMeemRashid,Ringan
"@SilvinrlA huahaha tapi beneran. Mager banget malem-malem keluar. Gue mah anak rumahan, tjoy. :p",Tidak Ada
"Buat yg mager, ngintip #LCnewsingle #TPT #Teaser2 aja , trus standby bwt bsk jam 5 yak!",Ringan
yang hari ini mager dan pengen tiduran seharian.. #retweet,Ringan
"Malem minggu mager? @PinggSnack Siap menemani malem minggu #PINGGaddict, hub. 2B0367D8 / 081910005071",Tidak Ada
"1 rupia 1 lakh nahi hota, Mager fir bhi 1 rupia 1 lakh se nikal jaye to wo lakh bhi lakh nahi rahta #WhenItsAboutMoney",Ringan
tu mera kuchh nahiN lagta hai mager jaan e hayaat!... jaanay kioN teray liye dil ko dharrakta dekhuN,Ringan
Waaah “@albellee: Yaqeen hai koi dua be asar na lotegi..khaloos-e-dil se mager koi ilteja to kare #Iltija #shair”,Tidak Ada
"*kesel, ga serem kaya setan Batsheba ""@fajarshidiq21: Dih maenannya kaki *tarik kaki na ala Conjuring ""@fajarshidiq21: Masih mager dikasur",Tidak Ada
"*tarik kaki na ala Conjuring ""@fajarshidiq21: «« Masih mager dikasur dan masih ngantuk (=|""",Tidak Ada
astaga pondok cabe mager bener gak gerak2 (via @PutriAdzanti),Tidak Ada
"Entah yaa kalo kamar udah berantakan, mager banget ngeberesinnya.",Ringan
#YukIsenkNanya SudahMandi / Mager ?,Ringan
"@Cindvia_JKT48 mmbosankan,,mager dikamar,,istirahat seharian",Tidak Ada
Siang ini ditemenin @agdwin @ toag_ebs bakal nemenin siang mager kamu di #EBSReqSiang sampe jam 3 sore! :D,Tidak Ada
"@heri_h_ ahaha mager bgt bangun yak , tp itu bkn selimut hahahav",Tidak Ada
#cumanNANYA lagi mager bgt buat...,Ringan
"Kok, guweeeh? RT @sepianadevi: Ujung2 nya ga mandi nih. Mager bgt buat mandi astaghfirullah!! Ketularan elo nih yung.",Tidak Ada
Mager buat beli cemilan keluar rumah? Beli di Tokopedia aja! #SnackTokped,Ringan
hari ini mager di kamar seharian.. uda lama ga begini...hello dvd... HBO etc... 😍📺🎥🎬… (at Roemah Rasamala) —,Ringan
"Colek bapak ibu dosen biar males ngajar.. #ehh &gt;&gt; @safirannisa: Lagu2nya @swaragamafm siang ini bikin mager &amp; males brgkt kuliah lagi (--,)",Tidak Ada
"Jarang, jaraaaaang banget saya nemu yang pacarannya #TerlaluLama, dalam hati kecilnya bahagia. Lebih banyak gelisah, mau dibawa kemana ~",Tidak Ada
"Matahari nya masih ngumpet sampe siang ini, mager is at maximum level.",Ringan
Jan pap dong jangan males malu ataupun mager pap selfie ya — Maluuuaah,Ringan
Mau mandi aja mager,Ringan
Dengerin lagu2nya John Mayer lagi jam2 ngantuk begini rasanya bikin jadi John Mager.,Ringan
"*gelisah bacanya...""@bali_hottop: biar bisa nafsu tiap hari cz demen banget ng*nt*t bottom yg pas kringetan n njilatin kringetnya",Tidak Ada
@interwin - trnyata liverpool maennya jam 10. tp aku ud mager ke hanglekir. hehe,Tidak Ada
"@varelliaerend yang lama, aora kan deket situ, ngga jauh dari Mandiri... iya... lupa mulu deh, terus kadang suka mager hahaha!",Tidak Ada
Bawaannya mager padahal banyak kegiatan. Maybe i'm missing you.,Ringan
Pengen joging tp mager bgt-__- ayooo riaaaaa,Ringan
@zenwidjanaka baru bgn dab...n mager...,Tidak Ada
"Ada yang mau ngupilin gw ga? 10 ribu per ons deh,mager nih.",Ringan
Hayo.. Ada yang malam ini pengen makan di luar tapi lagi mager alias males gerak? :D | #ZoDa,Ringan
"Sejak pake iBanking &amp; SMS banking, gue gak perlu ke konter buat beli pulsa, gak perlu ke toko buat beli barang~ Mager aje~",Ringan
MAGER bgt ...!!!!,Ringan
#cumanNANYA paling mager itu kalau lagi.....,Ringan
@setiawanyogy @Dim_zy @Uus__ @babecabiita @anantarizki kamar penuh santet bkin mager,Tidak Ada
#Smexolution paling mager kalau udah...,Ringan
Insomnia adalah laper tapi mager.,Tidak Ada
Hari ini fix banget Mager 😪,Ringan
Gak di apa2in -_- org mager masih ngantuk HAHAHA :( RT @qayyumiyumi: @hanggini RAMBUTNYA DIAPAINNN ITUUUU?????:(,Tidak Ada
- Bhool To Jaon Main Us Ko...........!!!! Mager Mere Pass Rahe Ga Kiya........!!!! #UrduPoetry,Ringan
RETWEET yg besok mager banget masuk sekolah!,Ringan
@HarryS_CHB iya nak=)) lagi mager. Ciye sama kaya swip=))),Tidak Ada
Hari minggu ? mager ? jangan dooong! mending naik #BISSekolah sama @nabilapewe &amp; @larasnk dari jam 5 sampe jam 8 nanti ! #DaBest pokoknya!,Tidak Ada
#cumanNANYA mager banget kalau lagi...,Ringan
"Yups, msh bingung nelpon tp ga ada pls?mau ke counter pls tp jauh/mager?tunggu aja kuis #XLShare rangers bakal kasih pulsa gratis ke kamu :)",Ringan
"Y RT @Angelina9gian: O ""@hanggini: Tau gak y guys...aku ngantuk loh.....tp mager....udh gitu aja....""",Ringan
Tau gak guys...aku ngantuk loh.....tp mager....udh gitu aja....,Ringan
Laper nih baru bgn mager sarapan RT @Monica_Pricill: @hanggini jeh?? Galau lagi ya?? Gak laper?? ._.,Tidak Ada
Hoaam.. Pagi- pagi harus ke kampus untuk ngurusin skripsi *mager,Ringan
Hidup - Perangkat Mager Deteksi Lansia ketika Terjatuh,Ringan
Soalnya tadi ada cowo keliatan straight tapi curi2 nyenggol burungku. Aku biarin aja..eh dianya yg keliatan gelisah banget.,Tidak Ada
"3. Pacar mager gara-gara nonton/game, SMS/BBM diabaikan. #LDR",Tidak Ada
"(19) The importance of productivity. ""mager""= ""malas gerak"" tidak akan berlaku untuk orang2 yg paham pentingnya 'produktif'. #TLDM #YOT",Ringan
Wo Humsafar tha mager us say humnawai na thi #FawadKhan #quratulainbalouch #QB,Ringan
hujan engga cuma angin sama petir bikin #mager pd aren tangsel (via @chapunksibontot),Tidak Ada
"Bete banget nih kayaknya, mager banget nih. Mending seru-seruan bareng RYO // JOEY, GANDHI dan juga INDRA sampe jam 8 nanti #KompakKampus",Ringan
"masih, via transfer aja :) RT @redzkyanjar CD RK msh ada ga ? Pen ke store mager -_-",Tidak Ada
"😂“@MissSharena: Gilaaa ini badan masih mager amat yah, tepar dulu yah kita sayaang MrRD_sit *lambaikan tangan ke kamera*",Tidak Ada
"Saya tdk diet, saya anaknya mageran jd gak gendut2 karena makan aja mager. #TipsDietAlami",Ringan
minggu tuh hari paliiing mager sedunia ya. Alias maleess gerakk!:p laper?delivery @lele_nengcitra ajaaa ke 2A8DEFBC,Tidak Ada
Kamu dulu deh. ^^ RT @gitarjatuh: mati aja koh ^^ RT @aMrazing Mau sarapan tapi mager. Tapi laper. Tapi mager. Tapi laper. ┐(´_`)┌,Tidak Ada
"Males gerak. :)) RT @merylind: @aMrazing apa tuh koh ""mager""? :D",Tidak Ada
Mau sarapan tapi mager. Tapi laper. Tapi mager. Tapi laper. ┐(´_`)┌,Ringan
@nurrihardi omg kak aku gak lari2an lg loh...mager larri2,Ringan
#cumanNANYA lagi bosen / lagi mager?,Ringan
#cumanNANYA paling mager itu kalau lagi ngapain?,Ringan
"Kamu orangnya ‘Mager’ atau nggak itu dapat ditentukan saat kamu udah di kasur, ngantuk, tapi lupa matiin lampu kamar..",Ringan
Ini banget. RT @sessaxuanthi: Laper tapi mager,Tidak Ada
RETWEET! Kalo lo hari ini mager banget masuk sekolah.,Tidak Ada
Mager dan pusing |=,Ringan
"""Us Dushman Sy Mat Daro Jo Tanhai Main Tum Per War Kary Mager Us Dost Sy Daro Jo Mehfil Main Tumhari Izzat Pr War Kary"".",Ringan
Mau pergi tapi rasanya mager banget,Ringan
"Kalo emang sayang, didiemin, dicuekin, gak dikabarin, itu bikin dia gelisah banget. Emang agak lebay, tapi ya emang gitu. Pasti gak tenang.",Tidak Ada
MaGer = Males Gerak,Tidak Ada
Siapa bilang mending nahan boker daripada nahan kangen? Nahan boker mah kagak enak banget. Gelisah gimana gitu rasanya. ._.,Tidak Ada
"hari Minggu ini males ngapa ngapain, mager ~(-_-""~) (~""-_-)~",Ringan
Selamat. Kamu normal. RT @liaolalaalesana: Yung kenapa yaa kalau mandi pagi itu bawaannya mager bgt :3 -____-,Tidak Ada
#ErtigaFotoKontes paling mager kalau udah browsing / denger lagu / nonton tv ?,Ringan
Helo! @RADHINI_ hadir di #TraxLagee menemani anak trax yang lagi mager krn hawa-nya udah liburan banget yah. Mau mager pake lagu apa? Xx,Tidak Ada
#CumersAwesome udah fix mager kalau lagi ngapain?,Ringan
"#SKULDESAK masih dlm suasana libur lebaran, @StevenFirdaus @CiaWardhana dan TA @vickooy siap nemenin lo. Siapa yg mager parah hari ini???",Tidak Ada
"Jadi beli satu buat seumur hidup ya to -_- ""@titosaniy: Nah, nek udh enggak mager km cuci popoknya :p ""@cimolljellek: Popok dewasa -____- """,Tidak Ada
Mudik malam hari sampe siang hari ga akan takut “Mager” (Males Gerak) karena kamu sudah punya aplikasi2 canggih untuk tahu lokasi #XLShare,Ringan
Kasian -&gt; RT @hanggini: Mager gue kak RT @kendallJenner : woyyy jeehhh bukain gue pintu kali gue di tinggal sendirian di ruang tv!! Bukain.,Tidak Ada
Mager gue kak RT @kendallJenner : woyyy jeehhh bukain gue pintu kali gue di tinggal sendirian di ruang tv!! Bukain.,Tidak Ada
"Kamarnya @Dim_zy dan @donooo182 ini sm2 mengandung santet, bkin org ngantuk trs dan mager",Tidak Ada
"Kitaab meri , qalam mera , soch b meri, mager jo likhay hain main ne baab us k hain...!!",Ringan
Paraah RT @rYaann04: @mustang88fm #SIGAPP88 abis sahur bareng @suryainsomnia @molanku @felixsaputra_s di kantor gw nguap2...mager...,Sedang
@fxabre yu mager mulu,Tidak Ada
mager sekolah,Ringan
"Awal libur kan awal bulan jugaa, emak kaya lagih nap ""@hanaapii: Kan awal libur kamis,mager iih abis buat bukber nih RT @ayuariantii: Ayooo""",Tidak Ada
"Rasanya ada yang gak beres, padahal semuanya kelihatannya normal-normal aja. Bawaannya mager padahal banyak kegiatan. Maybe i'm missing you.",Ringan
mager tapi semangat! \m/ RT @malessblues: bikin mager ae dah #RockWeekend @kisfmjakarta,Tidak Ada
"Yg sibuk mager (males gerak), bisa kale neh nlp ke *977*5# pake nomer @XL123.. Bs ngobrol brg kite jg tuh!",Tidak Ada
Pagi2 + hujan + dingin = mager banget :| #TulisanPELAJAR,Ringan
males gerak RT @Natasya0906: @OFChristyersPDG Mager tuh emg apa min ?,Tidak Ada
"kan kici mager,pst blm ._. RT @Amalia_CY: baru jg bangun udh tidur lg ci ._. udh mandi blm?? ._. RT",Tidak Ada
"mager tuh ada dihalaman ci RT @mi_ChristyChiBi: i am M.A.G.E.R , what about you?",Tidak Ada
"Well, ada. Cuma gue belum pasang antena sejak pindahan. Mager. :| RT @yusufhelvi: Ga relevan banget,bilang aja g ada tv haha",Tidak Ada
"Pingin karaokean tapi mager? Kalo gw, tinggal klik aja bisa karaokean dimana aja. Seru!",Tidak Ada
"Mager? Nih ada yang bikin seger Tunjukkan Struk Belanja Anda Min 200 rb &amp; Dapatkan Sprite/Coca Cola/Fanta 1,5L Seharga Rp 6.900/botol",Tidak Ada
Good morning hardrockers! semoga mendung tdk bikin mager! Seperti biasa @arykirana &amp; @bayuoktara menemani sampai jam 10 nanti #GMHR,Tidak Ada
Dinginnya. Mager latihan kan tuh,Ringan
"Sesaat lagi, Kak \m/ ""@muhammadiqbal00: nunggu @BreakoutNET .........mager hahahahaxD""",Tidak Ada
"jalan arah terminal tj.priok macett,, kontener nya pada mager *mending cari jln laen dehhh (via @qqnurul2506)",Tidak Ada
. Ye Haal Hai Ke Kaii Raastay Hain Pesh-e-Nazar...* Mager Khayaal Teri Rah-Guzar Ko Jaata Hai...!!! Poet :#AhmadFaraz #UrduPoetry,Ringan
"@denastyputri iya, bikin mager dari kasur sebenernya, memperbanyak ibadah di bulan suci, hahaha!",Tidak Ada
""" Kabi us insaan ko mat khona. "" Jo tum ko Dil se Dua Deta ho... "" Warna Dua to ho gi Mager ""Dil se Dene wala nahi ho ga... Hazrat ALI(AS)",Ringan
@alvy_asky mager parah... Ujan pula di rumah gue. #SahurHore,Ringan
"Tapi gimana caranya biar ga mager alias males gerak untuk Tarawih? Pertama, ini penting nih: pas buka puasa makan jangan banyak2!",Ringan
You don;t like contraception or what?? RT @Asimbilal7: @Razarumi me ne prog dekha ni pura mager mera fav. hai mufti naeem sir g,Tidak Ada
"""liburan gini bawaannya mager + laper ya twiips. [\(¯ε¯“)/] order @lele_nengcitra aja yuk! (`▽´) PINbb: 2A8DEFBC""",Tidak Ada
"Ayo senam kegel sama abang. RT @Rasyiidah: mager yang ""@mahasiswamlg ‏#CeritaSiang mu?....",Tidak Ada
#nowplaying : The A Team - @edsheeran buat @nasibuea dari Gonzaga yg berencana mager seharian di kamar. Selamat mager :p #SchoolingDown,Tidak Ada
Kalo udah mager (males gerak) udah gak bisa di apa apain,Ringan
"Si apin ngajak ke pantai, tapi mager ga ketulungan -___-"" #maafyapin",Tidak Ada
BBM = Bangun Bangun Mager,Ringan
"woooiii..pada mau kmn siiih, ini toll TB.Simatupang mager gini ngekor smpe GT pndk pinang.. (via @echawulan)",Tidak Ada
"Si Sisi ngajakin Tasya ngantri BBM. Tapi Tasya gak mau, soalnya mager dan katanya bisa mengurangi kecantikan dia. #ASEEEK",Ringan
"@fakeqrew /cium/ bau yang. haha, mager aku",Tidak Ada
Mager bangun dari tempat tiduuuuur -__-,Ringan
"tehreer us ki hai, mager dil... khat parrhtay huey atak raha hai - #ParveenShakir",Ringan
Hiksss mager bgt sekolah☹,Ringan
"*mager tapi kelaperan* [\(¯o¯“)/] *kemudian invite 2A8DEFBC* ""delivery @lele_nengcitra kece! always standby"" (`▽´)",Tidak Ada
yuk ke ya :) RT @vinkawidj: Kalo yang mager ke gramedia buat beli bukunya bisa aja sis beli bukunya online,Tidak Ada
Mager. Males gerak. Makan. Males balikan. Mati. Males tidur.,Ringan
Justru pademangan ladangnya makanan!RT @ladykeii: Laper. Mager keLuar + ga tau nyari mkan disini dimana. Hmmm,Tidak Ada
"@tiniiiz_RP iya baru bangun. Masih mager, jadi nanti aja :)",Tidak Ada
Itu bukan lagu kami mas bro.. :) *huff RT @DJ_Ningratt: lagu tuh kena banget? sepi gelisah @burgerkill666 featuring pasha ungu,Tidak Ada
"""liburan gini bawaannya mager + laper ya twiips. \(¯ε¯“)/ order @lele_nengcitra aja yuk (`▽´) PINbb: 2A8DEFBC""",Tidak Ada
"Pulang gak yaa, mager-,-",Ringan
"Di toko-toko terdekat :) RT @bayupasgel Badan lemas banget nih, konsentrasi menurun,gelisah,aktivitas terganggu. Dimana beli mizone? #lagiKO",Tidak Ada
@sofieanasofie mager ya istilahnya :)) ^ik,Tidak Ada
"Duh, yg hari minggunya di rumah doang nton TV sambil tidur2an, mager keluar rumah karena masih jomblo ckck.",Ringan
"""yg laper dan mager kayak mimin.. \(¯ε¯“)/ ayoo di add pin bbnya @lele_nengcitra 2A8DEFBC, order yuuk~"" (`▽´)",Tidak Ada
Hirup mah tong loba teuing mager. Karena mager itu singkatan dari makan pager. Bahaya anjeeer. Teuas. #tips #KAW,Ringan
Tai. mager gue mau sekolah.,Ringan
*semangat tatik2an selimut :o RT @nur_ainii_ainii *tarik selimut lagi* RT @1031Genfmsby: ngantuk mager?nyemangatpagi @Ruli_MC @dessydecyl,Tidak Ada
seninnnn ujannn ngantuk mager??? lgsg nyemangatpagi ajaaa mariii @Ruli_MC @dessydecyl,Tidak Ada
"#logikagagal =D RT @walleydjajadi: Twit @hitmansystem cuman dibaca, tapi MAGER untuk berubah ahaha",Tidak Ada
Mager bangettt harus ya pergi? Huaaahhh,Ringan
"jaksel dan sekitarnya gimana keadan lalinya? Mager nih,ada info2 ga,nonton final champion yg seru dimana?? :) (via @cengengesboys)",Tidak Ada
"Tarah Tarah Sey Bhulaya Mager Yeh Haal Hua, - - Her Aik Khayal Sey Paidaa Tera Khayal Hua. #SHAIR #shairi #urdupoetry",Ringan
Mager alias Males gerak gara2 Jogja diguyur hujan ?? udah yukk begadang bareng #RajaInsom @indraabhimanyu sampe jam 2 pagi di #Ins0000mnia,Tidak Ada
Kalian keparat! @gianluigich @cacash ! #lompatkekasur #nulisdiary #tapigapunyapulpen #beliketoko #mager,Tidak Ada
"Pagi-pagi begini bukan cuma ngerusak mood, tapi bikin mager!",Ringan
RETWEET! Kalo lo mager banget sekolah hari senin.,Tidak Ada
Sabtu: asik besok libur! Gue mau jalan ah! | Minggu: *twitteran di rumah seharian* #Mager,Tidak Ada
yg lagi mager dirumah bisa dengerin @radiogarasi bisa dari PC / HP buat nemenin kamu kamu.. kamu.. dan kamu menghabiskan malam minggu,Tidak Ada
". Dhond Raha Hou'n Mager Nakam Hou'n Abb Tak,,,* Woh Lamha Jiss Mai'n Tu..... Yaad Na Aya Ho..!!! By oWner Jamshaid",Ringan
Morning! Yang udh bangun dan ga mager nntn @Statusseleb yuk,Tidak Ada
"Ngantukzzz hoam ""@Tweetnesian: #RemajaIndonesia aku jadi mager mandi kalau...... ?""",Ringan
did you... did you just say MAGER?!? fix harus nonton video ini: RT @isinfules: mager banget pengen bobo ajaaaaaa ;(,Tidak Ada
"..... iyadeh -_- RT @irfanfd: @gaharugalih jam 9 ya, gue mager, belom mandi, belom belajar, belom sapu, ngepel, nyuci baju, belom dapetin",Ringan
Pada telat gara2 kereta berenti ada yg bunuh diri. Untung gue lama keluar rumah soalnya mager. kl ga bisa emosi sendiri dikereta,Ringan
wo barq-ru tha mager reh gaya kahaaN jaany... ab intizaar kareN ge shikasta-paa us ka - #AhmadFaraz,Ringan
"Dia gak bisa masak yah""@kenvixxeu: kmprt ayah lg mager, minha aja suruh masak ayah mau nyobain masakannya --"" RT @HSangHyeok: @kenvixxeu """,Tidak Ada
Mager beeeettttttt dah,Ringan
"Double Header Videos with @aaronashab 9 Indonesian 'Words' Fix, Ngaret, Selow, Woles, Mager, PW, JAIM, Lebay, Galau",Tidak Ada
"FIX, NGARET, SELOW, WOLES, MAGER, PW, JAIM, LEBAI, GALAU Owh Indonesia, How I Love your creativity",Sedang
Pengennya besok gak masuk tapi ada ulangan praktek mager banget sumpah -___-,Ringan
baru bangun. mager..,Ringan
"@maafbercanda @ikramarki @benzbara_ iki meh do mangan ora? Nek ora, aku mager di rumah. Nitip si Adi wae.",Ringan
Laper akut?mau pergi tp mager alias males gerak ;p delivery order di @lele_nengcitra aja ke 081388518939/2A8DEFBC,Tidak Ada
Yang lagi BETE dan MAGER.... #RETWEET YUK!,Ringan
"Rumah drakula jauh di kastil, pantes aja mukanya pucet, mau ke alfamart mager #gakepikiran",Ringan
"Rumah drakula jauh di kastil, pantes aja mukanya pucet, mau ke alfamart mager",Ringan
"Musuh terbesar kita = diri kita sendiri. Hawa nafsu, ego, idealisme, males, mager dll. Jadi sblm nyalahin orang lain, coba kita ngaca dulu..",Ringan
"@ifansuksesor wah kamu keren kaya macgyver! :p oke, lanjutin cita2 kamu dalam belajar hal baru ya! fokus dan jangan mager! :D",Tidak Ada
"Saran mimin, rajin2 cari info tentang hal2 yg pengen kamu pelajarin. Satu lagi, harus niat dan jgn mager alias males gerak :D",Ringan
scumbag perut: jam-jamnya makan malem nggak ngerasa laper. begitu udah mau tidur tengah malem eh laper dan udah mager.,Tidak Ada
"Have a nice day mamah~ aduh mager mah ""@TL_9MKyungRi: Pagi anak ku tercinta, srapan jgn lupa ya ^^ RT @HSangHyeok: Pagi mamah """"",Tidak Ada
bhahahahah!! RT @eugeniussalim: #nl Cowo Mager - Naskah @kisfmjakarta #OnTheRadio cc: @Emphiet_lerpe,Tidak Ada
"Jujur selalu keren, nak. RT @_jimbot Mager bet bang-_- RT ""@ficocacola: Solat gih :))""",Tidak Ada
@TL_9MKyungRi mager mah (´._.`),Tidak Ada
#SehelaiInfo | Feature One Touch dari @SonyXperiaID #XperiaZ bikin sharing macem2 jadi lebih praktis! Nggak bikin mager :)),Tidak Ada
"Ada yg mager, ada yg maceng (males ngaceng)",Ringan
"ayo udah engga ujan, cuss RT @hendryOrigami ujan boski, bikin mager",Tidak Ada
@maafbercanda @benzbara_ @utieed Do misah2? Tak mager aja nek gitu~,Tidak Ada
"alesannya oke RT @bagasbegudal Bukan mager min,duitnya gede takut g ada kembalian",Tidak Ada
Selamat pagi kalian yang niatnya mau cari makan tapi memilih mager dan kelaperan…,Ringan
hayoo siapa yang udh bgn tp masi mager dikasur? haha. bangun yokk. tp jgn cuma buat cek hp aja yaa! pfffttt. #kebiasaanAGJ #RiseNShine,Tidak Ada
our mager day! dvd-an aja sambil peyukan unyuh deh! @adrarmnsco,Tidak Ada
gua ( ‾̴̴͡͡( •̮.̶̮.̶̮•̮ ) ‾̴̴͡͡ʃƪ) RT @bapzellaw: Ada yg mager mandi. Ada. Pasti ada. Ngaku coba.,Ringan
bisa ga sih nulis twitlonger dari bb? Mager banget balik ke kamar,Ringan
Tidak ada yg seberat dan se-mager mandi. #gayungquotes,Ringan
"@qronoz iya, trip kemarin memang sengaja lama di ubud untuk cari ide tulisan. beberapa hari terakhir di kuta kok. tapi itu juga mager. :))",Tidak Ada
"Messi gelisah banget,haha #BarcaMatch",Tidak Ada
@wayanresi mager ah diatas hahaha hpku jg aku lepas memorynya._.,Tidak Ada
"Ik raat bahuu ne kisi gair merd ke saath guzari, mager saas ne kuch na kaha, bhala kiun, kiun ke saas bhi kabi Bahu thiiiiiiiii",Ringan
Mana K Tum Hasen Ho Tumen Haq Hain Shararat Ka. Mager Kisi Ki Jaan Chali Jaye Shararat Yun tu Nahi Kartey.. Follow @Azeem_MsG send 40404.,Tidak Ada
"Nah, udah banyak juga nih YOTers yang berpendapat mengenai ""mager"" karena cuaca. Saran admin, jangan jadikan cuaca sebagai penghambat ya :D",Tidak Ada
"Mau tanya dong, sebesar apa sih pengaruh cuaca di luar rumah sama tingkat ke-""mager""an kamu? Sharing yuk ;)",Ringan
"@Agen_YoonaGG nonton gajelas nun, gendut loh nun kalo mager",Tidak Ada
Setiap ingin pergi dan udah siap. Berturut-turut ada aja penghalangnya. Say sorry deh :( bikin mager~,Ringan
"Yang kejebak ujan, kejebak macet, atau lg mager di rumah, ayo teriak Houwooooh dua kali bareng @putishasty | #HEGARMANAH Houwooooh Houwooooh",Tidak Ada
"Semoga hujan deras semalam nggak bikin mager ya, karena pasukan pagi #Yourfriends In The Morning udah siap bikin pagimu seger! ;)",Ringan
Harii mager sedunia apalagi ujan #tarikselimut,Ringan
"Laper tapi ngantuk,mager deh jadi'y..",Ringan
"""Pane bikin beta gelisah... Pane bikin beta jatuh cinta... Pane parlente"" Ini syair lagu #AmbonManise #bongabonga banget #pelancongsosial",Tidak Ada
Request lagu yang bisa bikin kamu gak mager! Sekalian kirim salam dan absen nama sekolah/kampus/kantor kamu. Sms 08122011059. #SAPIPERAH,Tidak Ada
"Terimakasih partner mager sedunia di rumah jeki seharian,goodnight @angkinasih @yunitaaraya @ionaaulia",Tidak Ada
"@ulijandro heeh kmn lo hari ini, aku bosyan tp mager jg, lama2 kerumah lo aja nih gue bawa segunung dvd...",Ringan
Aey Dharti Na Ghabra Abhi Hum Zinda Hain Chaye Yeah Pal hai Mushkil Mager Hum Qaim Hain.,Ringan
ayo semangat sayang{}RT @Caesar_Demas: mager banget ka kampus,Tidak Ada
Good morning☀ Yak! kembali mager lagi ke sekolah.. *yawn*,Ringan
semangat ya kerjanya ;D RT @Emphiet_lerpe: #mendengarkan cowo mager @kisfmjakarta #OnTheRadio,Tidak Ada
"sekarang mah kebanyakan mager -_- dan males dancing seperti biasa, karna kondisi fisik terlalu lemah",Ringan
@MhmmdFaisal kaga dah mager lu bilangnya kemaleman,Tidak Ada
besok hari jumat tapi rasa senin #mager,Ringan
"Batre gue sampe lowbat tau-_- mager ahh:pRT @farichaaaa Stalker:p iya kalo gak di ping2in gak bangun haha,iya syng kesini ya:*RT @Viccent22",Tidak Ada
"@NilamArdianti iya nih aku mager ke netnya,msh di kamar nih ngendep,hauuufff-.-",Ringan
"""Setiap relationship itu gak selalu bahagia, tapi setiap relationship itu selalu berharga."" #MarioUUN #kecu #preek",Tidak Ada
"Ical memang beban bagi Golkar RT @Aktualco: ARB Jadi Capres, Penghalang Golkar Koalisi dengan PDIP",Tidak Ada
"Kadang2 sumber-sumber luar seperti lingkungan kerja, beban pikiran terlalu banyak atau masalah pasangan dan keluarga yang jadi sebab utama",Tidak Ada
"gak smua relationship berjalan bahagia... yg jelas relationship itu pasti berharga...""""",Tidak Ada
Tidak ada pembanding yg wajar utk hutang luar negeri yg jadi beban anak cucu hingga puluhan tahun @cuapolitik @taikbanteng @tutihand_,Tidak Ada
Lumayan beban tp mau gak mau hrs dijalanin. Bismillah aja..“@Anha_Willyanha: Kang @DennyCagur gmn sih rasanya jadi orang ganteng?,Tidak Ada
"Suka memendam perasaan dan beban emosi sendiri, sering jadi stress. Yuk coba lebih terbuka dan berdamai dengan diri sendiri. | @GraphoTips",Tidak Ada
Jangan jadi beban jangan jadi beban lupain lupain lupaaaiiiinn,Ringan
"@achmadchaedar bisa jadi, malware/virus bisa memberikan beban kerja yg tidak diperlukan pada sistem dan prosesor #TanyaIntel",Tidak Ada
"@romyabdillah yap, boleh jadi ada beban ke arah ke situ, ditambah Barca sebelumnya jg kalah.",Tidak Ada
"cari metode yang sesuai dengan diri kamu, kalo bisa di ganti supaya menyenangkan, jadi belajar bukan jadi beban. #ask @NidhaAlhak24",Tidak Ada
"Bagaimana mungkin beban jadi ringan, kalau kita tidak pernah menolong &amp; meringankan beban orang lain?",Tidak Ada
Pertambahan Jumlah Penduduk Jadi Beban Pemerintah - Tribun Medan,Ringan
Transfer Juan Mata adalah yang termahal yang pernah dibayarkan MU. Apakah itu jadi beban buat dia?,Tidak Ada
"Pertanyaan penting ""@agustinatyas: mas, honor saksi jadi beban APBN itu dasar hukumnya apa ya? Saya telusuri tapi ndak nemu.""",Ringan
"Oh, jadi sodetan/sudet itu jalur tembusan yg sengaja dibikin buat ngalihin sebagian beban air ke tempat yg lain, toh.",Tidak Ada
"#NewsBPN Beban Kuliah, Psikolog: Bisa Jadi",Tidak Ada
"pengen jadi anak kecil lagi rasanya, bisa bermain, tertawa tanpa punya beban pikiran apapun :)",Tidak Ada
"Semua beban kehidupan bisa diringankan dengan cara melepaskan, kecuali hutang. Hutang jadi ringan jika dibayar, bukan ngemplang! #wiRABUsaha",Tidak Ada
"Aku gak tau ketika aku salah,tapi yg aku tau kita bisa memperbaiki kesalahan apapun itu dan menjadikan pelajaran yg berharga.",Tidak Ada
Angkat Beban Bikin Postur Anak Jadi Kerdil?,Tidak Ada
ngerasa gagal gak bisa numbuhin kepercayaan buat kamu,Tidak Ada
"oke ya..yg mau merapat ke Gerebeg Mulud, gak usah bawa barang2 berharga. riskan karena banyak orang + berdesak-desakan juga.. #waspada",Tidak Ada
Masih aje nyalahin yg lain pdhl akibat diri sendiri ;),Tidak Ada
"Terus ini mau nyalahin diri sendiri lagi? yaelah, mau ngga mau. Hehehe",Tidak Ada
Kalo gini beban Adil Rami jadi berat ya.,Tidak Ada
"Berharap TNI/Polri Netral, Presiden: Pemilu Tidak Boleh Jadi Beban Rakyat",Ringan
Paolo Cannavaro Tak Mau Jadi Beban Napoli - | Mobile:,Ringan
"Kalo samasama berjuang, jarak sejauh apapun gak jadi beban ☺",Ringan
"Farhat Abbas : ""Sepatu Gue Lebih Berharga Dari Omongan Deddy Corbuzier Yang Gak Bermutu""",Tidak Ada
Sebagai anak pengajian sama ngerasa (sedikit) gagal. Masalah kaya gini aja gak tau :|,Tidak Ada
pengen jadi anak kecil yang pikirannya masih belum punya beban dan seneng-seneng terus :),Tidak Ada
"Jadi presiden itu, harus kuat ngangkat beban berat. Beban rakyat.",Tidak Ada
Pengen jadi anak kecil yang pikirannya masih belum punya beban dan seneng-seneng terus...gak kaya sekarang. :'),Tidak Ada
"11 Pengusaha Kecil pertama kali muncul di UU no 8 th 1983 dan dijelaskan ""mendorong pengembangan usaha kecil"". Jadi soal beban. #PMK197",Tidak Ada
"Pekerjaan itu bukan beban, itu tanggungjawab, dan pekerjaan bisa jadi juga kesempatan untuk menunjukan seberapa berkualitasnya dirimu. ~",Tidak Ada
pengen jadi anak kecil yang pikirannya masih belum punya beban dan seneng-seneng terus :),Tidak Ada
"Gagal Usaha langsung trauma, ngerasa ga punya takdir jadi pengusaha. Wajar kalo hidupnya gitu2 aja.",Tidak Ada
DPRD: Pemekaran Desa Baru Jangan jadi Beban Kabupetan,Tidak Ada
"Kalo udah suka ama kerjaan, liburan malah kadang jadi beban. Entah kenapa",Ringan
Jk ada muslim yg blm di murtadkan maka wajib bagi org Kristen yg jadi majikannya utk menimpakan beban yg amat berat &amp; menerornya #SANBENITO,Tidak Ada
Berlatih beban merupakan cara efektif untuk membentuk otot lengan Anda jadi lebih kencang. #TrainingFacts,Tidak Ada
Berlatih beban merupakan cara efektif untuk membentuk otot lengan Anda jadi lebih kencang &amp; tdk menggelambir. #TrainingFacts,Tidak Ada
"Perempuan gak bisa punya anak tuh sudah jadi beban paling psikologis, kok ya kamu tega menduakannya (dimadu)? Dan demi ngewe pula!",Ringan
"Ketika gagal km bakal ngerasa bener2 sendirian. Siapkan keluarga /ortu kamu utk jadi motivatornya, lebih ampuh ketimbang teman/pacar",Tidak Ada
LPI: Popularitas Ical Jadi Beban Golkar - via @tribunnews,Tidak Ada
Ical Dianggap Jadi Beban Golkar Pada Pemilu 2014,Ringan
"Kadang kita perlu beristirahat dari diri kita sendiri, jadi orang yang berbeda, menanggalkan semua beban dan menikmati apa adanya kita.",Tidak Ada
"Awalnya memang beban, tp bagi saya itu jadi porsi yg udh semestinya, karena masalah besar di jadikan untuk orang yang besar juga!",Tidak Ada
Sehingga bila kita menunda pada waktunya dijamin akan jadi beban untuk waktu yang lain,Ringan
Single itu ga ada beban &amp; ga jadi beban! #GerakanJombloGaTakutWeekend,Ringan
Semoga jadi motivasi RT @FransHS_ID: @goal_id kemungkinan sebagian pemain punya beban mental karena sebelumnya kalah dari Thailand.,Tidak Ada
"Pantes langit lagi sering mendung, kamunya cantik banget sih. Cerahnya matahari aja kalah, jelaslah dia minder~",Tidak Ada
"Kematian pasti datang kepada kita. Mendekat tanpa isyarat, menerjang tanpa penghalang, menghancurkan tanpa beban. Jadi siaplah menyambutnya.",Tidak Ada
"Tp kalo hrs beli sesuatu yg dibutuhkan, tp gak berharga khusus,tetap berpatokan utk membeli barang yg memuaskan,drpd menyesal kemudian hari.",Tidak Ada
"Masih pagi, harusnya gue masih tidur. Sebagai anak gaul, gue ngerasa gagal karna telah bangun pagi. :( @namapacar",Tidak Ada
"Padahal jadi pacar yang simpel-simpel santai aja enak loh, nggak nambahin beban hidup.",Tidak Ada
"I-Listeners, pernah gak anda nemuin barang berharga..tapi gak anda kembaliin ? #soresore",Tidak Ada
Ngerasa gagal dan langsung ngundurin diri. #respect lah sama Zola.,Tidak Ada
"3. Jadi kalau ada Interisti yang masih membahas Calciopoli, jelas mereka tidak tau BEBAN MORAL yang sedang ditanggung mantan Presiden mereka",Tidak Ada
"Jadi Fans JKT48 tuh udah Berat, duit abis buat ngidol, pengen foto bareng harus ngedit, salaman bayar. udah, jgn tambah beban mereka,kasian",Tidak Ada
"Namanya juga gandengan, kalo nggak jadi pengekor, ya jadi beban.",Ringan
"Sebelum nyalahin orang lain, ada baiknya kita koreksi dulu diri sendiri.",Tidak Ada
"Skrg HP gue ilang, gue gak dpt balesan serupa. Tp ttp ga blh blg gak adil. Bisa aja gue dibalas Tuhan dgn kesehatan. Lbh berharga.",Tidak Ada
"14. Kadang2 saya bepikir, lebih enak jadi orang biasa. Tidak pusing, tidak banyak beban, hidup santai dan ceria",Tidak Ada
"Kematian pasti datang kepada kita. Mendekat tanpa isyarat, menerjang tanpa penghalang, menghancurkan tanpa beban. Jadi siaplah menyambutnya.",Tidak Ada
Kuncinya adalah bagaimana sejarah disampaikan secara menarik pd peserta didik. Bukan malah jadi beban bagi peserta didik,Tidak Ada
"Makanya gak Heran betapa ""Berharga""nya seorang Jokowi bagi rakyat saat ini, metode sederhana blusukannya menjadikan dia pejabat Non Gengsi",Tidak Ada
Berlatih beban merupakan cara efektif untuk membentuk otot lengan Anda jadi lebih kencang. #TrainingFacts,Tidak Ada
Berlatih beban merupakan cara efektif untuk membentuk otot lengan Anda jadi lebih kencang. #TrainingFacts,Tidak Ada
"Lalu dengan mempertahankan subsidi maka beban jadi ringan?? IQ? ""@Gerindra: beban subsidi BBM pada ekonomi kita dapat menjadi sangat berat.""",Tidak Ada
Tolong jangan susahkan orang. Jangan jadi beban orang. Jadi manusia yang banyak memberi kudrat. Bukan menerima.,Ringan
"Kematian pasti datang kepada kita. Mendekat tanpa isyarat, menerjang tanpa penghalang, menghancurkan tanpa beban. Jadi siaplah menyambutnya.",Tidak Ada
rasanya aku ingin jadi anak kecil yang bisa tertawa lepas tanpa beban :),Tidak Ada
"Hal apa yang biasanya buat lo ngerasa ""GAGAL MOVE ON"" ??? Sammy - Pandji on #POPIKU SMS 081 511 103 103 Indovision Channel 508",Tidak Ada
"Ciri2 org ngerasa ad salah, tb2 kabur menghilang!!~ keg nya sih takut akting nya kebongkar, maklum cita2 jd seleb gagal sih LOL",Tidak Ada
40' Target Emas jangan jadi Beban lahhh!!! Come On ditunggu Militanmu!! Rawe2 Rantasss Kawannn,Ringan
"Bekerja, jangan mengeluh. Kalau mengeluh, beban kerja jadi makin bertambah. Selamat Hari Senin Tuips!",Tidak Ada
secara pembebanan pun tidak jauh berbeda koq: berapa rupiah yang mampu direalisasikan para PNS dalam 1 tahun? itu jadi beban kerja,Tidak Ada
"Gara gara Gengsi, adat dan Nafsu, Menikah jadi Susaah, Beban dan Mahal. Ayoo Introspeksi.",Tidak Ada
Tips Saat Pikiran Penuh Beban Agar Jadi Ringan,Tidak Ada
"@oliviahrynt Oke, aku suka kata-kata kamu. Mulai sekarang gak usah bahas kita, karena kita terlalu berharga dari sekedar kata-kata. :)",Tidak Ada
Semua masalah ini memberikan byk sekali pelajaran berharga yg gak akan pernah aku dpt di sekolah manapun ;),Tidak Ada
"Ngutangnya stlh punya anak malahan RT @dea27dea: Kalo belum siaap menikah jangan nikah dlu,daripada hrus ngutang Bank jadi Beban kan",Tidak Ada
"mending kangen yang nggak berbalas sih daripada kangen tapi gengsi. yang penting kan udah diungkapin, biar nggak jadi beban dan pikiran aja.",Ringan
"Mereka yg bersyukur pada Tuhan meski dalam cobaan, Tuhan akan ubah beban itu jadi berkah. Maka jagalah iman tetap di hatimu..",Tidak Ada
BUMD DKI Kok Malah Jadi Beban,Ringan
Jadi sebenarnya generasi sekarang lebih ingin diakui sebagai aset perusahaan ketimbang hanya sebagai beban ya.,Tidak Ada
"Eh,,, aduh,,, ih,,, @Om_Duda @andrelfvino Gak mungkin aku nyindir kamu, kamu terlalu berharga buatku #ciyeeh",Tidak Ada
`Beban Pikiran` Bikin Hidup Manusia Jadi Dinamis,Tidak Ada
"Jd peramal mungkin enak, bisa tau kejadian di masa depan atau masa lalu. Kl kata km nyenengin atau jadi beban? #SILIWANGI with @vinisteven",Tidak Ada
"@rchrissalim boleh juga tuh bro, jogging jadi salah satu pilihan warming up sebelum latihan beban.",Tidak Ada
SBY bisa jadi beban bagi Arsenal :) @savicali: Layak di cc SBY. :) RT @zuhairimisrawi: Ikhlas krn sdh 20 kali juara :),Tidak Ada
"@maulanaaida bisa jadi yang tanpa kegiatan menghasilkan, bahkan jadi beban orang lain",Tidak Ada
"Intinya kalau tidak mau profesional dan taat sumpah profesi, berhenti saja jadi dokter. Hanya beban bagi masyarakat @Rusdi_Ucok",Tidak Ada
"#dokter Jika kaum terdidik, juga dokter, lupa esensi ilmu maka ilmu itu justru jadi beban hidupnya ( كى لايكون عقله وعمله حجة فيزداد عقوبة)",Ringan
Jika profesi dokter sudah jd beban kalian. Sekalian berhenti jadi dokter utk selamanya saja. @okayudhistira @asbonbon,Tidak Ada
"Koalisi Parpol yang Semu, Cenderung Jadi Beban",Ringan
"""Lucu kalo ngeliat apa yang tadinya jadi beban bisa berubah jadi hadiah dari Tuhan."" - @demasryan #TNO",Tidak Ada
"Sadar diri emang nyakitin, iya yang awalnya semangat banget tapi pas udah liat diri sendiri kalo punya banyak kekurangan jadi minder. :)",Tidak Ada
"@Mirzahamam coba dengan pola menaikkan beban setiap set-nya bro.. misal set 1, 10kg naikkan set 2 jadi 14kg, set 3 jadi 18kg bro..",Tidak Ada
"17) Memiliki passive income selain memiliki bisnis sampingan,penting utk hari tua. Tentu Anda tidak ingin jadi beban utk anak2 bukan?",Tidak Ada
Gak pernah bisa memakai mug hadiah pernikahan dari @katanieke. Terlalu berharga jika terjadi kecelakaan...,Tidak Ada
"Nanti pasti ada gantinya. :) &gt;&gt; @antoniemasta Target karir gagal RT @swaragamafm: Cerita, yuk. Aku pernah ngerasa #putusasa karena___",Tidak Ada
"Makanya perlu banyak doa dari orang2 :) "" @ideanas: itulah resiko jadi orang populer :) makin populer makin berat beban &amp; tanggung jwb anda",Tidak Ada
"Menurut anda, barang berharga apa yg gak pantas digadaikan? Alasannya? Telp 021-72800858/72800886 #SoreSoreSeru",Tidak Ada
LO SEMUA NGGAK TAU SIH!! JADI KEREN ITU BEBAN! :(,Tidak Ada
"HITSSS PUOOLL!!! @GileLoeNjen: tugas pada numpuk blm kelar,klo ditemeni @1031genfmsby ngerjain tugas jadi ringan nggak ada beban loo :D",Tidak Ada
"Jangan gampang nyalahin orang lain atas kesalahan yang dibuat diri sendiri, berkaca pd diri dulu.. biar ga malu.",Tidak Ada
"""Sesuatu yang udah gak ada itu akan terasa lebih berharga"" - Love in Paris",Tidak Ada
@erlangga_id bunuh2an antara sunni-syiah sdh ada jauh sebelum ada negara AS berdiri. ndak usah nyalahin negeri lain. koreksi diri sendiri aj,Tidak Ada
"Jadi, jangan anggap skripsi sebagai beban. Anggaplah sebagai proses pendewasaan dan pembelajaran. Bersemangatlah mahasiswa tingkat akhir!",Tidak Ada
"Kalo udah jenuh sama pacar, ngelakuin apa aja bakal jadi beban.",Ringan
"Ibu,Ayah, maaf jika sampai detik ini aku masih saja jadi beban fikiran kalian,maaf belum bisa membahagiakan kalian,tunggu sampai aku sukses.",Tidak Ada
Beban jadi Ibu Fatmawati itu masih dirasakan Tika Bravani,Tidak Ada
@HotlenJo gue banget tuh. minder &amp; penyendiri..,Tidak Ada
Badan subur itu simbol sejahtera. Cewek memegang prinsip ini. Mereka ngerasa gagal kl belum berhasil bikin lakinya gendut. :\,Tidak Ada
"Bekerja, jangan mengeluh. Kalau mengeluh, beban kerja jadi makin bertambah.",Tidak Ada
Gw usahakan besok ga jadi beban .. @ivydoang @kwieophyta,Ringan
Eva Celia Bicara Popularitas dan Beban Jadi Anak Orang Terkenal,Tidak Ada
Eva Celia Bicara Popularitas dan Beban Jadi Anak Orang Terkenal via @wolipop,Tidak Ada
"Sedekah bukannya mengurangi, malah menambahi. Bakti bukannya jadi beban, malah membuat hidup terasa lebih ringan",Ringan
"""Pada banyak kasus krisis ekonomi,, manfaat pre dan ketika krisis 'diprivatisasi', sementara biaya krisis jadi beban publik.""",Ringan
"#ASahKata: Gak terlalu berharga tapi sering ilang. Buat diinjek-injek. Warna-warni. Ayo tebak katanya, Aslovers! :)",Tidak Ada
Benar agama; harta paling berharga adlh istri solehah “@dalangdigital: Gembel deh tuh si Fathanah. Tinggal isteri yg gak dirampas negara.”,Tidak Ada
Gak akan berharga jika gak ada kalian semua ({}) makasih atas Surpise'a yaa? Semua'a bikin gue seneng :) Happy Best Moment guys :*,Tidak Ada
@gentasat Mungkin karena mainnya jadi tanpa beban.,Tidak Ada
"Dari sisi beban utang? Ya. ""@ndorokakung: jadi kita malah lebih baik dibanding jepang, Jerman, dan Amerika kan?""",Tidak Ada
"@rayafahreza makanya nggak heran kalo jadi bitter, marah2 terus, nuding2 orang terus, di timeline pula. Maklumin aja. Beban hidupnya berat.",Tidak Ada
Berlatih beban merupakan cara efektif untuk membentuk otot lengan Anda jadi lebih kencang &amp; tdk menggelambir. #TrainingFacts,Tidak Ada
"Sering fake smile, untuk nyembunyiin rasa sedih gue.. Dan gamau jadi beban dimata temen-temen gue. #ketik2",Sedang
"@suryairham joging setelah latihan beban juga bisa jadi langkah coolingdown bro, luangkan 5-10menit jalan atau jogging",Tidak Ada
Kadang kadang aku rasa keseorangan Tak tahu nak mengadu dekat siapa Apa yang terbuku di hati Apa yang aku simpan Bertambah jadi beban,Ringan
"@amwidyou kamu beda emang mbak wid, wis langka. Aku kalo digituin jadi beban moral.",Ringan
Gaji dan Tunjangan PNS Selalu Jadi Beban Negara,Ringan
"Dea, 23 tahun, dari kecil dibesarin org tua angkat dan sampai sekarang belum berpenghasilan. Dea ngerasa gagal. Ada nasihat? #TNO",Tidak Ada
"Walaupun hanya sekelas ujicoba, Timnas juga butuh dukungan.. Dukungan suporter bisa jadi terror untuk lawan,skaligus jadi beban untuk Timnas",Ringan
Hatta dituduh ikut terlibat dlm pembunuhan Tan Malaka. Tuduhan dari sebelah kiri ini jadi beban pikiran Hatta berpuluh-puluh tahun.,Ringan
"Ronaldo ngerasa gagal, udah nembak berkali-kali. Begitupun juga dengan Messi, Messi juga ngerasa gagal.",Tidak Ada
Nggak foto. Minder soalnya tinggi banget. ._. RT @lizarahmawati: Ga ada foto jerapah koh?*nungguin*.. @aMrazing,Tidak Ada
"Intinya, kaya si gajah, org di sekitar kita ada yg ngerasa ga mampu melakukan sesuatu, padahal belum dicoba LAGI cuma gara2 pernah gagal.",Tidak Ada
@zonyflippers olahraga kardio yg jadi kombinasi latihan beban (sit up) bisa bantu pembentukan sixpackmu #LFact,Tidak Ada
"Sebelum nyalahin gue, coba deh elo introspeksi diri sendiri dulu",Tidak Ada
"""masa lalu tak perlu lagi jadi beban, bila tak sudi jadi pembantu."" - minke (tuh dengerin, move on sana!)",Ringan
"the perks of being an ambivert: sisi saya yang satu pede nyaris kepedean banget, sisi yang lain minder dan merasa rendah banget.",Tidak Ada
Jangan suka nyalahin diri sendiri. Diri kamu bukan lampu.,Tidak Ada
@Faisalgustian bareng cewek cantik bisa jadi moodbooster pas latihan beban nih bro :) Semangat,Tidak Ada
Berlatih beban merupakan cara efektif untuk membentuk otot lengan Anda jadi lebih kencang. #TrainingFacts,Tidak Ada
"@TVrombeng bener banget. Ayo, jangan minder buat angkat tangan dan @AngkatRaketmu utk Indonesia :) #IniBaruJuara",Tidak Ada
Usaha yg maksimal sekalipun tak berharga kalau diawal lo gak bisa ihklas.,Tidak Ada
"Mungkin kita gak ngrasa berharga,gak berarti dimata kita sendiri n orang lain,tp kita gak akan pernah kehilangan nilai kita sbg manusia #YOT",Tidak Ada
"Semua beban kehidupan bisa diringankan dengan cara melepaskannya, kecuali hutang. Hutang jadi ringan kalau dibayar, bukan ngemplang!",Tidak Ada
Berlatih beban merupakan cara efektif untuk membentuk otot lengan Anda jadi lebih kencang. #TrainingFacts,Tidak Ada
Kalo masa lalu terus dipikirin yang ada cuma bisa jadi beban :),Tidak Ada
"Sampah aja masih ada harganya kalo didaur ulang, lah elu? gak berharga banget~",Tidak Ada
"Mengeluh itu gak ada gunanya, malah bakal ngebuang waktu berharga yg lo punya",Tidak Ada
"Berlarut-larut dalam kesedihan gak baik, cuma bisa jadi beban doang :)",Ringan
"MUNGKINKAH euforia Timnas U-19 kemaren jadi beban tersendiri bagi Timnas senior malem ini yak?? Whatever, judulnya tetep #BantaiChina",Ringan
"kalo gak bisa ngurbanin sapi, ngurbanin foto mantan juga boleh gak yah... cuma itu yang paling berharga :'(",Tidak Ada
BERITA TERBARU --&gt; AES terus jadi beban kepada rakyat,Tidak Ada
beb tau gak? kamu itu harta plg berharga dlm hidupku. | wah makasi beb. :* | entar kalo aku gak punya duit kamu aku jual ya.,Tidak Ada
"Artinya ""everything has a price."" Terima aja, elo gak cukup berharga bagi dia u/ meninggalkan keyakinannya. Tapi ada org lain yg layak. :)",Tidak Ada
Hati-hati ya? Orang minder gampang banget tersinggung.,Tidak Ada
@inshafmalik tubuh kita jadi beban ya bro..,Tidak Ada
"Keren2 banget vespanya,,jadi minder kalo mau ikutan :D RT @ScooteristYAI: Yuks laah merapat :)) #ScootsYAI",Tidak Ada
"Nih buat kamu yang selalu ngerasa gagal saat menawar, MBDC kasih tips buat kamu: #artikelMBDC",Tidak Ada
"Kalo masih belum bisa juga, ya mungkin memang minat si anak ga kesitu. Jangan jadiin ambisi orang tua jadi beban anak. Kalo gue sih ya",Ringan
"Legaaaa, udah lama gak ngebuka pertunjukan Stand-Up. Selalu jadi Head Liner. Beban. Trakhir Agustus 2011. I should do this more often :)))",Tidak Ada
"Para Orang Tua, Jadi Beban di Program Jamkes",Ringan
":( RT @andy_adalah: omdirects_ don, lu mau bikin buku judulnya #PlayboyGagal, gue langsung ngerasa gagal jadi orang ganteng :(",Tidak Ada
Leonardo Bonucci: Dua Gelar Terdahulu Jadi Beban Pemain Juventus,Tidak Ada
"Leonardo Bonucci: Dua Gelar Terdahulu Jadi Beban Pemain Juventus: Berstatus sebagai juara bertahan, Juventus k...",Tidak Ada
"semua orang pasti punya kelebihan, jadi mulailah belajar bekerjasama agar bisa berbagi beban, berbagi pikiran, demi kesuksesan",Tidak Ada
"1d. Jadi, agar ADers tdk uring-uringan karena beban kerja yg dihadapi, maka sebaiknya sebagai bawahan, ADers harus pandai memilah pekerjaan",Tidak Ada
"17) Memiliki passive income selain memiliki bisnis sampingan,penting utk hari tua. Tentu Anda tidak ingin jadi beban utk anak2 bukan ?",Tidak Ada
"@fhiqalarleza3 latihan beban, berenang, bersepeda bisa jadi kombinasi terbaik bro. Lakukan sedikitnya 4x seminggu",Tidak Ada
Tapi beban juga jadi si Christian kalo ngeliat bapak dan kakeknya. Tekanannya gede banget pasti,Tidak Ada
"wkakakak @panca66: Hadeuh, yg satu ngerasa kayak Mandela RT @kompascom: Gagal di Dua Pilpres, Wiranto Anggap Sama dengan Abraham Lincoln",Tidak Ada
"Hadeuh, yg satu ngerasa kayak Mandela RT @kompascom: Gagal di Dua Pilpres, Wiranto Anggap Sama dengan Abraham Lincoln",Tidak Ada
Berlatih beban merupakan cara efektif untuk membentuk otot lengan Anda jadi lebih kencang. #TrainingFacts,Tidak Ada
Murat Yakin: Menang Atas Chelsea Justru Jadi Beban - | Mobile:,Tidak Ada
Mahfud MD: G30S/PKI Jadi Beban Sejarah Bangsa Indonesia,Tidak Ada
"Mendingan jomblo aja.. Enak, pikiran jadi nggak terlalu banyak. Daripada punya pacar, tapi berasa kayak nggak punya pacar. Beban..",Tidak Ada
Main Tanpa Beban Jadi Kunci Kemenangan Praveen/Vita,Tidak Ada
Main Tanpa Beban Jadi Kunci Kemenangan Praveen/Vita,Tidak Ada
@vincentiushenry @Van_deGraaf @hernestch @Prabamax beban dari manee -_- elunya jadi gitu.,Tidak Ada
Berlatih beban merupakan cara efektif untuk membentuk otot lengan Anda jadi lebih kencang. #TrainingFacts,Tidak Ada
@Ardi_Kroco bisa jadi gerakan yg salah atau beban yang terlalu berat..,Tidak Ada
"RK: Kata bobotoh, walikota Bandung ngan 2, Pak ateng dan pak Wahyu, yang bawa Persib juara. Itu jadi beban buat saya. :D",Tidak Ada
Treble Winners Muenchen Jadi Beban,Ringan
cuma gara-gara hal sepele aja kok jadi beban hidup sih aduh :'(,Ringan
"Saat nyalahin hal lain atas kegagalan kamu, kamu nggak memperbaiki diri sendiri. Akhirnya entar terulang lagi.",Tidak Ada
Coba cek semua alasan kamu yg menjelaskan knp gagal PDKT. Lebih banyak nyalahin orang lain atau koreksi diri sendiri?,Tidak Ada
Berlatih beban merupakan cara efektif untuk membentuk otot lengan Anda jadi lebih kencang. #TrainingFacts,Tidak Ada
"@kangtora @jokowi_do2 mobil murah hanya akan jadi beban seluruh rakyat, termasuk rakyat miskin",Tidak Ada
beban ram penuh bs jadi @ardiprr,Tidak Ada
suka minder kalo liat perbedaan aku sama mantan kamu kayanya aku jauh banget dari dia :''(,Tidak Ada
"Lepasin aja kalo udah nggak tahan, atau udah bosan, atau malah udah jadi beban. Jalannya nggak akan enak kalo dipaksa. :)",Ringan
"harapan nanti malam untuk Evan Dimas dkk pastilah kemenangan, tapi semoga tidak ada beban yang membuat langkah kaki jadi berat #timnas_u19",Tidak Ada
Berlatih beban merupakan cara efektif untuk membentuk otot lengan Anda jadi lebih kencang. #TrainingFacts,Tidak Ada
@rigiehere benar bro olahraga harus menyenangkan.. Jgn jadi beban..,Tidak Ada
Jangan dibiasain jadi beban hidup orang lain.,Ringan
"pagi #OCDivers ingat wanita tidak akan berotot dgn angkat beban, tapi jadi slim and sexy!!",Tidak Ada
"@adityaSetiadji bisa jadi bro, toleransi tubuh saat angkat beban baiknya sesuai kemampuan kita karena otot tendon punya regangan maksimal.",Tidak Ada
Sayangnya sudah gak nyalon :( RT @PlasaMSN: Deddy Mizwar: Kasus Dul bisa jadi pelajaran berharga bagi orangtua,Tidak Ada
"tanggung jawab itu dikerjakan, bukan hanya dipikirkan dan dihindari, lalu selalu jadi beban ke mana-mana. skripsi misalnya. selamat pagi :)",Ringan
"Di kalangan kampus, sastra bahasa asing dianggap jadi beban? Simak detailnya:",Ringan
"Walau halangan rintangan membentang, tak jadi masalah dan tak kan jadi beban pikiran",Ringan
"Setiap pekerjaan itu ada resikonya, jadi itulah yang harus ditanggung oleh mereka, beban sosial dari prestasi. #ask @vi_osi",Tidak Ada
"@yogiOfficialFan latihan beban jadi kurang maksimal bro, kan tenaga awal terpakai :)",Tidak Ada
melupakan seseorang yg berharga itu gak mudah n gampang,Tidak Ada
"Yorrys: Kalau Pencapresan Ical Dipaksakan, Bisa Jadi Beban Golkar",Tidak Ada
"Semua beban kehidupan bisa diringankan dengan cara melepaskannya, kecuali hutang. Hutang jadi ringan kalau dibayar, bukan ngemplang!",Tidak Ada
"@tehdiandramanto waduuuh, jadi beban atuh. Kita asyik2an aja orangnya ;) Nuhun, teh Dian",Tidak Ada
"@Bukune asalkan niat utk saling melengkapi, gak bakal ada ngerasa perasaan kehilangan, kangennya jd gagal egois. #CurhatLDR #bukuneFM [3]",Tidak Ada
"RD berharap anak asuhnya menganggap JADI JUARA DUA bukan BEBAN, tapi sbg MOTIVASI!! |",Tidak Ada
"Sorry, gue punya waktu yang lebih berharga dibanding harus ngadepi orang gak penting seperti lo.",Tidak Ada
cowo itu ga suka menunjukan rasa sedih ke pasangan nya biar gak jadi beban. #KC,Sedang
"Kalau kita x fikir xde tekanan,jadi tekanan adalah satu beban dalam hidup kita.",Tidak Ada
@Fauzan_Rizqi bisa bisa bro.. Badan kita juga bisa jadi beban...,Tidak Ada
Sopir jadi kurir sabu karena punya beban cicilan kredit motor #Peristiwa,Tidak Ada
Malah korban PHK disuruh jadi wiraswasta. Tanpa skill dan beban UMP yg tinggi :) @drahandri,Tidak Ada
"Melakukan latihan yg sama tiap kali berlatih bs bikin bosan. Jadi, tingkatkan beban latihan utk meningkatkan hasilnya. #FitnesFacts",Tidak Ada
"Siap2 mau olah raga... Siapin barbel, ganti beban... Ganti baju sport... Trus...... tiduurr... Cape ngga jadi lagi deh olah raga nya...",Tidak Ada
RD punya pengalaman berharga dari hasil gak maksimal lawan Barito |,Tidak Ada
@aryapradita Jadi dibahas. Bagaimana kalau kita membedah perusahaan seperti Gudang Garam? Kita lihat komponen Beban Usahanya.,Tidak Ada
Berlatih beban merupakan cara efektif untuk membentuk otot lengan Anda jadi lebih kencang. #TrainingFacts,Tidak Ada
"Sebisanya bantu orang lain... Kalau belum bisa, yah jangan jadi beban bagi orang lain :)",Ringan
"Bersatu saling membantu dan meringankan beban, begitulah seharusnya, sesuatu yang sulit insyAllah akan jadi mudah #ACT",Tidak Ada
Punya rencana beli gadget baru? simak disini tipsnya biar kantong gak bolong dan gak jadi beban utang...,Ringan
"ngerasa gak gagal jadi anak depok, setelah nongkrong di pancong :|",Tidak Ada
"Semua beban kehidupan bisa diringankan dengan cara melepaskannya, kecuali hutang. Hutang jadi ringan kalau dibayar, bukan ngemplang!",Tidak Ada
B bisa jadi paling sedikit punya beban pikiran. mereka malas ambil pusing &amp; lebih memilih spontanitas-terarah.,Tidak Ada
Beban Pokok Gerus Laba Bersih Antam Jadi Rp 373 Miliar,Tidak Ada
Sampah jadi beban baharu bagi Terengganu,Ringan
"@newsplatter soalnya kalau dalam matematika perpajakan, plus plus itu artinya beban yang harus dibayar jadi dobel om",Tidak Ada
"@gm_gm impor kita mayoritas barang modal yang baik bagi pertumbuhan ekonomi, tapi ada juga yg selalu jadi beban ekstra: BBM Bersubsidi.",Tidak Ada
"Yg hari ini diwisuda, selamat ya. Sudah resmi jadi pengangguran dan beban negara.",Tidak Ada
cantik banget queenka-queenka elegan aku minder. RT @chanzino: @ustadchen salam sayang,Tidak Ada
"Gak papa dia marah, supaya dia tahu kalau kebiasaannya itu gak baik. Supaya dia tahu kalau waktu kita jg berharga.",Tidak Ada
hidup lo kayaknya cuma jadi beban aja!,Ringan
Gak ada hal yang lebih berharga selain belajar menghargai :),Tidak Ada
Omong Kosong Ahok Jadi Beban Jokowi,Ringan
"maaaaap .. di konser ATL/ARTTM ntar mlm JAVA GAK nyiapin tempat penitipan barang seperti biasanya, so jangan bw barang berharga ya..",Tidak Ada
"!! RT @AdrieSubono: maaaaap.. di konser ATL/ARTTM ntar mlm JAVA GAK nyiapin tempat penitipan brg seperti biasanya,so jgn bw barang berharga",Tidak Ada
"maaaaap ... di konser ATL/ARTTM ntar mlm JAVA GAK nyiapin tempat penitipan barang seperti biasanya, so jangan bw barang berharga ya..",Tidak Ada
"maaaaap .. di konser ATL/ARTTM ntar mlm JAVA GAK nyiapin tempat penitipan barang seperti biasanya, so jangan bw barang berharga ya..",Tidak Ada
"Minder itu bukan anak Imdonesia “@Just_Nuy: seringkali nulis,tp pas baca pny orang lain,berasa jelek banget,berasa gk berbakat,giman? :)”",Tidak Ada
"Kalo virgo belum kenal atau belum deket sama seseorang, mereka minder banget, tapi kalo udah kenal, wih orangnya rame!",Tidak Ada
"Kalo virgo udah pede, pasti pede banget. Tapi kalo udh minder, hem mereka cerewet guys:))",Tidak Ada
"@ali_iim_imran jadi sebulan beban kerjanya 176 jam kerja, normalnya 22 hari per hari 8 jam. masuk jam 8-17, tp it TEORI..hahahaa",Tidak Ada
"Tahan pecah akibat menahan beban, terjatuh, kondisi ekstrem lainnya, flexiblenya layar lengkung Ponsel LG, jadi penasaran dengan ponselnya",Tidak Ada
#Pengakuan RT @siwolu @YamahaIndonesia nah itu dia yg masih jadi beban pikiran gw bikin susah #MoveOn ;(,Ringan
Tugas kerajaan meringankan beban rakyat. Bukan menambah lagi beban rakyat. Kalau menambahkan lagi beban rakyat baik tak payah jadi kerajaan.,Tidak Ada
Berlatih beban merupakan cara efektif untuk membentuk otot lengan Anda jadi lebih kencang &amp; tdk menggelambir. #TrainingFacts,Tidak Ada
Nazri Aziz mula jadi beban kepada Umno? – Shahbudin Husin: Jika semalam Najib menyatakan tidak menjadi salahny...,Ringan
"@0MJINb circuit training itu gantinya cardio, jadi angkat beban masih diperlukan",Tidak Ada
Adakah Nazri Aziz mula jadi beban kepada Umno?,Ringan
Nazri Aziz mula jadi beban kepada Umno?,Ringan
"Nazri Aziz mula jadi beban kepada Umno? – Shahbudin Husin: Tidak sampai dua hari, PM Najib terpaksa menukar pe...",Ringan
"Memiliki passive income selain memiliki bisnis sampingan,penting utk hari tua. Tentu Anda tidak ingin jadi beban utk anak2 bukan?",Tidak Ada
"karena terlalu berat mengangkat beban, tangan Budi jadi ______",Tidak Ada
Ahok: Ngapain BUMD banyak tapi jadi beban Pemprov #Publik,Tidak Ada
Kesuksesan Justru Jadi Beban La Furia Roja,Ringan
"""Orang yang ga mau belajar adalah orang yang kurang ajar. Jadi beban masyarakat."" - @demasryan #TNO",Tidak Ada
Nikita Mirzani: Ini Jadi Beban Hidup Gue,Tidak Ada
Andrea Pirlo Ogah Jadi Beban Juventus | Mobile,Ringan
"Percuma punya anak kalau tidak sholat,malah jadi beban tambahan di akhirat bukan penambah amal shalih,sedang diri masih begitu banyak dosa",Ringan
"ngerasa nggak gagal jadi manusia, kalo dikasih sakit gini.",Tidak Ada
@ndorokakung @ratna_001 pemikiran seperti ini biasanya malah berpotensi jadi tambahan beban di batin. sembuh saja dulu :),Tidak Ada
"Yup! RT @IndriAkbari: kalau diwakafin semuanya (yg paling berharga) untuk bangun masjid deket rmh, masuk #sedekahekstrim gak bang?",Tidak Ada
Berlatih beban merupakan cara efektif untuk membentuk otot lengan Anda jadi lebih kencang &amp; tdk menggelambir. #TrainingFacts,Tidak Ada
"@Marwan_6770 diminta boleh, jangan sampai jadi beban dunia akhirat.. Diikhalisin jd sedekah jg boleh.. Diniatin cari ridho Allah..",Tidak Ada
"3. Simpen barang2 berharga, surat2 penting, &amp; perhiasan 4. Kalo misal tetangga sebelah gak mudik, kamu ""nitip"" rumah ke tetangga sebelah",Tidak Ada
"4. Selama mudik, pastikan gak meninggalkan barang berharga spt uang &amp; perhiasan di rumah. Agar lbh aman, simpan perhiasan &amp; uang di bank.",Tidak Ada
"Breangsek, dia gak pengen dia jadi beban hidup rp gue lagi . Astaga gue bener"" ngerasa brengsek lagi jujur gue sedih liatnya",Sedang
"Sebagai seorang ""stand up comedyan"" gua kadang ngerasa gagal kalo ada orang bilang gua ganteng, padahal gua ngejual kelucuan bukan tampang.",Tidak Ada
"(Mitos) Latihan beban akan mengubah Lemak jadi Otot. faktanya, membentuk otot akan membantu membakar lemak. #Training",Tidak Ada
"Semua beban kehidupan bisa diringankan dengan cara melepaskannya, kecuali hutang. Hutang jadi ringan kalau dibayar, bukan ngemplang!",Tidak Ada
"Jika pria ngerasa gagal membahagiakan, dia akan sangat mudah tergoda tempat lain yg bisa hargai fungsi penolongnya.",Tidak Ada
#cumanNANYA pernah kehilangan barang yang berharga gak? Apa? -@UceeyRmdni,Tidak Ada
"Percuma mandi, kalo kehadiran lo di mata si anu cuma jadi beban. Iya, beban. *melipir*",Ringan
kalau gak ada. paling cari lagi. hih RT @JiwaCewek: satu menit bersamamu lebih berharga daripada seumur hidup tanpamu,Tidak Ada
Ngapain juga gw mikirin lo yang gak pernah mikirin gw. Hidup gw lebih berharga di banding cinta palsu lo selama ini!!!,Tidak Ada
"jangan nyalahin orang lain kalau kamu merasa tiba-tiba punya banyak ""musuh"". coba cek diri sendiri, pernah ngelakuin apa?",Tidak Ada
...~~Gak butuh sesuatu yang mewah n berharga.....yang q butuh sesuatu yang mampu membuat hidupq bahagia~~....!!,Tidak Ada
Berlatih beban merupakan cara efektif untuk membentuk otot lengan Anda jadi lebih kencang. #TrainingFacts,Tidak Ada
@Muhammad_2105 betul bro 1set 15 repetisi.. penambahan beban bisa turunkan jadi 12repetisi.. semangat ya!,Tidak Ada
Liat dong itu kera sakti biarpun banyak halangan tapi tak jadi masalah dan takkan jadi beban pikiran~,Ringan
"baru ngerasa gak gagal jadi anak kelapa dua, setelah sekarang nongkrong di mcd kelapa dua. horeeeeeeee~",Tidak Ada
"bukan ku enggan fikirkan masa depan dan juga bukan ku tak berangan-angan, tapi ku enggan hidupku jadi beban, terkekang aturan yg mnyesatkan.",Ringan
"@Diar_FS saya kira, beban jalan pantura terlalu berat. apalagi dg petikemas besar. jalan jadi cepat rusak.",Tidak Ada
Jadi selama ini..... :s RT @bensilvi: Ya ampunn Wendi jago banget make high heelsnya.. *Ngerasa gagal jd cewe*,Tidak Ada
"Follower lama udah tau banget, cemburu adalah kerjaan orang minder. Yg selalu takut kalah sama orang lain.",Tidak Ada
"Mengerjakan sesuatu yang kita suka, secapek apapun, tetap nggak jadi beban. Bawaannya seneng aja. ^^",Sedang
"Gak bisa move on, berarti lo betah ngerasain kecewa, sakit hati, dan waktu berharga lo terbuang percuma. Think again.",Ringan
"Oh kan ada PECI.. @IvanLTS_: Oh FPI, tiap konvoi naik motor gak pake helm. Mungkin isi kepalanya gak berharga untuk dilindungin",Tidak Ada
"13.00 Lembaga Pemasyarakatan (LP) Tanjung Sari, Cikarang Utara segera jadi dan digunakan, untuk mengurangi beban LP Bulak Kapal",Tidak Ada
"Minder dah saya paula tinggi banget,.,, ayoo go follow ~&gt; @tonightshow_net Dah ada instagramnyah",Tidak Ada
"Kenapa beban revisi #PP462013 jadi ditimpakan ke mereka yg mengkritisi ya, bukan inisiatif yg membuatnya? @DitjenPajakRI @chandra_pajak",Tidak Ada
"TERPOPULER METRO - Jokowi: Semua Boleh ke Jakarta, Tapi Jangan Jadi Beban",Ringan
Muslim didominasi oleh wanita | maka dia bisa jadi beban berat buat Islam | namun juga bisa jadi penolong terbesar buat Islam :D,Ringan
"Jokowi: Semua Boleh ke Jakarta, Tapi Jangan Jadi Beban",Tidak Ada
"Kadang gua ngerasa gagal, yang follow gua banyakan alay, suka nyamber yang gak nyambung setiap ngetwit...",Tidak Ada
"Betul ""@roysalam: master plan ini mnawarkan ssuatu yg muluk2. Dananya byk menggunakan tangan BUMN &amp; Swasta, ujungnya ttp jadi beban rakyat.""",Tidak Ada
"Tergantung: hak publik apa yg diambil atau ditahan, beban apa yg jadi tanggungan masy dan apa dampak positif-negatif proyek itu @lilirini",Tidak Ada
Berlatih beban merupakan cara efektif untuk membentuk otot lengan Anda jadi lebih kencang. #TrainingFacts,Tidak Ada
"""Cinta beda usia itu seru pas PDKT, tapi pas dijalanin lebih jauh jadi beban, banyak hal seru yang justru malah ilang"" #DiaryAnka",Ringan
"Harus pede daripada minder :bRT @Arrraa23: Bell, lo kok pede banget sihh?? Bingung gue ...",Tidak Ada
Naah RT @joprasi: Ngerasa gagal sbg fans @ladygaga pas nonton Just Alvin @alvinadam ! Bisa2 ga tau (cont),Tidak Ada
"Masa lalu tak perlu lagi jadi beban, bila tak sudi jadi pembantu,- Pramoedya Ananta Toer #AnginMalam",Ringan
"Cewek seneng kalo dianggap berharga. Ya dihargain gitu usahanya, perjuangannya, &amp; sebagainya. Jgn malah dibuat gak berharga.",Tidak Ada
Kadang dengan menangis beban rinduku jadi berkurang...,Tidak Ada
"Kata Tuhan, jangan beri mutiara ke babi. Maksudnya jgn beri sesuatu yg berharga sm orang2 yg gak tau menghargai sesuatu yg berharga itu",Tidak Ada
"Aq jg don RT @donooo182: Sbg comic saya minder banget liat perform #TACLTour nya @Adriandhy brooh, emang juara nih orang #StandingApplause",Tidak Ada
"Sbg comic saya minder banget liat perform #TACLTour nya @Adriandhy brooh, emang juara nih orang #StandingApplause",Tidak Ada
"Ada yang suka ngatain orang, 'eh gendut banget sih lo, blablabla' dengan nada bercanda, tanpa tau yang dibecandain makin minder.",Tidak Ada
"Kata mas @jody_waroeng:""yg berharga di bisnisku adalah seluruh karyawanku jd santriku.. Itu gak ternilai harganya sap!"" ► kuerrreeeen!",Tidak Ada
"@NitaSellya @dewangeee biar gak jadi beban, nanti ada yang ngomong gini lagi "" si adjis temennya gak dikasih tau padahal sarjana"" gitu :))",Tidak Ada
@tehpocii Yup.. Gak memungkiri ada orang yang berpikir duit itu lebih berharga daripada waktu untuk berkumpul di rumah bareng keluarga. :),Tidak Ada
"Ngantri 2 jam, buat menuhin bensin motor demi bensin yg 2 ribu lbh murah. 2000x4 = 8000, gak sepadan ama waktu yg berharga.",Tidak Ada
Kamu sadar nggak kalimat kamu minder banget? RT @mutymaharani: Gmn kl dia jd ilfil m kita?,Tidak Ada
"Kamu sadar nggak kalimat kamu minder banget? Padahal itu pacar. RT @nissazki: Tapi kl blak-blakan nanti dikira banyak mau :"") gmn dong",Tidak Ada
"Kamu #GakBisaMoveOn soalnya kamu berpikir masa lalu itu berharga, walaupun sebenarnya gak penting | #SILIWANGI with @iqballaas #AsikinAja",Tidak Ada
"5 menit itu berharga banget bagi dia, seenggaknya kamu ada usaha untuk ngabarin, ngasih tau dan bikin dia gak khawatir.",Tidak Ada
@biascakra kalo gaka duit simpen aja duitnya broh buat beli yang lain.. jangan sampe jadi beban..,Tidak Ada
"@RudiRuantoni banyak biaya non-teknis jadi beban produsen. Namanya ""biaya politik"".",Tidak Ada
@MohammedAziz09 lakukan aja olahraga yang paling kamu suka dan kuasai shgg ga jadi beban. Sukanya olahraga apa?,Tidak Ada
"You too ! *Rival Abadi :) @TeamRonaldoID: Salut ane same ente! Messi juga jago :D RT @Lionel_Messi_ID: wlwpun 1, Tp itu sngat berharga. Gak",Tidak Ada
"wlwpun 1, Tp itu sngat berharga. Gak smua pmain punya itu CR! :D RT @TeamRonaldoID: Ane juga punya Messi!!! Just One -_- RT Lionel_Messi_ID:",Tidak Ada
Kamu jadiannya beneran krn kamu keren apa hoki sih? Minder banget. =| RT @Yebyeb_: kalo pacar kita bergaul 'lagi' sama mantannya gimana? :-|,Tidak Ada
"Ibu slalu berusaha jadi motivator untukmu melanjutkan pendidikan. Ayah slalu brusaha menanggung beban biaya, jangan siakan dgn bermalas2an..",Tidak Ada
"Info sari KA PLN wkt itu, balikpapan ini mencapai beban puncak kira"" pd pukul 08.00 mlm (kl ga slh ingat), jadi ....",Tidak Ada
"8.Jadi, secara neto, setiap ada kenaikan harga minyak sebesar US$1/barel, APBN harus menanggung beban tambahan Rp2,28 T #subsidi",Tidak Ada
"Hey.. Letakkan penamu! Berhentilah menitipkan beban hatimu padaku! Kebodohanmu, ketakutanmu, penyesalanmu, slalu jadi organ tubuhku.",Tidak Ada
Engkau sangat boleh kaya raya.. Namun ketenangan hidupmu lebih berharga dari itu semua.. *kaya tp dr nyolong gak bakal tenang deh.. percayaa,Tidak Ada
"Masa lalu tak perlu jadi beban, bila tak sudi jadi pembantu.",Ringan
"Ada 2 tipe pacar : 1. Yang berani mutusin 2. Yang bikin pacarnya nggak nyaman biar diputusin, jadi nggak ada beban.",Tidak Ada
"Yusuf: Harus Menang Jadi Beban, Ronny: Motivasi Lagi Tinggi: Pelatih kepala Persib U21 mengakui, keharusan tim...",Tidak Ada
"Yusuf: Harus Menang Jadi Beban, Ronny: Motivasi Lagi Tinggi | | pic:",Tidak Ada
Jadi hati hati makan gula pasir bisa meningkatkan beban pankreas...potensi diabetes #TerapiDiabetes,Tidak Ada
Buya Syafii: Mayoritas Jangan Jadi Beban Sejarah,Tidak Ada
Sufistik banget: Sebaik2 kunjungan adalah menunjungi diri sendiri @_oaln_: Timnas maen tandang di negerinya #minder,Tidak Ada
Yaallah kepikiran gini-_- Sampe kapan pun bakal jadi beban sayaa ini-__-,Ringan
"Cewek-cewek pasti minder kalo mau ngajakin Ultramen jalan. Tinggi banget, bro",Tidak Ada
Jadi werewolf itu ternyata beban mental. *sigh*,Tidak Ada
Gak ada yg lebih berharga saat kamu bisa rutin bertemu dengan orang yg dicintai dan bisa berbagi cerita dengannya.,Tidak Ada
"@faizalbix bro mending cari yang biasa aja tapi nyaman, daripada cantik malah bikin sakit dan jadi beban :)",Tidak Ada
Imam Samudera saja siap menanggung hukuman :) RT @pandie027: Belom siap jadi imam yang menanggung beban keluarga,Tidak Ada
"Melakukan latihan yg sama tiap kali berlatih bs bikin bosan. Jadi, tingkatkan beban latihan utk meningkatkan hasilnya. #FitnesFacts",Tidak Ada
Kadang memang main di klub besar itu jadi beban. Pemain ini malah senang bisa keluar:,Ringan
"Jadi kadang bersyukur kalo dapet pasangan yang lebih segalanya dari kita, kadang juga jadi beban, takut sendiri.",Ringan
"Makanya ganti Kuda Hitam saja :P RT @IntanParamitha: Banteng merah gagal di sumut, jabar, dan BALI. Ihik. Dan masih ngerasa populer.",Tidak Ada
kejadian ini harus menjadi pelajaran yang berharga dan mudah2an gak terulang lagi :(,Tidak Ada
Ya ndak pantes. Tapi mdh2an bisa juga jadi beban mental/tanggung jawab menuju perbaikan sikap @Benni_Setiaone:ttng Stateman Award untuk SBY?,Tidak Ada
gimana mimin ga ngerasa firasat ga enak orang vote gagal terus!!,Tidak Ada
Tribun Jakarta PKS Jadi Beban Setgab Koalisi: pengungkapan secara gamblang modus operan...,Tidak Ada
"Belajarlah untuk bisa menerima keadaan, karena memaksakan diri hanya akan jadi beban kehidupan.",Ringan
"Melakukan latihan yg sama tiap kali berlatih bs bikin bosan. Jadi, tingkatkan beban latihan utk meningkatkan hasilnya. #FitnesFacts",Tidak Ada
#Pisces nimau mo jadi beban pa orang laeng.,Ringan
Apa saya jadi beban dikantor jika saya belom menikah. knp mereka yg sibuk. Tuhan aja belom ijinkan aku nikah kenapa mereka yg kebelet,Ringan
"Dikasih quote dr @KitabHikam ""Bila kamu berhasil membereskan dirimu jadi org baik, maka beban org tuamu akan hilang."" Mantafff Bib",Tidak Ada
"“@d_cakrawala: enak jadi pengacara atau jadi menteri pak,,??? ""tdk ada jabatan yg enak, semua itu beban dan tanggungjawab",Tidak Ada
"Jika kamu mempunyai masalah jangan jadi kan itu beban , tapi jadi kan itu rintangan yg harus kamu lewati",Tidak Ada
Keberanian Memikul Beban bisa jadi Kunci Sukses di Masa Depan,Tidak Ada
Pengendalian Moneter Jadi Beban Terberat BI,Ringan
"Joe Taslim: Jadi Beban Bila Tak Bawa Nama Baik Indonesia: Bermain dalam film sekelas Fast &amp;amp; Furios 6, tida...",Tidak Ada
Kadang pengen jadi anak kecil yang engga punya beban apa-apa. (@MemaduRindu),Tidak Ada
NIH @AnnissaFauziah: @axltwentynine: Tdk semua kebaikan yg Anda lakukan dihargai org lain. Lakukanlah dgn IKHLAS agar tdk jadi beban di hati,Tidak Ada
Tragedi Trisakti Akan Jadi Beban Sejarah Generasi Muda: @Masinton,Tidak Ada
"Ban-ban hidup ini sungguh berat. Biar lebih ringan, mari diringkas jadi beban. #asasarua",Ringan
Sekedar bertanya;knp polisi kita giat nangkapi imigran Timur Tengah yg mau keAustralia? Akibatnya mrk jadi beban RI.Dapat apa RI dr Aussie?,Ringan
"Tak Tuntas, Tragedi Trisakti Jadi Beban Sejarah",Ringan
"Tak Tuntas, Tragedi Trisakti Jadi Beban Sejarah",Ringan
"Terlalu sweet sama pacar nggak bagus. Emang awalnya bikin luluh, tapi lama-lama jadi beban. - Nasehat dari @myaharyono",Tidak Ada
‘Penggeli pundi-pundi’ jadi beban kepada Najib,Ringan
"ternyata gue masih ngerasain juga yang namanya ulang tahun, alhamdulilah. *Ngerasa Gak Gagal Jadi Manusia*",Tidak Ada
"#TipsSkripsi jangan nyalahin dosen pembimbing. Liat diri sendiri, mungkin terlalu banyak ngikutin rasa malas utk revisi?",Tidak Ada
Saya cuba jadi anak yang baik pasai saya risau dapat anak yang nakal. Kesian kat wife saya. Tak cukup lagikah beban dia dapat suami pelik,Tidak Ada
Orang posesif &amp; insecure krn minder. Berpikir di luar sana ada banyak banget orang yg lebih baik darinya.,Tidak Ada
"aku lelah menanggung beban ini sendiri, aku butuh kamu untuk meringankan dan membuatnya jadi terasa lebih baik :(",Ringan
Karena hidup adalah perjalanan ke pengadilan; mari perbanyak mengubah beban jadi bekal; penuntut jadi pembela. Kembali ke Kobe; mohon doa:),Tidak Ada
Dengan ini @liendwisa resmi jadi BEBAN HIDUP-nya @alrizkyalhuda ... Ehhh TEMAN HIDUP!! Wihh @tulusm lagi laku nih! | #ARDANembak,Tidak Ada
Tidak pernah menambah beban atau tidak mengubah pola latihan bisa jadi salah satu kegagalan proses transformasimu. #LTips,Tidak Ada
Karena kamu minder. RT @vHienyunyu2: kenapa aku takut banget kehilangan cowo aku?,Tidak Ada
#SabdaJomblo Negara tdk memerlukan warga negara yg lemah utk menambah beban. Jomblo ga masuk perlindungan di UUD 45. Jadi jangan lemah!,Tidak Ada
Klo kebagusan ntar malah jadi beban. Klo g bagus koq kayanya gimana gitu,Ringan
@jakfarfauvis @FauzanMoveID @superdoraemon Insya Allah gak jadi beban.. makanya harus dibawa santai dan humor sesekali.. :),Tidak Ada
Stroke Jadi Beban Penyakit Terbesar di Indonesia via @detikhealth,Tidak Ada
Stroke Jadi Beban Penyakit Terbesar di Indonesia,Ringan
"Msia hanya maju jika kesihatan rakyat dijaga baik tanpa jadi beban ekonomi berat. Dgn reformasi sistem kesihatan, kesihatan semua terjamin.",Ringan
Eko Patrio: Selebritas Beban jadi Caleg,Tidak Ada
"Jadi Polisi, Bucek Depp Tak Ada Beban: Berperan sebagai polisi di film terbarunya, Napza, Bucek Depp mengaku t...",Tidak Ada
"#KONCI Nessa bilang ""ayah saya udah meninggal, nggak adil kalo saya masih jadi beban buat ibu saya""",Ringan
"@just_hanafi23 latihan beban, fitness, kelas body-pump, atau body-combat bisa jadi pilihan anda bro.",Tidak Ada
"Kalo pacaran cuma jadi beban pikiran, buat apa lo jalanin? Mending jomblo sekalian, pikiran bebas, happy teruss. :D #DK",Ringan
Berlatih beban merupakan cara efektif untuk membentuk otot lengan Anda jadi lebih kencang &amp; tdk menggelambir. #TrainingFacts,Tidak Ada
Bibit: Wanita Harus Diberdayakan Biar Tak Jadi Beban,Tidak Ada
"#Wanita 37. Wanita yg kurang Agama &amp; ILMU akan menjadi beban bagi Lingkungannya, dan tidak akan bisa jadi Pahlawan Wanita bagi Keluarganya..",Ringan
"Kalo suatu saat ngerasa gagal, inget sama kata-kata: ""habis gelap terbitlah terang"" smoga bisa nyemangatin &amp; menginspirasi Aslovers semua :)",Tidak Ada
"Sebagai anak ekonomi, ane ngerasa gagal.",Tidak Ada
"Jadi Plt Menkeu, Beban Hatta Dinilai Terlalu Berat",Tidak Ada
Muhaimin: Kaum muda jangan jadi beban bangsa #SINDOnews,Tidak Ada
"Menteri ESDM: Kalau BBM Tidak Naik, Jadi Beban",Tidak Ada
Berlatih beban merupakan cara efektif untuk membentuk otot lengan Anda jadi lebih kencang. #TrainingFacts,Tidak Ada
"@bene_dion oh, jadi beban ya di dalam sana? :))",Tidak Ada
"cari pacar tuh, gak perlu kaya gak perlu banyak banda, yang penting sayang kita, itu udah cukup berharga.",Tidak Ada
"Iya nih, udah ah. Pembahasan berat2an ditutup. Lebih berat lagi beban hidup -_- | @gilbertmaverick: Mendadak jadi guru nih :D",Tidak Ada
"#suarabpn | @balikpapan_runn: pemikiran saya krn kenaikan UMR jelas perusahaan jg harus menanggung beban lebih, jadi wajar kl tarif jg naik",Tidak Ada
"Nomer telpon kamu cantik banget, semua nomer telpon di henpon aku pada minder~",Tidak Ada
SEPUTAR JOGJA : Label Nyaman Bisa Jadi Beban Jogja,Tidak Ada
"Sesuai imanmu, jadi padamu “@sammy0809SmrgkR: Latihan beban ini berat sekali....tp tak seberat penantianku mengeluarkan album.....”",Tidak Ada
"“Meskipun ini mmbuat beban dipunggungmu, tp semua ini adlh takdir. Jadi lakukanlah apa yg sharusnya kau lakukan” – Rooftop Prince.",Tidak Ada
"BUMN tidak lagi ""dilindungi"" biarpun merugi. Karena sudah jadi milik publik, mereka pun harus berkompetisi. Tidak lagi jadi beban negara.",Ringan
someone said.. ternyata punya pacar itu bisa jadi beban..,Ringan
